{"type": "FeatureCollection", "features": [{"type": "Feature", "geometry": {"type": "LineString", "coordinates": [[4.806224878039535, 52.3547511938779], [4.806248579813356, 52.3547179384678]]}, "properties": {"Speed": 0.3, "road_quality": 2, "marker": 3, "trip_id": "Febru_Trip2", "hrot_diff": 1, "sample_diff": 584, "time_diff_s": 11.68, "gps_distance_m": 4.0, "original_speed": "0", "wheel_diameter_mm": 711.0003997802734}}, {"type": "Feature", "geometry": {"type": "LineString", "coordinates": [[4.806248579813356, 52.3547179384678], [4.806285372701979, 52.35471006863378]]}, "properties": {"Speed": 8.7, "road_quality": 2, "marker": 7, "trip_id": "Febru_Trip2", "hrot_diff": 1, "sample_diff": 23, "time_diff_s": 0.46, "gps_distance_m": 2.6, "original_speed": "675", "wheel_diameter_mm": 711.0003997802734}}, {"type": "Feature", "geometry": {"type": "LineString", "coordinates": [[4.806285372701979, 52.35471006863378], [4.806324445211741, 52.354714970780044]]}, "properties": {"Speed": 10.6, "road_quality": 2, "marker": 7, "trip_id": "Febru_Trip2", "hrot_diff": 1, "sample_diff": 19, "time_diff_s": 0.38, "gps_distance_m": 2.7, "original_speed": "1041", "wheel_diameter_mm": 711.0003997802734}}, {"type": "Feature", "geometry": {"type": "LineString", "coordinates": [[4.806324445211741, 52.354714970780044], [4.806371500556051, 52.35472886153487]]}, "properties": {"Speed": 12.6, "road_quality": 2, "marker": 7, "trip_id": "Febru_Trip2", "hrot_diff": 1, "sample_diff": 16, "time_diff_s": 0.32, "gps_distance_m": 3.5, "original_speed": "1376", "wheel_diameter_mm": 711.0003997802734}}, {"type": "Feature", "geometry": {"type": "LineString", "coordinates": [[4.806371500556051, 52.35472886153487], [4.806420582010856, 52.3547481384723]]}, "properties": {"Speed": 13.4, "road_quality": 2, "marker": 7, "trip_id": "Febru_Trip2", "hrot_diff": 1, "sample_diff": 15, "time_diff_s": 0.3, "gps_distance_m": 4.0, "original_speed": "1485", "wheel_diameter_mm": 711.0003997802734}}, {"type": "Feature", "geometry": {"type": "LineString", "coordinates": [[4.806420582010856, 52.3547481384723], [4.8064718369707995, 52.35476035189869]]}, "properties": {"Speed": 15.5, "road_quality": 2, "marker": 7, "trip_id": "Febru_Trip2", "hrot_diff": 1, "sample_diff": 13, "time_diff_s": 0.26, "gps_distance_m": 3.7, "original_speed": "1694", "wheel_diameter_mm": 711.0003997802734}}, {"type": "Feature", "geometry": {"type": "LineString", "coordinates": [[4.8064718369707995, 52.35476035189869], [4.806527856194533, 52.354773058996585]]}, "properties": {"Speed": 13.4, "road_quality": 2, "marker": 7, "trip_id": "Febru_Trip2", "hrot_diff": 1, "sample_diff": 15, "time_diff_s": 0.3, "gps_distance_m": 4.1, "original_speed": "1801", "wheel_diameter_mm": 711.0003997802734}}, {"type": "Feature", "geometry": {"type": "LineString", "coordinates": [[4.806527856194533, 52.354773058996585], [4.806578033601633, 52.35478522534644]]}, "properties": {"Speed": 13.4, "road_quality": 2, "marker": 7, "trip_id": "Febru_Trip2", "hrot_diff": 1, "sample_diff": 15, "time_diff_s": 0.3, "gps_distance_m": 3.7, "original_speed": "1694", "wheel_diameter_mm": 711.0003997802734}}, {"type": "Feature", "geometry": {"type": "LineString", "coordinates": [[4.806578033601633, 52.35478522534644], [4.8066276971369675, 52.35479461069401]]}, "properties": {"Speed": 10.1, "road_quality": 2, "marker": 7, "trip_id": "Febru_Trip2", "hrot_diff": 1, "sample_diff": 20, "time_diff_s": 0.4, "gps_distance_m": 3.5, "original_speed": "1500", "wheel_diameter_mm": 711.0003997802734}}, {"type": "Feature", "geometry": {"type": "LineString", "coordinates": [[4.8066276971369675, 52.35479461069401], [4.8066644220677555, 52.35479779287935]]}, "properties": {"Speed": 11.8, "road_quality": 2, "marker": 7, "trip_id": "Febru_Trip2", "hrot_diff": 1, "sample_diff": 17, "time_diff_s": 0.34, "gps_distance_m": 2.5, "original_speed": "1388", "wheel_diameter_mm": 711.0003997802734}}, {"type": "Feature", "geometry": {"type": "LineString", "coordinates": [[4.8066644220677555, 52.35479779287935], [4.806694452562137, 52.35479431332974]]}, "properties": {"Speed": 15.5, "road_quality": 2, "marker": 7, "trip_id": "Febru_Trip2", "hrot_diff": 1, "sample_diff": 13, "time_diff_s": 0.26, "gps_distance_m": 2.1, "original_speed": "1769", "wheel_diameter_mm": 711.0003997802734}}, {"type": "Feature", "geometry": {"type": "LineString", "coordinates": [[4.806694452562137, 52.35479431332974], [4.806731916975095, 52.354767011609795]]}, "properties": {"Speed": 16.8, "road_quality": 2, "marker": 7, "trip_id": "Febru_Trip2", "hrot_diff": 1, "sample_diff": 12, "time_diff_s": 0.24, "gps_distance_m": 4.0, "original_speed": "1886", "wheel_diameter_mm": 711.0003997802734}}, {"type": "Feature", "geometry": {"type": "LineString", "coordinates": [[4.806731916975095, 52.354767011609795], [4.806731467734362, 52.354735173612475]]}, "properties": {"Speed": 13.4, "road_quality": 2, "marker": 7, "trip_id": "Febru_Trip2", "hrot_diff": 1, "sample_diff": 15, "time_diff_s": 0.3, "gps_distance_m": 3.5, "original_speed": "1923", "wheel_diameter_mm": 711.0003997802734}}, {"type": "Feature", "geometry": {"type": "LineString", "coordinates": [[4.806731467734362, 52.354735173612475], [4.806724455576497, 52.35469850820708]]}, "properties": {"Speed": 16.8, "road_quality": 2, "marker": 7, "trip_id": "Febru_Trip2", "hrot_diff": 1, "sample_diff": 12, "time_diff_s": 0.24, "gps_distance_m": 4.1, "original_speed": "1869", "wheel_diameter_mm": 711.0003997802734}}, {"type": "Feature", "geometry": {"type": "LineString", "coordinates": [[4.806724455576497, 52.35469850820708], [4.806720674806711, 52.35465530837718]]}, "properties": {"Speed": 15.5, "road_quality": 2, "marker": 7, "trip_id": "Febru_Trip2", "hrot_diff": 1, "sample_diff": 13, "time_diff_s": 0.26, "gps_distance_m": 4.8, "original_speed": "2016", "wheel_diameter_mm": 711.0003997802734}}, {"type": "Feature", "geometry": {"type": "LineString", "coordinates": [[4.806720674806711, 52.35465530837718], [4.8067236316704, 52.35461433903754]]}, "properties": {"Speed": 28.7, "road_quality": 2, "marker": 7, "trip_id": "Febru_Trip2", "hrot_diff": 1, "sample_diff": 7, "time_diff_s": 0.14, "gps_distance_m": 4.6, "original_speed": "1960", "wheel_diameter_mm": 711.0003997802734}}, {"type": "Feature", "geometry": {"type": "LineString", "coordinates": [[4.8067236316704, 52.35461433903754], [4.806743881316645, 52.35457581137474]]}, "properties": {"Speed": 16.8, "road_quality": 2, "marker": 7, "trip_id": "Febru_Trip2", "hrot_diff": 1, "sample_diff": 12, "time_diff_s": 0.24, "gps_distance_m": 4.5, "original_speed": "2000", "wheel_diameter_mm": 711.0003997802734}}, {"type": "Feature", "geometry": {"type": "LineString", "coordinates": [[4.806743881316645, 52.35457581137474], [4.806769992219436, 52.354544430255295]]}, "properties": {"Speed": 18.3, "road_quality": 2, "marker": 7, "trip_id": "Febru_Trip2", "hrot_diff": 1, "sample_diff": 11, "time_diff_s": 0.22, "gps_distance_m": 3.9, "original_speed": "2000", "wheel_diameter_mm": 711.0003997802734}}, {"type": "Feature", "geometry": {"type": "LineString", "coordinates": [[4.806769992219436, 52.354544430255295], [4.806788664599847, 52.354511071528925]]}, "properties": {"Speed": 16.8, "road_quality": 2, "marker": 7, "trip_id": "Febru_Trip2", "hrot_diff": 1, "sample_diff": 12, "time_diff_s": 0.24, "gps_distance_m": 3.9, "original_speed": "2000", "wheel_diameter_mm": 711.0003997802734}}, {"type": "Feature", "geometry": {"type": "LineString", "coordinates": [[4.806788664599847, 52.354511071528925], [4.806808642717824, 52.35447320387867]]}, "properties": {"Speed": 16.8, "road_quality": 2, "marker": 7, "trip_id": "Febru_Trip2", "hrot_diff": 1, "sample_diff": 12, "time_diff_s": 0.24, "gps_distance_m": 4.4, "original_speed": "2100", "wheel_diameter_mm": 711.0003997802734}}, {"type": "Feature", "geometry": {"type": "LineString", "coordinates": [[4.806808642717824, 52.35447320387867], [4.8068385289077415, 52.35443828270438]]}, "properties": {"Speed": 16.8, "road_quality": 2, "marker": 7, "trip_id": "Febru_Trip2", "hrot_diff": 1, "sample_diff": 12, "time_diff_s": 0.24, "gps_distance_m": 4.4, "original_speed": "2173", "wheel_diameter_mm": 711.0003997802734}}, {"type": "Feature", "geometry": {"type": "LineString", "coordinates": [[4.8068385289077415, 52.35443828270438], [4.806859931443644, 52.354401224368424]]}, "properties": {"Speed": 20.1, "road_quality": 2, "marker": 7, "trip_id": "Febru_Trip2", "hrot_diff": 1, "sample_diff": 10, "time_diff_s": 0.2, "gps_distance_m": 4.4, "original_speed": "2136", "wheel_diameter_mm": 711.0003997802734}}, {"type": "Feature", "geometry": {"type": "LineString", "coordinates": [[4.806859931443644, 52.354401224368424], [4.806875168656161, 52.354360223291934]]}, "properties": {"Speed": 18.3, "road_quality": 2, "marker": 7, "trip_id": "Febru_Trip2", "hrot_diff": 1, "sample_diff": 11, "time_diff_s": 0.22, "gps_distance_m": 4.7, "original_speed": "2173", "wheel_diameter_mm": 711.0003997802734}}, {"type": "Feature", "geometry": {"type": "LineString", "coordinates": [[4.806875168656161, 52.354360223291934], [4.80690707777969, 52.35432131239628]]}, "properties": {"Speed": 22.3, "road_quality": 2, "marker": 7, "trip_id": "Febru_Trip2", "hrot_diff": 1, "sample_diff": 9, "time_diff_s": 0.18, "gps_distance_m": 4.8, "original_speed": "2314", "wheel_diameter_mm": 711.0003997802734}}, {"type": "Feature", "geometry": {"type": "LineString", "coordinates": [[4.80690707777969, 52.35432131239628], [4.806923368575777, 52.35427842702315]]}, "properties": {"Speed": 16.8, "road_quality": 2, "marker": 7, "trip_id": "Febru_Trip2", "hrot_diff": 1, "sample_diff": 12, "time_diff_s": 0.24, "gps_distance_m": 4.9, "original_speed": "2336", "wheel_diameter_mm": 711.0003997802734}}, {"type": "Feature", "geometry": {"type": "LineString", "coordinates": [[4.806923368575777, 52.35427842702315], [4.806935839960066, 52.35423537284814]]}, "properties": {"Speed": 19.3, "road_quality": 2, "marker": 7, "trip_id": "Febru_Trip2", "hrot_diff": 1, "sample_diff": 10, "time_diff_s": 0.208, "gps_distance_m": 4.9, "original_speed": "2380", "wheel_diameter_mm": 711.0003997802734}}, {"type": "Feature", "geometry": {"type": "LineString", "coordinates": [[4.806935839960066, 52.35423537284814], [4.806955556981676, 52.35419580924762]]}, "properties": {"Speed": 22.3, "road_quality": 2, "marker": 7, "trip_id": "Febru_Trip2", "hrot_diff": 1, "sample_diff": 9, "time_diff_s": 0.18, "gps_distance_m": 4.6, "original_speed": "2427", "wheel_diameter_mm": 711.0003997802734}}, {"type": "Feature", "geometry": {"type": "LineString", "coordinates": [[4.806955556981676, 52.35419580924762], [4.806988283622844, 52.35415323348179]]}, "properties": {"Speed": 25.1, "road_quality": 2, "marker": 7, "trip_id": "Febru_Trip2", "hrot_diff": 1, "sample_diff": 8, "time_diff_s": 0.16, "gps_distance_m": 5.2, "original_speed": "2427", "wheel_diameter_mm": 711.0003997802734}}, {"type": "Feature", "geometry": {"type": "LineString", "coordinates": [[4.806988283622844, 52.35415323348179], [4.80701371927676, 52.354104358777306]]}, "properties": {"Speed": 25.1, "road_quality": 2, "marker": 7, "trip_id": "Febru_Trip2", "hrot_diff": 1, "sample_diff": 8, "time_diff_s": 0.16, "gps_distance_m": 5.7, "original_speed": "2500", "wheel_diameter_mm": 711.0003997802734}}, {"type": "Feature", "geometry": {"type": "LineString", "coordinates": [[4.80701371927676, 52.354104358777306], [4.807040777373364, 52.35405949538785]]}, "properties": {"Speed": 25.1, "road_quality": 2, "marker": 7, "trip_id": "Febru_Trip2", "hrot_diff": 1, "sample_diff": 8, "time_diff_s": 0.16, "gps_distance_m": 5.3, "original_speed": "2475", "wheel_diameter_mm": 711.0003997802734}}, {"type": "Feature", "geometry": {"type": "LineString", "coordinates": [[4.807040777373364, 52.35405949538785], [4.8070646457639, 52.35401253658016]]}, "properties": {"Speed": 28.7, "road_quality": 2, "marker": 7, "trip_id": "Febru_Trip2", "hrot_diff": 1, "sample_diff": 7, "time_diff_s": 0.14, "gps_distance_m": 5.5, "original_speed": "2500", "wheel_diameter_mm": 711.0003997802734}}, {"type": "Feature", "geometry": {"type": "LineString", "coordinates": [[4.8070646457639, 52.35401253658016], [4.807091862509568, 52.353968549580664]]}, "properties": {"Speed": 18.3, "road_quality": 2, "marker": 7, "trip_id": "Febru_Trip2", "hrot_diff": 1, "sample_diff": 11, "time_diff_s": 0.22, "gps_distance_m": 5.2, "original_speed": "2564", "wheel_diameter_mm": 711.0003997802734}}, {"type": "Feature", "geometry": {"type": "LineString", "coordinates": [[4.807091862509568, 52.353968549580664], [4.807128069440908, 52.35392452177895]]}, "properties": {"Speed": 22.3, "road_quality": 2, "marker": 7, "trip_id": "Febru_Trip2", "hrot_diff": 1, "sample_diff": 9, "time_diff_s": 0.18, "gps_distance_m": 5.5, "original_speed": "2542", "wheel_diameter_mm": 711.0003997802734}}, {"type": "Feature", "geometry": {"type": "LineString", "coordinates": [[4.807128069440908, 52.35392452177895], [4.807159525084415, 52.35388372764866]]}, "properties": {"Speed": 22.3, "road_quality": 2, "marker": 7, "trip_id": "Febru_Trip2", "hrot_diff": 1, "sample_diff": 9, "time_diff_s": 0.18, "gps_distance_m": 5.0, "original_speed": "2427", "wheel_diameter_mm": 711.0003997802734}}, {"type": "Feature", "geometry": {"type": "LineString", "coordinates": [[4.807159525084415, 52.35388372764866], [4.807182644981588, 52.35384130849779]]}, "properties": {"Speed": 18.3, "road_quality": 2, "marker": 7, "trip_id": "Febru_Trip2", "hrot_diff": 1, "sample_diff": 11, "time_diff_s": 0.22, "gps_distance_m": 5.0, "original_speed": "2358", "wheel_diameter_mm": 711.0003997802734}}, {"type": "Feature", "geometry": {"type": "LineString", "coordinates": [[4.807182644981588, 52.35384130849779], [4.807195630658702, 52.35379788103967]]}, "properties": {"Speed": 20.1, "road_quality": 2, "marker": 7, "trip_id": "Febru_Trip2", "hrot_diff": 1, "sample_diff": 10, "time_diff_s": 0.2, "gps_distance_m": 4.9, "original_speed": "2272", "wheel_diameter_mm": 711.0003997802734}}, {"type": "Feature", "geometry": {"type": "LineString", "coordinates": [[4.807195630658702, 52.35379788103967], [4.807213931669505, 52.35375621223937]]}, "properties": {"Speed": 16.8, "road_quality": 2, "marker": 7, "trip_id": "Febru_Trip2", "hrot_diff": 1, "sample_diff": 12, "time_diff_s": 0.24, "gps_distance_m": 4.8, "original_speed": "2136", "wheel_diameter_mm": 711.0003997802734}}, {"type": "Feature", "geometry": {"type": "LineString", "coordinates": [[4.807213931669505, 52.35375621223937], [4.807237438331526, 52.35372258352672]]}, "properties": {"Speed": 11.8, "road_quality": 2, "marker": 7, "trip_id": "Febru_Trip2", "hrot_diff": 1, "sample_diff": 17, "time_diff_s": 0.34, "gps_distance_m": 4.1, "original_speed": "1886", "wheel_diameter_mm": 711.0003997802734}}, {"type": "Feature", "geometry": {"type": "LineString", "coordinates": [[4.807237438331526, 52.35372258352672], [4.807258758088299, 52.353698362554674]]}, "properties": {"Speed": 7.4, "road_quality": 2, "marker": 7, "trip_id": "Febru_Trip2", "hrot_diff": 1, "sample_diff": 27, "time_diff_s": 0.54, "gps_distance_m": 3.1, "original_speed": "1587", "wheel_diameter_mm": 711.0003997802734}}, {"type": "Feature", "geometry": {"type": "LineString", "coordinates": [[4.807258758088299, 52.353698362554674], [4.807276679315435, 52.35367946466469]]}, "properties": {"Speed": 8.0, "road_quality": 2, "marker": 7, "trip_id": "Febru_Trip2", "hrot_diff": 1, "sample_diff": 25, "time_diff_s": 0.5, "gps_distance_m": 2.4, "original_speed": "1293", "wheel_diameter_mm": 711.0003997802734}}, {"type": "Feature", "geometry": {"type": "LineString", "coordinates": [[4.807276679315435, 52.35367946466469], [4.80728912967937, 52.35366495512012]]}, "properties": {"Speed": 6.9, "road_quality": 2, "marker": 7, "trip_id": "Febru_Trip2", "hrot_diff": 1, "sample_diff": 29, "time_diff_s": 0.58, "gps_distance_m": 1.8, "original_speed": "1041", "wheel_diameter_mm": 711.0003997802734}}, {"type": "Feature", "geometry": {"type": "LineString", "coordinates": [[4.80728912967937, 52.35366495512012], [4.807296409638251, 52.35364967091251]]}, "properties": {"Speed": 5.0, "road_quality": 2, "marker": 7, "trip_id": "Febru_Trip2", "hrot_diff": 1, "sample_diff": 40, "time_diff_s": 0.8, "gps_distance_m": 1.8, "original_speed": "1000", "wheel_diameter_mm": 711.0003997802734}}, {"type": "Feature", "geometry": {"type": "LineString", "coordinates": [[4.807296409638251, 52.35364967091251], [4.807304610860288, 52.35363605292565]]}, "properties": {"Speed": 4.4, "road_quality": 2, "marker": 7, "trip_id": "Febru_Trip2", "hrot_diff": 1, "sample_diff": 46, "time_diff_s": 0.92, "gps_distance_m": 1.6, "original_speed": "826", "wheel_diameter_mm": 711.0003997802734}}, {"type": "Feature", "geometry": {"type": "LineString", "coordinates": [[4.807304610860288, 52.35363605292565], [4.807308225987369, 52.35363549494498]]}, "properties": {"Speed": 0.6, "road_quality": 2, "marker": 7, "trip_id": "Febru_Trip2", "hrot_diff": 1, "sample_diff": 332, "time_diff_s": 6.64, "gps_distance_m": 0.3, "original_speed": "645", "wheel_diameter_mm": 711.0003997802734}}, {"type": "Feature", "geometry": {"type": "LineString", "coordinates": [[4.807308225987369, 52.35363549494498], [4.807327308719404, 52.35362264166402]]}, "properties": {"Speed": 6.1, "road_quality": 2, "marker": 7, "trip_id": "Febru_Trip2", "hrot_diff": 1, "sample_diff": 33, "time_diff_s": 0.66, "gps_distance_m": 1.9, "original_speed": "135", "wheel_diameter_mm": 711.0003997802734}}, {"type": "Feature", "geometry": {"type": "LineString", "coordinates": [[4.807327308719404, 52.35362264166402], [4.807332343414005, 52.3536064927485]]}, "properties": {"Speed": 7.2, "road_quality": 2, "marker": 7, "trip_id": "Febru_Trip2", "hrot_diff": 1, "sample_diff": 28, "time_diff_s": 0.56, "gps_distance_m": 1.8, "original_speed": "769", "wheel_diameter_mm": 711.0003997802734}}, {"type": "Feature", "geometry": {"type": "LineString", "coordinates": [[4.807332343414005, 52.3536064927485], [4.807338196730592, 52.35358589861028]]}, "properties": {"Speed": 9.6, "road_quality": 2, "marker": 7, "trip_id": "Febru_Trip2", "hrot_diff": 1, "sample_diff": 21, "time_diff_s": 0.42, "gps_distance_m": 2.3, "original_speed": "990", "wheel_diameter_mm": 711.0003997802734}}, {"type": "Feature", "geometry": {"type": "LineString", "coordinates": [[4.807338196730592, 52.35358589861028], [4.807351280455694, 52.353558160395124]]}, "properties": {"Speed": 14.4, "road_quality": 2, "marker": 7, "trip_id": "Febru_Trip2", "hrot_diff": 1, "sample_diff": 14, "time_diff_s": 0.28, "gps_distance_m": 3.2, "original_speed": "1327", "wheel_diameter_mm": 711.0003997802734}}, {"type": "Feature", "geometry": {"type": "LineString", "coordinates": [[4.807351280455694, 52.353558160395124], [4.807371255030815, 52.353529593125984]]}, "properties": {"Speed": 13.4, "road_quality": 2, "marker": 7, "trip_id": "Febru_Trip2", "hrot_diff": 1, "sample_diff": 15, "time_diff_s": 0.3, "gps_distance_m": 3.5, "original_speed": "1481", "wheel_diameter_mm": 711.0003997802734}}, {"type": "Feature", "geometry": {"type": "LineString", "coordinates": [[4.807371255030815, 52.353529593125984], [4.807406658420478, 52.3535039439993]]}, "properties": {"Speed": 15.5, "road_quality": 2, "marker": 7, "trip_id": "Febru_Trip2", "hrot_diff": 1, "sample_diff": 13, "time_diff_s": 0.26, "gps_distance_m": 3.7, "original_speed": "1739", "wheel_diameter_mm": 711.0003997802734}}, {"type": "Feature", "geometry": {"type": "LineString", "coordinates": [[4.807406658420478, 52.3535039439993], [4.807456647501891, 52.35348383449138]]}, "properties": {"Speed": 14.4, "road_quality": 2, "marker": 7, "trip_id": "Febru_Trip2", "hrot_diff": 1, "sample_diff": 14, "time_diff_s": 0.28, "gps_distance_m": 4.1, "original_speed": "1941", "wheel_diameter_mm": 711.0003997802734}}, {"type": "Feature", "geometry": {"type": "LineString", "coordinates": [[4.807456647501891, 52.35348383449138], [4.807526138088444, 52.353473553008314]]}, "properties": {"Speed": 16.8, "road_quality": 2, "marker": 7, "trip_id": "Febru_Trip2", "hrot_diff": 1, "sample_diff": 12, "time_diff_s": 0.24, "gps_distance_m": 4.9, "original_speed": "1960", "wheel_diameter_mm": 711.0003997802734}}, {"type": "Feature", "geometry": {"type": "LineString", "coordinates": [[4.807526138088444, 52.353473553008314], [4.807588492944797, 52.35347889684743]]}, "properties": {"Speed": 16.8, "road_quality": 2, "marker": 7, "trip_id": "Febru_Trip2", "hrot_diff": 1, "sample_diff": 12, "time_diff_s": 0.24, "gps_distance_m": 4.3, "original_speed": "1923", "wheel_diameter_mm": 711.0003997802734}}, {"type": "Feature", "geometry": {"type": "LineString", "coordinates": [[4.807588492944797, 52.35347889684743], [4.80765210962747, 52.353484287327284]]}, "properties": {"Speed": 16.8, "road_quality": 2, "marker": 7, "trip_id": "Febru_Trip2", "hrot_diff": 1, "sample_diff": 12, "time_diff_s": 0.24, "gps_distance_m": 4.4, "original_speed": "2155", "wheel_diameter_mm": 711.0003997802734}}, {"type": "Feature", "geometry": {"type": "LineString", "coordinates": [[4.80765210962747, 52.353484287327284], [4.807720239842672, 52.35350184264741]]}, "properties": {"Speed": 16.8, "road_quality": 2, "marker": 7, "trip_id": "Febru_Trip2", "hrot_diff": 1, "sample_diff": 12, "time_diff_s": 0.24, "gps_distance_m": 5.0, "original_speed": "2252", "wheel_diameter_mm": 711.0003997802734}}, {"type": "Feature", "geometry": {"type": "LineString", "coordinates": [[4.807720239842672, 52.35350184264741], [4.807794346180016, 52.35351965179033]]}, "properties": {"Speed": 22.3, "road_quality": 2, "marker": 7, "trip_id": "Febru_Trip2", "hrot_diff": 1, "sample_diff": 9, "time_diff_s": 0.18, "gps_distance_m": 5.4, "original_speed": "2358", "wheel_diameter_mm": 711.0003997802734}}, {"type": "Feature", "geometry": {"type": "LineString", "coordinates": [[4.807794346180016, 52.35351965179033], [4.807871951310799, 52.35353096483004]]}, "properties": {"Speed": 18.3, "road_quality": 2, "marker": 7, "trip_id": "Febru_Trip2", "hrot_diff": 1, "sample_diff": 11, "time_diff_s": 0.22, "gps_distance_m": 5.4, "original_speed": "2450", "wheel_diameter_mm": 711.0003997802734}}, {"type": "Feature", "geometry": {"type": "LineString", "coordinates": [[4.807871951310799, 52.35353096483004], [4.807950342281205, 52.353546561047835]]}, "properties": {"Speed": 25.1, "road_quality": 2, "marker": 7, "trip_id": "Febru_Trip2", "hrot_diff": 1, "sample_diff": 8, "time_diff_s": 0.16, "gps_distance_m": 5.6, "original_speed": "2500", "wheel_diameter_mm": 711.0003997802734}}, {"type": "Feature", "geometry": {"type": "LineString", "coordinates": [[4.807950342281205, 52.353546561047835], [4.808022453891936, 52.353570622636155]]}, "properties": {"Speed": 20.1, "road_quality": 2, "marker": 7, "trip_id": "Febru_Trip2", "hrot_diff": 1, "sample_diff": 10, "time_diff_s": 0.2, "gps_distance_m": 5.6, "original_speed": "2542", "wheel_diameter_mm": 711.0003997802734}}, {"type": "Feature", "geometry": {"type": "LineString", "coordinates": [[4.808022453891936, 52.353570622636155], [4.808092780689377, 52.35359122361898]]}, "properties": {"Speed": 28.7, "road_quality": 2, "marker": 7, "trip_id": "Febru_Trip2", "hrot_diff": 1, "sample_diff": 7, "time_diff_s": 0.14, "gps_distance_m": 5.3, "original_speed": "2542", "wheel_diameter_mm": 711.0003997802734}}, {"type": "Feature", "geometry": {"type": "LineString", "coordinates": [[4.808092780689377, 52.35359122361898], [4.808172054344948, 52.35361082204504]]}, "properties": {"Speed": 25.1, "road_quality": 2, "marker": 7, "trip_id": "Febru_Trip2", "hrot_diff": 1, "sample_diff": 8, "time_diff_s": 0.16, "gps_distance_m": 5.8, "original_speed": "2654", "wheel_diameter_mm": 711.0003997802734}}, {"type": "Feature", "geometry": {"type": "LineString", "coordinates": [[4.808172054344948, 52.35361082204504], [4.808248245729266, 52.3536295280902]]}, "properties": {"Speed": 16.8, "road_quality": 2, "marker": 7, "trip_id": "Febru_Trip2", "hrot_diff": 1, "sample_diff": 12, "time_diff_s": 0.24, "gps_distance_m": 5.6, "original_speed": "2631", "wheel_diameter_mm": 711.0003997802734}}, {"type": "Feature", "geometry": {"type": "LineString", "coordinates": [[4.808248245729266, 52.3536295280902], [4.808325217286332, 52.3536449374182]]}, "properties": {"Speed": 25.1, "road_quality": 2, "marker": 7, "trip_id": "Febru_Trip2", "hrot_diff": 1, "sample_diff": 8, "time_diff_s": 0.16, "gps_distance_m": 5.5, "original_speed": "2631", "wheel_diameter_mm": 711.0003997802734}}, {"type": "Feature", "geometry": {"type": "LineString", "coordinates": [[4.808325217286332, 52.3536449374182], [4.808406295763398, 52.35366221997091]]}, "properties": {"Speed": 18.3, "road_quality": 2, "marker": 7, "trip_id": "Febru_Trip2", "hrot_diff": 1, "sample_diff": 11, "time_diff_s": 0.22, "gps_distance_m": 5.8, "original_speed": "2654", "wheel_diameter_mm": 711.0003997802734}}, {"type": "Feature", "geometry": {"type": "LineString", "coordinates": [[4.808406295763398, 52.35366221997091], [4.808487769128081, 52.353676177005276]]}, "properties": {"Speed": 20.1, "road_quality": 2, "marker": 6, "trip_id": "Febru_Trip2", "hrot_diff": 1, "sample_diff": 10, "time_diff_s": 0.2, "gps_distance_m": 5.7, "original_speed": "-1", "wheel_diameter_mm": 711.0003997802734}}, {"type": "Feature", "geometry": {"type": "LineString", "coordinates": [[4.808487769128081, 52.353676177005276], [4.80856552490579, 52.35369000729585]]}, "properties": {"Speed": 28.7, "road_quality": 2, "marker": 6, "trip_id": "Febru_Trip2", "hrot_diff": 1, "sample_diff": 7, "time_diff_s": 0.14, "gps_distance_m": 5.5, "original_speed": "-1", "wheel_diameter_mm": 711.0003997802734}}, {"type": "Feature", "geometry": {"type": "LineString", "coordinates": [[4.80856552490579, 52.35369000729585], [4.808639955326527, 52.35369494646096]]}, "properties": {"Speed": 25.1, "road_quality": 2, "marker": 7, "trip_id": "Febru_Trip2", "hrot_diff": 1, "sample_diff": 8, "time_diff_s": 0.16, "gps_distance_m": 5.1, "original_speed": "2803", "wheel_diameter_mm": 711.0003997802734}}, {"type": "Feature", "geometry": {"type": "LineString", "coordinates": [[4.808639955326527, 52.35369494646096], [4.808728369805996, 52.35371271837266]]}, "properties": {"Speed": 18.3, "road_quality": 2, "marker": 7, "trip_id": "Febru_Trip2", "hrot_diff": 1, "sample_diff": 11, "time_diff_s": 0.22, "gps_distance_m": 6.3, "original_speed": "2752", "wheel_diameter_mm": 711.0003997802734}}, {"type": "Feature", "geometry": {"type": "LineString", "coordinates": [[4.808728369805996, 52.35371271837266], [4.808805967014583, 52.35373306189157]]}, "properties": {"Speed": 25.1, "road_quality": 2, "marker": 7, "trip_id": "Febru_Trip2", "hrot_diff": 1, "sample_diff": 8, "time_diff_s": 0.16, "gps_distance_m": 5.7, "original_speed": "2678", "wheel_diameter_mm": 711.0003997802734}}, {"type": "Feature", "geometry": {"type": "LineString", "coordinates": [[4.808805967014583, 52.35373306189157], [4.808879664465515, 52.353747350205296]]}, "properties": {"Speed": 18.3, "road_quality": 2, "marker": 7, "trip_id": "Febru_Trip2", "hrot_diff": 1, "sample_diff": 11, "time_diff_s": 0.22, "gps_distance_m": 5.3, "original_speed": "2564", "wheel_diameter_mm": 711.0003997802734}}, {"type": "Feature", "geometry": {"type": "LineString", "coordinates": [[4.808879664465515, 52.353747350205296], [4.80895259560914, 52.35376063249778]]}, "properties": {"Speed": 20.1, "road_quality": 2, "marker": 7, "trip_id": "Febru_Trip2", "hrot_diff": 1, "sample_diff": 10, "time_diff_s": 0.2, "gps_distance_m": 5.2, "original_speed": "2521", "wheel_diameter_mm": 711.0003997802734}}, {"type": "Feature", "geometry": {"type": "LineString", "coordinates": [[4.80895259560914, 52.35376063249778], [4.809020868667272, 52.35377473573895]]}, "properties": {"Speed": 16.8, "road_quality": 2, "marker": 7, "trip_id": "Febru_Trip2", "hrot_diff": 1, "sample_diff": 12, "time_diff_s": 0.24, "gps_distance_m": 4.9, "original_speed": "2293", "wheel_diameter_mm": 711.0003997802734}}, {"type": "Feature", "geometry": {"type": "LineString", "coordinates": [[4.809020868667272, 52.35377473573895], [4.809075714442285, 52.35378540121316]]}, "properties": {"Speed": 16.8, "road_quality": 2, "marker": 7, "trip_id": "Febru_Trip2", "hrot_diff": 1, "sample_diff": 12, "time_diff_s": 0.24, "gps_distance_m": 3.9, "original_speed": "1941", "wheel_diameter_mm": 711.0003997802734}}, {"type": "Feature", "geometry": {"type": "LineString", "coordinates": [[4.809075714442285, 52.35378540121316], [4.809121244534612, 52.353794954216774]]}, "properties": {"Speed": 11.2, "road_quality": 2, "marker": 7, "trip_id": "Febru_Trip2", "hrot_diff": 1, "sample_diff": 18, "time_diff_s": 0.36, "gps_distance_m": 3.3, "original_speed": "1739", "wheel_diameter_mm": 711.0003997802734}}, {"type": "Feature", "geometry": {"type": "LineString", "coordinates": [[4.809121244534612, 52.353794954216774], [4.8091612484117965, 52.35380190446022]]}, "properties": {"Speed": 10.6, "road_quality": 2, "marker": 7, "trip_id": "Febru_Trip2", "hrot_diff": 1, "sample_diff": 19, "time_diff_s": 0.38, "gps_distance_m": 2.8, "original_speed": "1442", "wheel_diameter_mm": 711.0003997802734}}, {"type": "Feature", "geometry": {"type": "LineString", "coordinates": [[4.8091612484117965, 52.35380190446022], [4.809193842990144, 52.35380673051944]]}, "properties": {"Speed": 8.7, "road_quality": 2, "marker": 7, "trip_id": "Febru_Trip2", "hrot_diff": 1, "sample_diff": 23, "time_diff_s": 0.46, "gps_distance_m": 2.3, "original_speed": "1250", "wheel_diameter_mm": 711.0003997802734}}, {"type": "Feature", "geometry": {"type": "LineString", "coordinates": [[4.809193842990144, 52.35380673051944], [4.809221530461104, 52.353810095486566]]}, "properties": {"Speed": 8.7, "road_quality": 2, "marker": 7, "trip_id": "Febru_Trip2", "hrot_diff": 1, "sample_diff": 23, "time_diff_s": 0.46, "gps_distance_m": 1.9, "original_speed": "1048", "wheel_diameter_mm": 711.0003997802734}}, {"type": "Feature", "geometry": {"type": "LineString", "coordinates": [[4.809221530461104, 52.353810095486566], [4.809245772327669, 52.353814035121594]]}, "properties": {"Speed": 5.7, "road_quality": 2, "marker": 7, "trip_id": "Febru_Trip2", "hrot_diff": 1, "sample_diff": 35, "time_diff_s": 0.7, "gps_distance_m": 1.7, "original_speed": "980", "wheel_diameter_mm": 711.0003997802734}}, {"type": "Feature", "geometry": {"type": "LineString", "coordinates": [[4.809245772327669, 52.353814035121594], [4.809262477448243, 52.353817592355405]]}, "properties": {"Speed": 3.5, "road_quality": 2, "marker": 7, "trip_id": "Febru_Trip2", "hrot_diff": 1, "sample_diff": 57, "time_diff_s": 1.14, "gps_distance_m": 1.2, "original_speed": "769", "wheel_diameter_mm": 711.0003997802734}}, {"type": "Feature", "geometry": {"type": "LineString", "coordinates": [[4.809262477448243, 52.353817592355405], [4.809279460555155, 52.35381937522574]]}, "properties": {"Speed": 0.5, "road_quality": 2, "marker": 7, "trip_id": "Febru_Trip2", "hrot_diff": 1, "sample_diff": 428, "time_diff_s": 8.56, "gps_distance_m": 1.2, "original_speed": "602", "wheel_diameter_mm": 711.0003997802734}}, {"type": "Feature", "geometry": {"type": "LineString", "coordinates": [[4.809279460555155, 52.35381937522574], [4.809295557598815, 52.35382752264421]]}, "properties": {"Speed": 4.7, "road_quality": 2, "marker": 7, "trip_id": "Febru_Trip2", "hrot_diff": 1, "sample_diff": 43, "time_diff_s": 0.86, "gps_distance_m": 1.4, "original_speed": "109", "wheel_diameter_mm": 711.0003997802734}}, {"type": "Feature", "geometry": {"type": "LineString", "coordinates": [[4.809295557598815, 52.35382752264421], [4.809317866181872, 52.3538326657907]]}, "properties": {"Speed": 9.6, "road_quality": 2, "marker": 7, "trip_id": "Febru_Trip2", "hrot_diff": 1, "sample_diff": 21, "time_diff_s": 0.42, "gps_distance_m": 1.6, "original_speed": "190", "wheel_diameter_mm": 711.0003997802734}}, {"type": "Feature", "geometry": {"type": "LineString", "coordinates": [[4.809317866181872, 52.3538326657907], [4.809345171334733, 52.35384393299991]]}, "properties": {"Speed": 14.4, "road_quality": 2, "marker": 7, "trip_id": "Febru_Trip2", "hrot_diff": 1, "sample_diff": 14, "time_diff_s": 0.28, "gps_distance_m": 2.2, "original_speed": "909", "wheel_diameter_mm": 711.0003997802734}}, {"type": "Feature", "geometry": {"type": "LineString", "coordinates": [[4.809345171334733, 52.35384393299991], [4.809393603974514, 52.35385058522639]]}, "properties": {"Speed": 11.8, "road_quality": 2, "marker": 7, "trip_id": "Febru_Trip2", "hrot_diff": 1, "sample_diff": 17, "time_diff_s": 0.34, "gps_distance_m": 3.4, "original_speed": "1376", "wheel_diameter_mm": 711.0003997802734}}, {"type": "Feature", "geometry": {"type": "LineString", "coordinates": [[4.809393603974514, 52.35385058522639], [4.809444342385239, 52.35386423819577]]}, "properties": {"Speed": 14.4, "road_quality": 2, "marker": 7, "trip_id": "Febru_Trip2", "hrot_diff": 1, "sample_diff": 14, "time_diff_s": 0.28, "gps_distance_m": 3.8, "original_speed": "1680", "wheel_diameter_mm": 711.0003997802734}}, {"type": "Feature", "geometry": {"type": "LineString", "coordinates": [[4.809444342385239, 52.35386423819577], [4.809498242244613, 52.35387396420819]]}, "properties": {"Speed": 13.4, "road_quality": 2, "marker": 7, "trip_id": "Febru_Trip2", "hrot_diff": 1, "sample_diff": 15, "time_diff_s": 0.3, "gps_distance_m": 3.8, "original_speed": "1680", "wheel_diameter_mm": 711.0003997802734}}, {"type": "Feature", "geometry": {"type": "LineString", "coordinates": [[4.809498242244613, 52.35387396420819], [4.809544563618293, 52.35388932780446]]}, "properties": {"Speed": 12.6, "road_quality": 2, "marker": 7, "trip_id": "Febru_Trip2", "hrot_diff": 1, "sample_diff": 16, "time_diff_s": 0.32, "gps_distance_m": 3.6, "original_speed": "1769", "wheel_diameter_mm": 711.0003997802734}}, {"type": "Feature", "geometry": {"type": "LineString", "coordinates": [[4.809544563618293, 52.35388932780446], [4.809595090705301, 52.353898543975404]]}, "properties": {"Speed": 13.4, "road_quality": 2, "marker": 7, "trip_id": "Febru_Trip2", "hrot_diff": 1, "sample_diff": 15, "time_diff_s": 0.3, "gps_distance_m": 3.6, "original_speed": "1724", "wheel_diameter_mm": 711.0003997802734}}, {"type": "Feature", "geometry": {"type": "LineString", "coordinates": [[4.809595090705301, 52.353898543975404], [4.809647660578476, 52.353907301350254]]}, "properties": {"Speed": 14.4, "road_quality": 2, "marker": 7, "trip_id": "Febru_Trip2", "hrot_diff": 1, "sample_diff": 14, "time_diff_s": 0.28, "gps_distance_m": 3.7, "original_speed": "1785", "wheel_diameter_mm": 711.0003997802734}}, {"type": "Feature", "geometry": {"type": "LineString", "coordinates": [[4.809647660578476, 52.353907301350254], [4.809704293212196, 52.353915338658865]]}, "properties": {"Speed": 14.4, "road_quality": 2, "marker": 7, "trip_id": "Febru_Trip2", "hrot_diff": 1, "sample_diff": 14, "time_diff_s": 0.28, "gps_distance_m": 3.9, "original_speed": "1980", "wheel_diameter_mm": 711.0003997802734}}, {"type": "Feature", "geometry": {"type": "LineString", "coordinates": [[4.809704293212196, 52.353915338658865], [4.809769585345003, 52.3539268658014]]}, "properties": {"Speed": 18.3, "road_quality": 2, "marker": 7, "trip_id": "Febru_Trip2", "hrot_diff": 1, "sample_diff": 11, "time_diff_s": 0.22, "gps_distance_m": 4.6, "original_speed": "2083", "wheel_diameter_mm": 711.0003997802734}}, {"type": "Feature", "geometry": {"type": "LineString", "coordinates": [[4.809769585345003, 52.3539268658014], [4.809827974641035, 52.353948537005884]]}, "properties": {"Speed": 18.3, "road_quality": 2, "marker": 7, "trip_id": "Febru_Trip2", "hrot_diff": 1, "sample_diff": 11, "time_diff_s": 0.22, "gps_distance_m": 4.6, "original_speed": "2118", "wheel_diameter_mm": 711.0003997802734}}, {"type": "Feature", "geometry": {"type": "LineString", "coordinates": [[4.809827974641035, 52.353948537005884], [4.809886029859065, 52.35396935171313]]}, "properties": {"Speed": 18.3, "road_quality": 2, "marker": 7, "trip_id": "Febru_Trip2", "hrot_diff": 1, "sample_diff": 11, "time_diff_s": 0.22, "gps_distance_m": 4.6, "original_speed": "2252", "wheel_diameter_mm": 711.0003997802734}}, {"type": "Feature", "geometry": {"type": "LineString", "coordinates": [[4.809886029859065, 52.35396935171313], [4.809961977684844, 52.35397202272679]]}, "properties": {"Speed": 18.3, "road_quality": 2, "marker": 7, "trip_id": "Febru_Trip2", "hrot_diff": 1, "sample_diff": 11, "time_diff_s": 0.22, "gps_distance_m": 5.2, "original_speed": "2358", "wheel_diameter_mm": 711.0003997802734}}, {"type": "Feature", "geometry": {"type": "LineString", "coordinates": [[4.809961977684844, 52.35397202272679], [4.810031345544211, 52.35398740955098]]}, "properties": {"Speed": 16.8, "road_quality": 2, "marker": 7, "trip_id": "Febru_Trip2", "hrot_diff": 1, "sample_diff": 12, "time_diff_s": 0.24, "gps_distance_m": 5.0, "original_speed": "2314", "wheel_diameter_mm": 711.0003997802734}}, {"type": "Feature", "geometry": {"type": "LineString", "coordinates": [[4.810031345544211, 52.35398740955098], [4.810090396573881, 52.35400180753093]]}, "properties": {"Speed": 20.1, "road_quality": 2, "marker": 7, "trip_id": "Febru_Trip2", "hrot_diff": 1, "sample_diff": 10, "time_diff_s": 0.2, "gps_distance_m": 4.3, "original_speed": "2380", "wheel_diameter_mm": 711.0003997802734}}, {"type": "Feature", "geometry": {"type": "LineString", "coordinates": [[4.810090396573881, 52.35400180753093], [4.81017058433067, 52.354019868276765]]}, "properties": {"Speed": 18.3, "road_quality": 2, "marker": 7, "trip_id": "Febru_Trip2", "hrot_diff": 1, "sample_diff": 11, "time_diff_s": 0.22, "gps_distance_m": 5.8, "original_speed": "2358", "wheel_diameter_mm": 711.0003997802734}}, {"type": "Feature", "geometry": {"type": "LineString", "coordinates": [[4.81017058433067, 52.354019868276765], [4.810238121036557, 52.354035142154]]}, "properties": {"Speed": 16.8, "road_quality": 2, "marker": 7, "trip_id": "Febru_Trip2", "hrot_diff": 1, "sample_diff": 12, "time_diff_s": 0.24, "gps_distance_m": 4.9, "original_speed": "2336", "wheel_diameter_mm": 711.0003997802734}}, {"type": "Feature", "geometry": {"type": "LineString", "coordinates": [[4.810238121036557, 52.354035142154], [4.810303070667853, 52.354048641361615]]}, "properties": {"Speed": 16.8, "road_quality": 2, "marker": 7, "trip_id": "Febru_Trip2", "hrot_diff": 1, "sample_diff": 12, "time_diff_s": 0.24, "gps_distance_m": 4.7, "original_speed": "2212", "wheel_diameter_mm": 711.0003997802734}}, {"type": "Feature", "geometry": {"type": "LineString", "coordinates": [[4.810303070667853, 52.354048641361615], [4.810366229181085, 52.3540598319343]]}, "properties": {"Speed": 16.8, "road_quality": 2, "marker": 7, "trip_id": "Febru_Trip2", "hrot_diff": 1, "sample_diff": 12, "time_diff_s": 0.24, "gps_distance_m": 4.5, "original_speed": "2155", "wheel_diameter_mm": 711.0003997802734}}, {"type": "Feature", "geometry": {"type": "LineString", "coordinates": [[4.810366229181085, 52.3540598319343], [4.810425801563827, 52.354074414313196]]}, "properties": {"Speed": 16.8, "road_quality": 2, "marker": 7, "trip_id": "Febru_Trip2", "hrot_diff": 1, "sample_diff": 12, "time_diff_s": 0.24, "gps_distance_m": 4.4, "original_speed": "2100", "wheel_diameter_mm": 711.0003997802734}}, {"type": "Feature", "geometry": {"type": "LineString", "coordinates": [[4.810425801563827, 52.354074414313196], [4.810486334463842, 52.35408543797637]]}, "properties": {"Speed": 15.5, "road_quality": 2, "marker": 7, "trip_id": "Febru_Trip2", "hrot_diff": 1, "sample_diff": 13, "time_diff_s": 0.26, "gps_distance_m": 4.3, "original_speed": "2016", "wheel_diameter_mm": 711.0003997802734}}, {"type": "Feature", "geometry": {"type": "LineString", "coordinates": [[4.810486334463842, 52.35408543797637], [4.810537166118753, 52.35410038489487]]}, "properties": {"Speed": 16.8, "road_quality": 2, "marker": 7, "trip_id": "Febru_Trip2", "hrot_diff": 1, "sample_diff": 12, "time_diff_s": 0.24, "gps_distance_m": 3.8, "original_speed": "1980", "wheel_diameter_mm": 711.0003997802734}}, {"type": "Feature", "geometry": {"type": "LineString", "coordinates": [[4.810537166118753, 52.35410038489487], [4.81060047341029, 52.35411544881975]]}, "properties": {"Speed": 18.3, "road_quality": 2, "marker": 7, "trip_id": "Febru_Trip2", "hrot_diff": 1, "sample_diff": 11, "time_diff_s": 0.22, "gps_distance_m": 4.6, "original_speed": "2100", "wheel_diameter_mm": 711.0003997802734}}, {"type": "Feature", "geometry": {"type": "LineString", "coordinates": [[4.81060047341029, 52.35411544881975], [4.810669407808211, 52.35412991749341]]}, "properties": {"Speed": 20.1, "road_quality": 2, "marker": 7, "trip_id": "Febru_Trip2", "hrot_diff": 1, "sample_diff": 10, "time_diff_s": 0.2, "gps_distance_m": 5.0, "original_speed": "2252", "wheel_diameter_mm": 711.0003997802734}}, {"type": "Feature", "geometry": {"type": "LineString", "coordinates": [[4.810669407808211, 52.35412991749341], [4.810743675883333, 52.35414204073999]]}, "properties": {"Speed": 16.8, "road_quality": 2, "marker": 7, "trip_id": "Febru_Trip2", "hrot_diff": 1, "sample_diff": 12, "time_diff_s": 0.24, "gps_distance_m": 5.2, "original_speed": "2293", "wheel_diameter_mm": 711.0003997802734}}, {"type": "Feature", "geometry": {"type": "LineString", "coordinates": [[4.810743675883333, 52.35414204073999], [4.810816868763507, 52.35415492450983]]}, "properties": {"Speed": 20.1, "road_quality": 2, "marker": 7, "trip_id": "Febru_Trip2", "hrot_diff": 1, "sample_diff": 10, "time_diff_s": 0.2, "gps_distance_m": 5.2, "original_speed": "2336", "wheel_diameter_mm": 711.0003997802734}}, {"type": "Feature", "geometry": {"type": "LineString", "coordinates": [[4.810816868763507, 52.35415492450983], [4.810882716760717, 52.35417029164812]]}, "properties": {"Speed": 18.3, "road_quality": 2, "marker": 7, "trip_id": "Febru_Trip2", "hrot_diff": 1, "sample_diff": 11, "time_diff_s": 0.22, "gps_distance_m": 4.8, "original_speed": "2358", "wheel_diameter_mm": 711.0003997802734}}, {"type": "Feature", "geometry": {"type": "LineString", "coordinates": [[4.810882716760717, 52.35417029164812], [4.821787103652471, 52.35609727513455]]}, "properties": {"Speed": 0.0, "road_quality": 2, "marker": 7, "trip_id": "Febru_Trip2", "hrot_diff": 1, "sample_diff": 5727, "time_diff_s": 114.54, "gps_distance_m": 770.9, "original_speed": "2702", "wheel_diameter_mm": 711.0003997802734}}, {"type": "Feature", "geometry": {"type": "LineString", "coordinates": [[4.821787103652471, 52.35609727513455], [4.826954739077857, 52.35611443406837]]}, "properties": {"Speed": 0.1, "road_quality": 2, "marker": 7, "trip_id": "Febru_Trip2", "hrot_diff": 1, "sample_diff": 2590, "time_diff_s": 51.8, "gps_distance_m": 351.0, "original_speed": "8", "wheel_diameter_mm": 711.0003997802734}}, {"type": "Feature", "geometry": {"type": "LineString", "coordinates": [[4.826954739077857, 52.35611443406837], [4.826997239193974, 52.35611242687612]]}, "properties": {"Speed": 10.6, "road_quality": 2, "marker": 7, "trip_id": "Febru_Trip2", "hrot_diff": 1, "sample_diff": 19, "time_diff_s": 0.38, "gps_distance_m": 2.9, "original_speed": "19", "wheel_diameter_mm": 711.0003997802734}}, {"type": "Feature", "geometry": {"type": "LineString", "coordinates": [[4.826997239193974, 52.35611242687612], [4.827045571189309, 52.35611243904971]]}, "properties": {"Speed": 10.6, "road_quality": 2, "marker": 7, "trip_id": "Febru_Trip2", "hrot_diff": 1, "sample_diff": 19, "time_diff_s": 0.38, "gps_distance_m": 3.3, "original_speed": "1500", "wheel_diameter_mm": 711.0003997802734}}, {"type": "Feature", "geometry": {"type": "LineString", "coordinates": [[4.827045571189309, 52.35611243904971], [4.827069324885012, 52.35610177046731]]}, "properties": {"Speed": 11.2, "road_quality": 2, "marker": 7, "trip_id": "Febru_Trip2", "hrot_diff": 1, "sample_diff": 18, "time_diff_s": 0.36, "gps_distance_m": 2.0, "original_speed": "1250", "wheel_diameter_mm": 711.0003997802734}}, {"type": "Feature", "geometry": {"type": "LineString", "coordinates": [[4.827069324885012, 52.35610177046731], [4.827103943112, 52.356098174704506]]}, "properties": {"Speed": 10.1, "road_quality": 2, "marker": 7, "trip_id": "Febru_Trip2", "hrot_diff": 1, "sample_diff": 20, "time_diff_s": 0.4, "gps_distance_m": 2.4, "original_speed": "1229", "wheel_diameter_mm": 711.0003997802734}}, {"type": "Feature", "geometry": {"type": "LineString", "coordinates": [[4.827103943112, 52.356098174704506], [4.827135466849846, 52.35609422327923]]}, "properties": {"Speed": 9.1, "road_quality": 2, "marker": 7, "trip_id": "Febru_Trip2", "hrot_diff": 1, "sample_diff": 22, "time_diff_s": 0.44, "gps_distance_m": 2.2, "original_speed": "1229", "wheel_diameter_mm": 711.0003997802734}}, {"type": "Feature", "geometry": {"type": "LineString", "coordinates": [[4.827135466849846, 52.35609422327923], [4.827157888788793, 52.356089072067135]]}, "properties": {"Speed": 0.5, "road_quality": 2, "marker": 7, "trip_id": "Febru_Trip2", "hrot_diff": 1, "sample_diff": 436, "time_diff_s": 8.72, "gps_distance_m": 1.6, "original_speed": "1127", "wheel_diameter_mm": 711.0003997802734}}, {"type": "Feature", "geometry": {"type": "LineString", "coordinates": [[4.827157888788793, 52.356089072067135], [4.827204829589354, 52.35608652857098]]}, "properties": {"Speed": 9.6, "road_quality": 2, "marker": 7, "trip_id": "Febru_Trip2", "hrot_diff": 1, "sample_diff": 21, "time_diff_s": 0.42, "gps_distance_m": 3.2, "original_speed": "268", "wheel_diameter_mm": 711.0003997802734}}, {"type": "Feature", "geometry": {"type": "LineString", "coordinates": [[4.827204829589354, 52.35608652857098], [4.827257259987899, 52.35608624742087]]}, "properties": {"Speed": 13.4, "road_quality": 2, "marker": 7, "trip_id": "Febru_Trip2", "hrot_diff": 1, "sample_diff": 15, "time_diff_s": 0.3, "gps_distance_m": 3.6, "original_speed": "1449", "wheel_diameter_mm": 711.0003997802734}}, {"type": "Feature", "geometry": {"type": "LineString", "coordinates": [[4.827257259987899, 52.35608624742087], [4.827322950174938, 52.356085924299265]]}, "properties": {"Speed": 15.5, "road_quality": 2, "marker": 7, "trip_id": "Febru_Trip2", "hrot_diff": 1, "sample_diff": 13, "time_diff_s": 0.26, "gps_distance_m": 4.5, "original_speed": "2000", "wheel_diameter_mm": 711.0003997802734}}, {"type": "Feature", "geometry": {"type": "LineString", "coordinates": [[4.827322950174938, 52.356085924299265], [4.827396308157683, 52.356088589171826]]}, "properties": {"Speed": 18.3, "road_quality": 2, "marker": 7, "trip_id": "Febru_Trip2", "hrot_diff": 1, "sample_diff": 11, "time_diff_s": 0.22, "gps_distance_m": 5.0, "original_speed": "2272", "wheel_diameter_mm": 711.0003997802734}}, {"type": "Feature", "geometry": {"type": "LineString", "coordinates": [[4.827396308157683, 52.356088589171826], [4.827485534491315, 52.35609058184739]]}, "properties": {"Speed": 18.3, "road_quality": 2, "marker": 7, "trip_id": "Febru_Trip2", "hrot_diff": 1, "sample_diff": 11, "time_diff_s": 0.22, "gps_distance_m": 6.1, "original_speed": "2564", "wheel_diameter_mm": 711.0003997802734}}, {"type": "Feature", "geometry": {"type": "LineString", "coordinates": [[4.827485534491315, 52.35609058184739], [4.827564249691753, 52.35609618517131]]}, "properties": {"Speed": 25.1, "road_quality": 2, "marker": 7, "trip_id": "Febru_Trip2", "hrot_diff": 1, "sample_diff": 8, "time_diff_s": 0.16, "gps_distance_m": 5.4, "original_speed": "2654", "wheel_diameter_mm": 711.0003997802734}}, {"type": "Feature", "geometry": {"type": "LineString", "coordinates": [[4.827564249691753, 52.35609618517131], [4.827639858056056, 52.35611975382167]]}, "properties": {"Speed": 20.1, "road_quality": 2, "marker": 7, "trip_id": "Febru_Trip2", "hrot_diff": 1, "sample_diff": 10, "time_diff_s": 0.2, "gps_distance_m": 5.8, "original_speed": "2500", "wheel_diameter_mm": 711.0003997802734}}, {"type": "Feature", "geometry": {"type": "LineString", "coordinates": [[4.827639858056056, 52.35611975382167], [4.827699136778007, 52.35614631457424]]}, "properties": {"Speed": 28.7, "road_quality": 3, "marker": 7, "trip_id": "Febru_Trip2", "hrot_diff": 1, "sample_diff": 7, "time_diff_s": 0.14, "gps_distance_m": 5.0, "original_speed": "2403", "wheel_diameter_mm": 711.0003997802734}}, {"type": "Feature", "geometry": {"type": "LineString", "coordinates": [[4.844443263554804, 52.356068004065165], [4.844471835925995, 52.35602809939579]]}, "properties": {"Speed": 10.6, "road_quality": 2, "marker": 7, "trip_id": "Febru_Trip2", "hrot_diff": 1, "sample_diff": 19, "time_diff_s": 0.38, "gps_distance_m": 4.8, "original_speed": "5", "wheel_diameter_mm": 711.0003997802734}}, {"type": "Feature", "geometry": {"type": "LineString", "coordinates": [[4.844471835925995, 52.35602809939579], [4.844463627788912, 52.35598392451723]]}, "properties": {"Speed": 20.1, "road_quality": 2, "marker": 7, "trip_id": "Febru_Trip2", "hrot_diff": 1, "sample_diff": 10, "time_diff_s": 0.2, "gps_distance_m": 4.9, "original_speed": "23", "wheel_diameter_mm": 711.0003997802734}}, {"type": "Feature", "geometry": {"type": "LineString", "coordinates": [[4.844463627788912, 52.35598392451723], [4.844453749236961, 52.3559446692006]]}, "properties": {"Speed": 18.3, "road_quality": 2, "marker": 7, "trip_id": "Febru_Trip2", "hrot_diff": 1, "sample_diff": 11, "time_diff_s": 0.22, "gps_distance_m": 4.4, "original_speed": "2100", "wheel_diameter_mm": 711.0003997802734}}, {"type": "Feature", "geometry": {"type": "LineString", "coordinates": [[4.844453749236961, 52.3559446692006], [4.844451072685134, 52.355901110246606]]}, "properties": {"Speed": 15.5, "road_quality": 2, "marker": 7, "trip_id": "Febru_Trip2", "hrot_diff": 1, "sample_diff": 13, "time_diff_s": 0.26, "gps_distance_m": 4.8, "original_speed": "2314", "wheel_diameter_mm": 711.0003997802734}}, {"type": "Feature", "geometry": {"type": "LineString", "coordinates": [[4.844451072685134, 52.355901110246606], [4.844450332560623, 52.35585583799667]]}, "properties": {"Speed": 22.3, "road_quality": 2, "marker": 7, "trip_id": "Febru_Trip2", "hrot_diff": 1, "sample_diff": 9, "time_diff_s": 0.18, "gps_distance_m": 5.0, "original_speed": "2450", "wheel_diameter_mm": 711.0003997802734}}, {"type": "Feature", "geometry": {"type": "LineString", "coordinates": [[4.844450332560623, 52.35585583799667], [4.84444117424039, 52.35580782761671]]}, "properties": {"Speed": 18.3, "road_quality": 2, "marker": 7, "trip_id": "Febru_Trip2", "hrot_diff": 1, "sample_diff": 11, "time_diff_s": 0.22, "gps_distance_m": 5.4, "original_speed": "2500", "wheel_diameter_mm": 711.0003997802734}}, {"type": "Feature", "geometry": {"type": "LineString", "coordinates": [[4.84444117424039, 52.35580782761671], [4.844435976574297, 52.35576432491508]]}, "properties": {"Speed": 20.1, "road_quality": 2, "marker": 7, "trip_id": "Febru_Trip2", "hrot_diff": 1, "sample_diff": 10, "time_diff_s": 0.2, "gps_distance_m": 4.9, "original_speed": "2403", "wheel_diameter_mm": 711.0003997802734}}, {"type": "Feature", "geometry": {"type": "LineString", "coordinates": [[4.844435976574297, 52.35576432491508], [4.844460488857042, 52.35572041754499]]}, "properties": {"Speed": 20.1, "road_quality": 2, "marker": 7, "trip_id": "Febru_Trip2", "hrot_diff": 1, "sample_diff": 10, "time_diff_s": 0.2, "gps_distance_m": 5.2, "original_speed": "2380", "wheel_diameter_mm": 711.0003997802734}}, {"type": "Feature", "geometry": {"type": "LineString", "coordinates": [[4.844460488857042, 52.35572041754499], [4.844526732925249, 52.355691395726076]]}, "properties": {"Speed": 20.1, "road_quality": 2, "marker": 7, "trip_id": "Febru_Trip2", "hrot_diff": 1, "sample_diff": 10, "time_diff_s": 0.2, "gps_distance_m": 5.5, "original_speed": "2475", "wheel_diameter_mm": 711.0003997802734}}, {"type": "Feature", "geometry": {"type": "LineString", "coordinates": [[4.844526732925249, 52.355691395726076], [4.84461326448684, 52.355688855676966]]}, "properties": {"Speed": 16.8, "road_quality": 2, "marker": 7, "trip_id": "Febru_Trip2", "hrot_diff": 1, "sample_diff": 12, "time_diff_s": 0.24, "gps_distance_m": 5.9, "original_speed": "2380", "wheel_diameter_mm": 711.0003997802734}}, {"type": "Feature", "geometry": {"type": "LineString", "coordinates": [[4.84461326448684, 52.355688855676966], [4.844703361222221, 52.35569517270696]]}, "properties": {"Speed": 40, "road_quality": 2, "marker": 7, "trip_id": "Febru_Trip2", "hrot_diff": 1, "sample_diff": 5, "time_diff_s": 0.1, "gps_distance_m": 6.2, "original_speed": "2678", "wheel_diameter_mm": 711.0003997802734}}, {"type": "Feature", "geometry": {"type": "LineString", "coordinates": [[4.844703361222221, 52.35569517270696], [4.847686104386746, 52.35570729939404]]}, "properties": {"Speed": 0.1, "road_quality": 2, "marker": 7, "trip_id": "Febru_Trip2", "hrot_diff": 1, "sample_diff": 1525, "time_diff_s": 30.5, "gps_distance_m": 202.6, "original_speed": "2752", "wheel_diameter_mm": 711.0003997802734}}, {"type": "Feature", "geometry": {"type": "LineString", "coordinates": [[4.847686104386746, 52.35570729939404], [4.84772941174578, 52.355693049086895]]}, "properties": {"Speed": 10.6, "road_quality": 2, "marker": 7, "trip_id": "Febru_Trip2", "hrot_diff": 1, "sample_diff": 19, "time_diff_s": 0.38, "gps_distance_m": 3.3, "original_speed": "32", "wheel_diameter_mm": 711.0003997802734}}, {"type": "Feature", "geometry": {"type": "LineString", "coordinates": [[4.84772941174578, 52.355693049086895], [4.8477519430120735, 52.3556714264884]]}, "properties": {"Speed": 11.2, "road_quality": 2, "marker": 7, "trip_id": "Febru_Trip2", "hrot_diff": 1, "sample_diff": 18, "time_diff_s": 0.36, "gps_distance_m": 2.8, "original_speed": "122", "wheel_diameter_mm": 711.0003997802734}}, {"type": "Feature", "geometry": {"type": "LineString", "coordinates": [[4.8477519430120735, 52.3556714264884], [4.847751964587741, 52.35564415851449]]}, "properties": {"Speed": 11.2, "road_quality": 2, "marker": 7, "trip_id": "Febru_Trip2", "hrot_diff": 1, "sample_diff": 18, "time_diff_s": 0.36, "gps_distance_m": 3.0, "original_speed": "1376", "wheel_diameter_mm": 711.0003997802734}}, {"type": "Feature", "geometry": {"type": "LineString", "coordinates": [[4.847751964587741, 52.35564415851449], [4.847744883280449, 52.35561447540208]]}, "properties": {"Speed": 14.4, "road_quality": 2, "marker": 7, "trip_id": "Febru_Trip2", "hrot_diff": 1, "sample_diff": 14, "time_diff_s": 0.28, "gps_distance_m": 3.3, "original_speed": "1485", "wheel_diameter_mm": 711.0003997802734}}, {"type": "Feature", "geometry": {"type": "LineString", "coordinates": [[4.847744883280449, 52.35561447540208], [4.847740980924222, 52.3555803096854]]}, "properties": {"Speed": 13.4, "road_quality": 2, "marker": 7, "trip_id": "Febru_Trip2", "hrot_diff": 1, "sample_diff": 15, "time_diff_s": 0.3, "gps_distance_m": 3.8, "original_speed": "1694", "wheel_diameter_mm": 711.0003997802734}}, {"type": "Feature", "geometry": {"type": "LineString", "coordinates": [[4.847740980924222, 52.3555803096854], [4.847739871602175, 52.35554289311767]]}, "properties": {"Speed": 15.5, "road_quality": 2, "marker": 7, "trip_id": "Febru_Trip2", "hrot_diff": 1, "sample_diff": 13, "time_diff_s": 0.26, "gps_distance_m": 4.2, "original_speed": "1886", "wheel_diameter_mm": 711.0003997802734}}, {"type": "Feature", "geometry": {"type": "LineString", "coordinates": [[4.847739871602175, 52.35554289311767], [4.847738327589313, 52.35550374614674]]}, "properties": {"Speed": 18.3, "road_quality": 2, "marker": 7, "trip_id": "Febru_Trip2", "hrot_diff": 1, "sample_diff": 11, "time_diff_s": 0.22, "gps_distance_m": 4.4, "original_speed": "2066", "wheel_diameter_mm": 711.0003997802734}}, {"type": "Feature", "geometry": {"type": "LineString", "coordinates": [[4.847738327589313, 52.35550374614674], [4.84773771008205, 52.35546153716001]]}, "properties": {"Speed": 18.3, "road_quality": 2, "marker": 7, "trip_id": "Febru_Trip2", "hrot_diff": 1, "sample_diff": 11, "time_diff_s": 0.22, "gps_distance_m": 4.7, "original_speed": "2155", "wheel_diameter_mm": 711.0003997802734}}, {"type": "Feature", "geometry": {"type": "LineString", "coordinates": [[4.84773771008205, 52.35546153716001], [4.8477391211840075, 52.355417518874646]]}, "properties": {"Speed": 18.3, "road_quality": 2, "marker": 7, "trip_id": "Febru_Trip2", "hrot_diff": 1, "sample_diff": 11, "time_diff_s": 0.22, "gps_distance_m": 4.9, "original_speed": "2293", "wheel_diameter_mm": 711.0003997802734}}, {"type": "Feature", "geometry": {"type": "LineString", "coordinates": [[4.8477391211840075, 52.355417518874646], [4.847738177623153, 52.355373521932435]]}, "properties": {"Speed": 18.3, "road_quality": 2, "marker": 7, "trip_id": "Febru_Trip2", "hrot_diff": 1, "sample_diff": 11, "time_diff_s": 0.22, "gps_distance_m": 4.9, "original_speed": "2252", "wheel_diameter_mm": 711.0003997802734}}, {"type": "Feature", "geometry": {"type": "LineString", "coordinates": [[4.847738177623153, 52.355373521932435], [4.847738874640493, 52.35533606120287]]}, "properties": {"Speed": 16.8, "road_quality": 2, "marker": 7, "trip_id": "Febru_Trip2", "hrot_diff": 1, "sample_diff": 12, "time_diff_s": 0.24, "gps_distance_m": 4.2, "original_speed": "2118", "wheel_diameter_mm": 711.0003997802734}}, {"type": "Feature", "geometry": {"type": "LineString", "coordinates": [[4.847738874640493, 52.35533606120287], [4.847736074234164, 52.35529673988566]]}, "properties": {"Speed": 18.3, "road_quality": 2, "marker": 7, "trip_id": "Febru_Trip2", "hrot_diff": 1, "sample_diff": 11, "time_diff_s": 0.22, "gps_distance_m": 4.4, "original_speed": "2212", "wheel_diameter_mm": 711.0003997802734}}, {"type": "Feature", "geometry": {"type": "LineString", "coordinates": [[4.847736074234164, 52.35529673988566], [4.8477376955398315, 52.35525199617555]]}, "properties": {"Speed": 22.5, "road_quality": 2, "marker": 7, "trip_id": "Febru_Trip2", "hrot_diff": 1, "sample_diff": 10, "time_diff_s": 0.179, "gps_distance_m": 5.0, "original_speed": "2232", "wheel_diameter_mm": 711.0003997802734}}, {"type": "Feature", "geometry": {"type": "LineString", "coordinates": [[4.8477376955398315, 52.35525199617555], [4.847735637389513, 52.35520986917253]]}, "properties": {"Speed": 18.3, "road_quality": 2, "marker": 7, "trip_id": "Febru_Trip2", "hrot_diff": 1, "sample_diff": 11, "time_diff_s": 0.22, "gps_distance_m": 4.7, "original_speed": "2336", "wheel_diameter_mm": 711.0003997802734}}, {"type": "Feature", "geometry": {"type": "LineString", "coordinates": [[4.847735637389513, 52.35520986917253], [4.847732650732782, 52.35516773044337]]}, "properties": {"Speed": 18.3, "road_quality": 2, "marker": 7, "trip_id": "Febru_Trip2", "hrot_diff": 1, "sample_diff": 11, "time_diff_s": 0.22, "gps_distance_m": 4.7, "original_speed": "2293", "wheel_diameter_mm": 711.0003997802734}}, {"type": "Feature", "geometry": {"type": "LineString", "coordinates": [[4.847732650732782, 52.35516773044337], [4.847736355237505, 52.35512901838237]]}, "properties": {"Speed": 18.3, "road_quality": 2, "marker": 7, "trip_id": "Febru_Trip2", "hrot_diff": 1, "sample_diff": 11, "time_diff_s": 0.22, "gps_distance_m": 4.3, "original_speed": "2155", "wheel_diameter_mm": 711.0003997802734}}, {"type": "Feature", "geometry": {"type": "LineString", "coordinates": [[4.847736355237505, 52.35512901838237], [4.84774026646449, 52.355088732485946]]}, "properties": {"Speed": 18.3, "road_quality": 2, "marker": 7, "trip_id": "Febru_Trip2", "hrot_diff": 1, "sample_diff": 11, "time_diff_s": 0.22, "gps_distance_m": 4.5, "original_speed": "2232", "wheel_diameter_mm": 711.0003997802734}}, {"type": "Feature", "geometry": {"type": "LineString", "coordinates": [[4.84774026646449, 52.355088732485946], [4.8477403138374475, 52.355043789416946]]}, "properties": {"Speed": 18.3, "road_quality": 2, "marker": 7, "trip_id": "Febru_Trip2", "hrot_diff": 1, "sample_diff": 11, "time_diff_s": 0.22, "gps_distance_m": 5.0, "original_speed": "2272", "wheel_diameter_mm": 711.0003997802734}}, {"type": "Feature", "geometry": {"type": "LineString", "coordinates": [[4.8477403138374475, 52.355043789416946], [4.847756738952553, 52.35500359961651]]}, "properties": {"Speed": 20.1, "road_quality": 2, "marker": 7, "trip_id": "Febru_Trip2", "hrot_diff": 1, "sample_diff": 10, "time_diff_s": 0.2, "gps_distance_m": 4.6, "original_speed": "2252", "wheel_diameter_mm": 711.0003997802734}}, {"type": "Feature", "geometry": {"type": "LineString", "coordinates": [[4.847756738952553, 52.35500359961651], [4.847800872182375, 52.35497000372739]]}, "properties": {"Speed": 18.3, "road_quality": 2, "marker": 7, "trip_id": "Febru_Trip2", "hrot_diff": 1, "sample_diff": 11, "time_diff_s": 0.22, "gps_distance_m": 4.8, "original_speed": "2336", "wheel_diameter_mm": 711.0003997802734}}, {"type": "Feature", "geometry": {"type": "LineString", "coordinates": [[4.847800872182375, 52.35497000372739], [4.847880981400574, 52.354960388683054]]}, "properties": {"Speed": 16.8, "road_quality": 2, "marker": 7, "trip_id": "Febru_Trip2", "hrot_diff": 1, "sample_diff": 12, "time_diff_s": 0.24, "gps_distance_m": 5.5, "original_speed": "2380", "wheel_diameter_mm": 711.0003997802734}}, {"type": "Feature", "geometry": {"type": "LineString", "coordinates": [[4.847880981400574, 52.354960388683054], [4.847967607560898, 52.354958044351804]]}, "properties": {"Speed": 40, "road_quality": 2, "marker": 7, "trip_id": "Febru_Trip2", "hrot_diff": 1, "sample_diff": 5, "time_diff_s": 0.1, "gps_distance_m": 5.9, "original_speed": "2427", "wheel_diameter_mm": 711.0003997802734}}, {"type": "Feature", "geometry": {"type": "LineString", "coordinates": [[4.847967607560898, 52.354958044351804], [4.850037372286132, 52.354956344635944]]}, "properties": {"Speed": 0.2, "road_quality": 3, "marker": 7, "trip_id": "Febru_Trip2", "hrot_diff": 1, "sample_diff": 1142, "time_diff_s": 22.84, "gps_distance_m": 140.6, "original_speed": "2479", "wheel_diameter_mm": 711.0003997802734}}, {"type": "Feature", "geometry": {"type": "LineString", "coordinates": [[4.850037372286132, 52.354956344635944], [4.850097174060306, 52.35495954198409]]}, "properties": {"Speed": 25.1, "road_quality": 2, "marker": 3, "trip_id": "Febru_Trip2", "hrot_diff": 1, "sample_diff": 8, "time_diff_s": 0.16, "gps_distance_m": 4.1, "original_speed": "0", "wheel_diameter_mm": 711.0003997802734}}, {"type": "Feature", "geometry": {"type": "LineString", "coordinates": [[4.850097174060306, 52.35495954198409], [4.8501463572866275, 52.354959833009154]]}, "properties": {"Speed": 11.2, "road_quality": 2, "marker": 7, "trip_id": "Febru_Trip2", "hrot_diff": 1, "sample_diff": 18, "time_diff_s": 0.36, "gps_distance_m": 3.3, "original_speed": "124", "wheel_diameter_mm": 711.0003997802734}}, {"type": "Feature", "geometry": {"type": "LineString", "coordinates": [[4.8501463572866275, 52.354959833009154], [4.850184002285398, 52.354960055760685]]}, "properties": {"Speed": 8.0, "road_quality": 2, "marker": 7, "trip_id": "Febru_Trip2", "hrot_diff": 1, "sample_diff": 25, "time_diff_s": 0.5, "gps_distance_m": 2.6, "original_speed": "1442", "wheel_diameter_mm": 711.0003997802734}}, {"type": "Feature", "geometry": {"type": "LineString", "coordinates": [[4.850184002285398, 52.354960055760685], [4.850213446505066, 52.354959224477184]]}, "properties": {"Speed": 3.7, "road_quality": 2, "marker": 7, "trip_id": "Febru_Trip2", "hrot_diff": 1, "sample_diff": 55, "time_diff_s": 1.1, "gps_distance_m": 2.0, "original_speed": "1190", "wheel_diameter_mm": 711.0003997802734}}, {"type": "Feature", "geometry": {"type": "LineString", "coordinates": [[4.850213446505066, 52.354959224477184], [4.850230336074659, 52.35495758377299]]}, "properties": {"Speed": 3.1, "road_quality": 2, "marker": 7, "trip_id": "Febru_Trip2", "hrot_diff": 1, "sample_diff": 64, "time_diff_s": 1.28, "gps_distance_m": 1.2, "original_speed": "806", "wheel_diameter_mm": 711.0003997802734}}, {"type": "Feature", "geometry": {"type": "LineString", "coordinates": [[4.850230336074659, 52.35495758377299], [4.850271395033315, 52.35495346722712]]}, "properties": {"Speed": 11.8, "road_quality": 2, "marker": 7, "trip_id": "Febru_Trip2", "hrot_diff": 1, "sample_diff": 17, "time_diff_s": 0.34, "gps_distance_m": 2.8, "original_speed": "750", "wheel_diameter_mm": 711.0003997802734}}, {"type": "Feature", "geometry": {"type": "LineString", "coordinates": [[4.850271395033315, 52.35495346722712], [4.850340087282327, 52.35495150659253]]}, "properties": {"Speed": 14.4, "road_quality": 2, "marker": 7, "trip_id": "Febru_Trip2", "hrot_diff": 1, "sample_diff": 14, "time_diff_s": 0.28, "gps_distance_m": 4.7, "original_speed": "1652", "wheel_diameter_mm": 711.0003997802734}}, {"type": "Feature", "geometry": {"type": "LineString", "coordinates": [[4.850340087282327, 52.35495150659253], [4.850411084425652, 52.35495150659249]]}, "properties": {"Speed": 25.1, "road_quality": 2, "marker": 7, "trip_id": "Febru_Trip2", "hrot_diff": 1, "sample_diff": 8, "time_diff_s": 0.16, "gps_distance_m": 4.8, "original_speed": "2212", "wheel_diameter_mm": 711.0003997802734}}, {"type": "Feature", "geometry": {"type": "LineString", "coordinates": [[4.850411084425652, 52.35495150659249], [4.8532360443214255, 52.3548131230956]]}, "properties": {"Speed": 0.1, "road_quality": 2, "marker": 7, "trip_id": "Febru_Trip2", "hrot_diff": 1, "sample_diff": 1451, "time_diff_s": 29.02, "gps_distance_m": 192.5, "original_speed": "2631", "wheel_diameter_mm": 711.0003997802734}}, {"type": "Feature", "geometry": {"type": "LineString", "coordinates": [[4.8532360443214255, 52.3548131230956], [4.853296505479075, 52.35480651431019]]}, "properties": {"Speed": 11.8, "road_quality": 3, "marker": 7, "trip_id": "Febru_Trip2", "hrot_diff": 1, "sample_diff": 17, "time_diff_s": 0.34, "gps_distance_m": 4.2, "original_speed": "34", "wheel_diameter_mm": 711.0003997802734}}, {"type": "Feature", "geometry": {"type": "LineString", "coordinates": [[4.853296505479075, 52.35480651431019], [4.853365826597108, 52.35479539742593]]}, "properties": {"Speed": 16.3, "road_quality": 3, "marker": 7, "trip_id": "Febru_Trip2", "hrot_diff": 3, "sample_diff": 37, "time_diff_s": 0.74, "gps_distance_m": 4.9, "original_speed": "100", "wheel_diameter_mm": 711.0003997802734}}, {"type": "Feature", "geometry": {"type": "LineString", "coordinates": [[4.853365826597108, 52.35479539742593], [4.853445504932799, 52.35478655677486]]}, "properties": {"Speed": 22.3, "road_quality": 3, "marker": 6, "trip_id": "Febru_Trip2", "hrot_diff": 1, "sample_diff": 9, "time_diff_s": 0.18, "gps_distance_m": 5.5, "original_speed": "-1", "wheel_diameter_mm": 711.0003997802734}}, {"type": "Feature", "geometry": {"type": "LineString", "coordinates": [[4.853445504932799, 52.35478655677486], [4.853523407640798, 52.35477898362325]]}, "properties": {"Speed": 16.8, "road_quality": 2, "marker": 6, "trip_id": "Febru_Trip2", "hrot_diff": 1, "sample_diff": 12, "time_diff_s": 0.24, "gps_distance_m": 5.4, "original_speed": "-1", "wheel_diameter_mm": 711.0003997802734}}, {"type": "Feature", "geometry": {"type": "LineString", "coordinates": [[4.853523407640798, 52.35477898362325], [4.853604275746689, 52.35476896455474]]}, "properties": {"Speed": 18.3, "road_quality": 2, "marker": 7, "trip_id": "Febru_Trip2", "hrot_diff": 1, "sample_diff": 11, "time_diff_s": 0.22, "gps_distance_m": 5.6, "original_speed": "2727", "wheel_diameter_mm": 711.0003997802734}}, {"type": "Feature", "geometry": {"type": "LineString", "coordinates": [[4.853604275746689, 52.35476896455474], [4.85369224513456, 52.35475647405877]]}, "properties": {"Speed": 28.7, "road_quality": 3, "marker": 7, "trip_id": "Febru_Trip2", "hrot_diff": 1, "sample_diff": 7, "time_diff_s": 0.14, "gps_distance_m": 6.1, "original_speed": "2727", "wheel_diameter_mm": 711.0003997802734}}, {"type": "Feature", "geometry": {"type": "LineString", "coordinates": [[4.85369224513456, 52.35475647405877], [4.853773072199897, 52.35474609874883]]}, "properties": {"Speed": 19.5, "road_quality": 3, "marker": 7, "trip_id": "Febru_Trip2", "hrot_diff": 3, "sample_diff": 31, "time_diff_s": 0.62, "gps_distance_m": 5.6, "original_speed": "2830", "wheel_diameter_mm": 711.0003997802734}}, {"type": "Feature", "geometry": {"type": "LineString", "coordinates": [[4.853773072199897, 52.35474609874883], [4.853863343957059, 52.35473621097572]]}, "properties": {"Speed": 4.6, "road_quality": 3, "marker": 6, "trip_id": "Febru_Trip2", "hrot_diff": 1, "sample_diff": 44, "time_diff_s": 0.88, "gps_distance_m": 6.2, "original_speed": "-1", "wheel_diameter_mm": 711.0003997802734}}, {"type": "Feature", "geometry": {"type": "LineString", "coordinates": [[4.853863343957059, 52.35473621097572], [4.853954449381701, 52.35473171452216]]}, "properties": {"Speed": 18.3, "road_quality": 3, "marker": 6, "trip_id": "Febru_Trip2", "hrot_diff": 1, "sample_diff": 11, "time_diff_s": 0.22, "gps_distance_m": 6.2, "original_speed": "-1", "wheel_diameter_mm": 711.0003997802734}}, {"type": "Feature", "geometry": {"type": "LineString", "coordinates": [[4.853954449381701, 52.35473171452216], [4.854056167646905, 52.354724916527616]]}, "properties": {"Speed": 13.8, "road_quality": 2, "marker": 7, "trip_id": "Febru_Trip2", "hrot_diff": 5, "sample_diff": 73, "time_diff_s": 1.46, "gps_distance_m": 6.9, "original_speed": "1736", "wheel_diameter_mm": 711.0003997802734}}, {"type": "Feature", "geometry": {"type": "LineString", "coordinates": [[4.854056167646905, 52.354724916527616], [4.854153028874041, 52.35471963435726]]}, "properties": {"Speed": 20.1, "road_quality": 2, "marker": 6, "trip_id": "Febru_Trip2", "hrot_diff": 1, "sample_diff": 10, "time_diff_s": 0.2, "gps_distance_m": 6.6, "original_speed": "-1", "wheel_diameter_mm": 711.0003997802734}}, {"type": "Feature", "geometry": {"type": "LineString", "coordinates": [[4.854153028874041, 52.35471963435726], [4.854245915064376, 52.354707469034274]]}, "properties": {"Speed": 18.3, "road_quality": 2, "marker": 6, "trip_id": "Febru_Trip2", "hrot_diff": 1, "sample_diff": 11, "time_diff_s": 0.22, "gps_distance_m": 6.5, "original_speed": "-1", "wheel_diameter_mm": 711.0003997802734}}, {"type": "Feature", "geometry": {"type": "LineString", "coordinates": [[4.854245915064376, 52.354707469034274], [4.854327312633907, 52.35470582596541]]}, "properties": {"Speed": 28.7, "road_quality": 2, "marker": 7, "trip_id": "Febru_Trip2", "hrot_diff": 1, "sample_diff": 7, "time_diff_s": 0.14, "gps_distance_m": 5.5, "original_speed": "2727", "wheel_diameter_mm": 711.0003997802734}}, {"type": "Feature", "geometry": {"type": "LineString", "coordinates": [[4.854327312633907, 52.35470582596541], [4.855124956002994, 52.35478719515645]]}, "properties": {"Speed": 0.4, "road_quality": 2, "marker": 7, "trip_id": "Febru_Trip2", "hrot_diff": 1, "sample_diff": 447, "time_diff_s": 8.94, "gps_distance_m": 54.9, "original_speed": "2777", "wheel_diameter_mm": 711.0003997802734}}, {"type": "Feature", "geometry": {"type": "LineString", "coordinates": [[4.855124956002994, 52.35478719515645], [4.855173525048752, 52.35479888485852]]}, "properties": {"Speed": 10.1, "road_quality": 2, "marker": 7, "trip_id": "Febru_Trip2", "hrot_diff": 1, "sample_diff": 20, "time_diff_s": 0.4, "gps_distance_m": 3.5, "original_speed": "109", "wheel_diameter_mm": 711.0003997802734}}, {"type": "Feature", "geometry": {"type": "LineString", "coordinates": [[4.855173525048752, 52.35479888485852], [4.855200059296929, 52.35480738560705]]}, "properties": {"Speed": 6.9, "road_quality": 2, "marker": 7, "trip_id": "Febru_Trip2", "hrot_diff": 1, "sample_diff": 29, "time_diff_s": 0.58, "gps_distance_m": 2.0, "original_speed": "283", "wheel_diameter_mm": 711.0003997802734}}, {"type": "Feature", "geometry": {"type": "LineString", "coordinates": [[4.855200059296929, 52.35480738560705], [4.855218774731519, 52.354813115036045]]}, "properties": {"Speed": 4.5, "road_quality": 2, "marker": 7, "trip_id": "Febru_Trip2", "hrot_diff": 1, "sample_diff": 45, "time_diff_s": 0.9, "gps_distance_m": 1.4, "original_speed": "1250", "wheel_diameter_mm": 711.0003997802734}}, {"type": "Feature", "geometry": {"type": "LineString", "coordinates": [[4.855218774731519, 52.354813115036045], [4.855229076876056, 52.35480639952973]]}, "properties": {"Speed": 0.4, "road_quality": 2, "marker": 7, "trip_id": "Febru_Trip2", "hrot_diff": 1, "sample_diff": 456, "time_diff_s": 9.12, "gps_distance_m": 1.0, "original_speed": "813", "wheel_diameter_mm": 711.0003997802734}}, {"type": "Feature", "geometry": {"type": "LineString", "coordinates": [[4.855229076876056, 52.35480639952973], [4.855270900445162, 52.35482046174596]]}, "properties": {"Speed": 8.0, "road_quality": 2, "marker": 7, "trip_id": "Febru_Trip2", "hrot_diff": 1, "sample_diff": 25, "time_diff_s": 0.5, "gps_distance_m": 3.2, "original_speed": "917", "wheel_diameter_mm": 711.0003997802734}}, {"type": "Feature", "geometry": {"type": "LineString", "coordinates": [[4.855270900445162, 52.35482046174596], [4.855294010305265, 52.35482815213918]]}, "properties": {"Speed": 7.7, "road_quality": 2, "marker": 7, "trip_id": "Febru_Trip2", "hrot_diff": 1, "sample_diff": 26, "time_diff_s": 0.52, "gps_distance_m": 1.8, "original_speed": "986", "wheel_diameter_mm": 711.0003997802734}}, {"type": "Feature", "geometry": {"type": "LineString", "coordinates": [[4.855294010305265, 52.35482815213918], [4.85531980503059, 52.35483668739124]]}, "properties": {"Speed": 9.1, "road_quality": 2, "marker": 7, "trip_id": "Febru_Trip2", "hrot_diff": 1, "sample_diff": 22, "time_diff_s": 0.44, "gps_distance_m": 2.0, "original_speed": "1071", "wheel_diameter_mm": 711.0003997802734}}, {"type": "Feature", "geometry": {"type": "LineString", "coordinates": [[4.85531980503059, 52.35483668739124], [4.8553736211866, 52.354854494776355]]}, "properties": {"Speed": 16.8, "road_quality": 3, "marker": 7, "trip_id": "Febru_Trip2", "hrot_diff": 1, "sample_diff": 12, "time_diff_s": 0.24, "gps_distance_m": 4.2, "original_speed": "1538", "wheel_diameter_mm": 711.0003997802734}}, {"type": "Feature", "geometry": {"type": "LineString", "coordinates": [[4.8553736211866, 52.354854494776355], [4.85544604222923, 52.35486517509368]]}, "properties": {"Speed": 18.3, "road_quality": 3, "marker": 7, "trip_id": "Febru_Trip2", "hrot_diff": 1, "sample_diff": 11, "time_diff_s": 0.22, "gps_distance_m": 5.1, "original_speed": "2049", "wheel_diameter_mm": 711.0003997802734}}, {"type": "Feature", "geometry": {"type": "LineString", "coordinates": [[4.85544604222923, 52.35486517509368], [4.855518358898054, 52.354884082234605]]}, "properties": {"Speed": 25.1, "road_quality": 2, "marker": 7, "trip_id": "Febru_Trip2", "hrot_diff": 1, "sample_diff": 8, "time_diff_s": 0.16, "gps_distance_m": 5.3, "original_speed": "2475", "wheel_diameter_mm": 711.0003997802734}}, {"type": "Feature", "geometry": {"type": "LineString", "coordinates": [[4.855518358898054, 52.354884082234605], [4.855588605416927, 52.35491021299305]]}, "properties": {"Speed": 18.3, "road_quality": 2, "marker": 7, "trip_id": "Febru_Trip2", "hrot_diff": 1, "sample_diff": 11, "time_diff_s": 0.22, "gps_distance_m": 5.6, "original_speed": "2521", "wheel_diameter_mm": 711.0003997802734}}, {"type": "Feature", "geometry": {"type": "LineString", "coordinates": [[4.855588605416927, 52.35491021299305], [4.855668413662109, 52.35492165746693]]}, "properties": {"Speed": 20.1, "road_quality": 2, "marker": 7, "trip_id": "Febru_Trip2", "hrot_diff": 1, "sample_diff": 10, "time_diff_s": 0.2, "gps_distance_m": 5.6, "original_speed": "2403", "wheel_diameter_mm": 711.0003997802734}}, {"type": "Feature", "geometry": {"type": "LineString", "coordinates": [[4.855668413662109, 52.35492165746693], [4.855736821183793, 52.35493702247259]]}, "properties": {"Speed": 18.3, "road_quality": 2, "marker": 7, "trip_id": "Febru_Trip2", "hrot_diff": 1, "sample_diff": 11, "time_diff_s": 0.22, "gps_distance_m": 5.0, "original_speed": "2380", "wheel_diameter_mm": 711.0003997802734}}, {"type": "Feature", "geometry": {"type": "LineString", "coordinates": [[4.855736821183793, 52.35493702247259], [4.855804088864863, 52.35494834246324]]}, "properties": {"Speed": 18.3, "road_quality": 2, "marker": 7, "trip_id": "Febru_Trip2", "hrot_diff": 1, "sample_diff": 11, "time_diff_s": 0.22, "gps_distance_m": 4.7, "original_speed": "2272", "wheel_diameter_mm": 711.0003997802734}}, {"type": "Feature", "geometry": {"type": "LineString", "coordinates": [[4.855804088864863, 52.35494834246324], [4.855872737731475, 52.35495838520992]]}, "properties": {"Speed": 22.3, "road_quality": 2, "marker": 7, "trip_id": "Febru_Trip2", "hrot_diff": 1, "sample_diff": 9, "time_diff_s": 0.18, "gps_distance_m": 4.8, "original_speed": "2380", "wheel_diameter_mm": 711.0003997802734}}, {"type": "Feature", "geometry": {"type": "LineString", "coordinates": [[4.855872737731475, 52.35495838520992], [4.85594460036214, 52.354979641572356]]}, "properties": {"Speed": 20.1, "road_quality": 2, "marker": 7, "trip_id": "Febru_Trip2", "hrot_diff": 3, "sample_diff": 30, "time_diff_s": 0.6, "gps_distance_m": 5.4, "original_speed": "2586", "wheel_diameter_mm": 711.0003997802734}}, {"type": "Feature", "geometry": {"type": "LineString", "coordinates": [[4.881661237932255, 52.36160512935899], [4.881699027355713, 52.361620024245354]]}, "properties": {"Speed": 10.1, "road_quality": 2, "marker": 7, "trip_id": "Febru_Trip2", "hrot_diff": 1, "sample_diff": 20, "time_diff_s": 0.4, "gps_distance_m": 3.1, "original_speed": "3", "wheel_diameter_mm": 711.0003997802734}}, {"type": "Feature", "geometry": {"type": "LineString", "coordinates": [[4.881699027355713, 52.361620024245354], [4.881725115805227, 52.36163696166749]]}, "properties": {"Speed": 8.7, "road_quality": 2, "marker": 7, "trip_id": "Febru_Trip2", "hrot_diff": 1, "sample_diff": 23, "time_diff_s": 0.46, "gps_distance_m": 2.6, "original_speed": "1428", "wheel_diameter_mm": 711.0003997802734}}, {"type": "Feature", "geometry": {"type": "LineString", "coordinates": [[4.881725115805227, 52.36163696166749], [4.8817430132127, 52.3616534157584]]}, "properties": {"Speed": 5.0, "road_quality": 2, "marker": 7, "trip_id": "Febru_Trip2", "hrot_diff": 1, "sample_diff": 40, "time_diff_s": 0.8, "gps_distance_m": 2.2, "original_speed": "1162", "wheel_diameter_mm": 711.0003997802734}}, {"type": "Feature", "geometry": {"type": "LineString", "coordinates": [[4.8817430132127, 52.3616534157584], [4.8817657993220385, 52.36165547439355]]}, "properties": {"Speed": 0.1, "road_quality": 2, "marker": 7, "trip_id": "Febru_Trip2", "hrot_diff": 1, "sample_diff": 2147, "time_diff_s": 42.94, "gps_distance_m": 1.6, "original_speed": "917", "wheel_diameter_mm": 711.0003997802734}}, {"type": "Feature", "geometry": {"type": "LineString", "coordinates": [[4.8817657993220385, 52.36165547439355], [4.881777221596767, 52.361665532560494]]}, "properties": {"Speed": 5.7, "road_quality": 2, "marker": 3, "trip_id": "Febru_Trip2", "hrot_diff": 1, "sample_diff": 35, "time_diff_s": 0.7, "gps_distance_m": 1.4, "original_speed": "0", "wheel_diameter_mm": 711.0003997802734}}, {"type": "Feature", "geometry": {"type": "LineString", "coordinates": [[4.881777221596767, 52.361665532560494], [4.881778324807605, 52.36167708633834]]}, "properties": {"Speed": 5.6, "road_quality": 2, "marker": 7, "trip_id": "Febru_Trip2", "hrot_diff": 1, "sample_diff": 36, "time_diff_s": 0.72, "gps_distance_m": 1.3, "original_speed": "44", "wheel_diameter_mm": 711.0003997802734}}, {"type": "Feature", "geometry": {"type": "LineString", "coordinates": [[4.881778324807605, 52.36167708633834], [4.881788057789088, 52.36168676323161]]}, "properties": {"Speed": 6.9, "road_quality": 2, "marker": 7, "trip_id": "Febru_Trip2", "hrot_diff": 1, "sample_diff": 29, "time_diff_s": 0.58, "gps_distance_m": 1.3, "original_speed": "680", "wheel_diameter_mm": 711.0003997802734}}, {"type": "Feature", "geometry": {"type": "LineString", "coordinates": [[4.881788057789088, 52.36168676323161], [4.881802789293246, 52.36169567912137]]}, "properties": {"Speed": 8.4, "road_quality": 2, "marker": 7, "trip_id": "Febru_Trip2", "hrot_diff": 1, "sample_diff": 24, "time_diff_s": 0.48, "gps_distance_m": 1.4, "original_speed": "847", "wheel_diameter_mm": 711.0003997802734}}, {"type": "Feature", "geometry": {"type": "LineString", "coordinates": [[4.881802789293246, 52.36169567912137], [4.88182448897727, 52.36171702344082]]}, "properties": {"Speed": 16.8, "road_quality": 2, "marker": 7, "trip_id": "Febru_Trip2", "hrot_diff": 1, "sample_diff": 12, "time_diff_s": 0.24, "gps_distance_m": 2.8, "original_speed": "1153", "wheel_diameter_mm": 711.0003997802734}}, {"type": "Feature", "geometry": {"type": "LineString", "coordinates": [[4.88182448897727, 52.36171702344082], [4.881863588338599, 52.361742099838374]]}, "properties": {"Speed": 16.8, "road_quality": 2, "marker": 7, "trip_id": "Febru_Trip2", "hrot_diff": 1, "sample_diff": 12, "time_diff_s": 0.24, "gps_distance_m": 3.9, "original_speed": "1550", "wheel_diameter_mm": 711.0003997802734}}, {"type": "Feature", "geometry": {"type": "LineString", "coordinates": [[4.881863588338599, 52.361742099838374], [4.881906670189624, 52.361766581437145]]}, "properties": {"Speed": 13.4, "road_quality": 2, "marker": 7, "trip_id": "Febru_Trip2", "hrot_diff": 1, "sample_diff": 15, "time_diff_s": 0.3, "gps_distance_m": 4.0, "original_speed": "1869", "wheel_diameter_mm": 711.0003997802734}}, {"type": "Feature", "geometry": {"type": "LineString", "coordinates": [[4.881906670189624, 52.361766581437145], [4.881946704507518, 52.361796668424525]]}, "properties": {"Speed": 14.4, "road_quality": 3, "marker": 7, "trip_id": "Febru_Trip2", "hrot_diff": 1, "sample_diff": 14, "time_diff_s": 0.28, "gps_distance_m": 4.3, "original_speed": "1851", "wheel_diameter_mm": 711.0003997802734}}, {"type": "Feature", "geometry": {"type": "LineString", "coordinates": [[4.881946704507518, 52.361796668424525], [4.881989769704259, 52.36183327613849]]}, "properties": {"Speed": 22.3, "road_quality": 3, "marker": 7, "trip_id": "Febru_Trip2", "hrot_diff": 1, "sample_diff": 9, "time_diff_s": 0.18, "gps_distance_m": 5.0, "original_speed": "2136", "wheel_diameter_mm": 711.0003997802734}}, {"type": "Feature", "geometry": {"type": "LineString", "coordinates": [[4.881989769704259, 52.36183327613849], [4.882029132434941, 52.36186391740454]]}, "properties": {"Speed": 14.4, "road_quality": 3, "marker": 7, "trip_id": "Febru_Trip2", "hrot_diff": 1, "sample_diff": 14, "time_diff_s": 0.28, "gps_distance_m": 4.3, "original_speed": "1960", "wheel_diameter_mm": 711.0003997802734}}, {"type": "Feature", "geometry": {"type": "LineString", "coordinates": [[4.882029132434941, 52.36186391740454], [4.882065230572095, 52.36188840970875]]}, "properties": {"Speed": 14.4, "road_quality": 3, "marker": 7, "trip_id": "Febru_Trip2", "hrot_diff": 1, "sample_diff": 14, "time_diff_s": 0.28, "gps_distance_m": 3.7, "original_speed": "1851", "wheel_diameter_mm": 711.0003997802734}}, {"type": "Feature", "geometry": {"type": "LineString", "coordinates": [[4.882065230572095, 52.36188840970875], [4.8820926905190465, 52.361915949291884]]}, "properties": {"Speed": 12.6, "road_quality": 2, "marker": 7, "trip_id": "Febru_Trip2", "hrot_diff": 1, "sample_diff": 16, "time_diff_s": 0.32, "gps_distance_m": 3.6, "original_speed": "1785", "wheel_diameter_mm": 711.0003997802734}}, {"type": "Feature", "geometry": {"type": "LineString", "coordinates": [[4.8820926905190465, 52.361915949291884], [4.882119964320655, 52.36194163703184]]}, "properties": {"Speed": 14.4, "road_quality": 2, "marker": 7, "trip_id": "Febru_Trip2", "hrot_diff": 1, "sample_diff": 14, "time_diff_s": 0.28, "gps_distance_m": 3.4, "original_speed": "1754", "wheel_diameter_mm": 711.0003997802734}}, {"type": "Feature", "geometry": {"type": "LineString", "coordinates": [[4.882119964320655, 52.36194163703184], [4.882148808413635, 52.36197372353863]]}, "properties": {"Speed": 16.8, "road_quality": 2, "marker": 7, "trip_id": "Febru_Trip2", "hrot_diff": 1, "sample_diff": 12, "time_diff_s": 0.24, "gps_distance_m": 4.1, "original_speed": "1869", "wheel_diameter_mm": 711.0003997802734}}, {"type": "Feature", "geometry": {"type": "LineString", "coordinates": [[4.882148808413635, 52.36197372353863], [4.882192647007857, 52.361998050358764]]}, "properties": {"Speed": 16.8, "road_quality": 2, "marker": 7, "trip_id": "Febru_Trip2", "hrot_diff": 1, "sample_diff": 12, "time_diff_s": 0.24, "gps_distance_m": 4.0, "original_speed": "1886", "wheel_diameter_mm": 711.0003997802734}}, {"type": "Feature", "geometry": {"type": "LineString", "coordinates": [[4.882192647007857, 52.361998050358764], [4.882235438482332, 52.36201981989195]]}, "properties": {"Speed": 14.4, "road_quality": 2, "marker": 7, "trip_id": "Febru_Trip2", "hrot_diff": 1, "sample_diff": 14, "time_diff_s": 0.28, "gps_distance_m": 3.8, "original_speed": "1886", "wheel_diameter_mm": 711.0003997802734}}, {"type": "Feature", "geometry": {"type": "LineString", "coordinates": [[4.882235438482332, 52.36201981989195], [4.882272292727597, 52.3620432119055]]}, "properties": {"Speed": 11.8, "road_quality": 2, "marker": 7, "trip_id": "Febru_Trip2", "hrot_diff": 1, "sample_diff": 17, "time_diff_s": 0.34, "gps_distance_m": 3.6, "original_speed": "1639", "wheel_diameter_mm": 711.0003997802734}}, {"type": "Feature", "geometry": {"type": "LineString", "coordinates": [[4.882272292727597, 52.3620432119055], [4.882293600649913, 52.362063001437]]}, "properties": {"Speed": 11.8, "road_quality": 2, "marker": 7, "trip_id": "Febru_Trip2", "hrot_diff": 1, "sample_diff": 17, "time_diff_s": 0.34, "gps_distance_m": 2.6, "original_speed": "1485", "wheel_diameter_mm": 711.0003997802734}}, {"type": "Feature", "geometry": {"type": "LineString", "coordinates": [[4.882293600649913, 52.362063001437], [4.882322641955595, 52.36208479498619]]}, "properties": {"Speed": 12.6, "road_quality": 3, "marker": 7, "trip_id": "Febru_Trip2", "hrot_diff": 1, "sample_diff": 16, "time_diff_s": 0.32, "gps_distance_m": 3.1, "original_speed": "1515", "wheel_diameter_mm": 711.0003997802734}}, {"type": "Feature", "geometry": {"type": "LineString", "coordinates": [[4.882322641955595, 52.36208479498619], [4.882351144752464, 52.3621089644653]]}, "properties": {"Speed": 13.4, "road_quality": 3, "marker": 7, "trip_id": "Febru_Trip2", "hrot_diff": 1, "sample_diff": 15, "time_diff_s": 0.3, "gps_distance_m": 3.3, "original_speed": "1587", "wheel_diameter_mm": 711.0003997802734}}, {"type": "Feature", "geometry": {"type": "LineString", "coordinates": [[4.882351144752464, 52.3621089644653], [4.882388318072284, 52.362138506253096]]}, "properties": {"Speed": 13.4, "road_quality": 2, "marker": 7, "trip_id": "Febru_Trip2", "hrot_diff": 1, "sample_diff": 15, "time_diff_s": 0.3, "gps_distance_m": 4.1, "original_speed": "1754", "wheel_diameter_mm": 711.0003997802734}}, {"type": "Feature", "geometry": {"type": "LineString", "coordinates": [[4.882388318072284, 52.362138506253096], [4.882422114512015, 52.36216211128226]]}, "properties": {"Speed": 14.4, "road_quality": 2, "marker": 7, "trip_id": "Febru_Trip2", "hrot_diff": 1, "sample_diff": 14, "time_diff_s": 0.28, "gps_distance_m": 3.5, "original_speed": "1680", "wheel_diameter_mm": 711.0003997802734}}, {"type": "Feature", "geometry": {"type": "LineString", "coordinates": [[4.882422114512015, 52.36216211128226], [4.88246299390226, 52.362182853364985]]}, "properties": {"Speed": 15.5, "road_quality": 2, "marker": 7, "trip_id": "Febru_Trip2", "hrot_diff": 1, "sample_diff": 13, "time_diff_s": 0.26, "gps_distance_m": 3.6, "original_speed": "1801", "wheel_diameter_mm": 711.0003997802734}}, {"type": "Feature", "geometry": {"type": "LineString", "coordinates": [[4.88246299390226, 52.362182853364985], [4.882507282067833, 52.36220877371843]]}, "properties": {"Speed": 16.8, "road_quality": 2, "marker": 7, "trip_id": "Febru_Trip2", "hrot_diff": 1, "sample_diff": 12, "time_diff_s": 0.24, "gps_distance_m": 4.2, "original_speed": "1980", "wheel_diameter_mm": 711.0003997802734}}, {"type": "Feature", "geometry": {"type": "LineString", "coordinates": [[4.882507282067833, 52.36220877371843], [4.8825465391231, 52.362239931887494]]}, "properties": {"Speed": 20.1, "road_quality": 2, "marker": 7, "trip_id": "Febru_Trip2", "hrot_diff": 1, "sample_diff": 10, "time_diff_s": 0.2, "gps_distance_m": 4.4, "original_speed": "2100", "wheel_diameter_mm": 711.0003997802734}}, {"type": "Feature", "geometry": {"type": "LineString", "coordinates": [[4.8825465391231, 52.362239931887494], [4.882607321435216, 52.36226039889204]]}, "properties": {"Speed": 20.1, "road_quality": 2, "marker": 7, "trip_id": "Febru_Trip2", "hrot_diff": 1, "sample_diff": 10, "time_diff_s": 0.2, "gps_distance_m": 4.7, "original_speed": "2314", "wheel_diameter_mm": 711.0003997802734}}, {"type": "Feature", "geometry": {"type": "LineString", "coordinates": [[4.882607321435216, 52.36226039889204], [4.88267350282757, 52.362278568601624]]}, "properties": {"Speed": 16.8, "road_quality": 2, "marker": 7, "trip_id": "Febru_Trip2", "hrot_diff": 1, "sample_diff": 12, "time_diff_s": 0.24, "gps_distance_m": 4.9, "original_speed": "2427", "wheel_diameter_mm": 711.0003997802734}}, {"type": "Feature", "geometry": {"type": "LineString", "coordinates": [[4.88267350282757, 52.362278568601624], [4.882755994794335, 52.3622878952952]]}, "properties": {"Speed": 18.3, "road_quality": 2, "marker": 7, "trip_id": "Febru_Trip2", "hrot_diff": 1, "sample_diff": 11, "time_diff_s": 0.22, "gps_distance_m": 5.7, "original_speed": "2521", "wheel_diameter_mm": 711.0003997802734}}, {"type": "Feature", "geometry": {"type": "LineString", "coordinates": [[4.882755994794335, 52.3622878952952], [4.882838141003503, 52.36228172907502]]}, "properties": {"Speed": 22.3, "road_quality": 2, "marker": 7, "trip_id": "Febru_Trip2", "hrot_diff": 1, "sample_diff": 9, "time_diff_s": 0.18, "gps_distance_m": 5.6, "original_speed": "2564", "wheel_diameter_mm": 711.0003997802734}}, {"type": "Feature", "geometry": {"type": "LineString", "coordinates": [[4.882838141003503, 52.36228172907502], [4.88291614056516, 52.36227074366549]]}, "properties": {"Speed": 20.1, "road_quality": 2, "marker": 7, "trip_id": "Febru_Trip2", "hrot_diff": 1, "sample_diff": 10, "time_diff_s": 0.2, "gps_distance_m": 5.4, "original_speed": "2542", "wheel_diameter_mm": 711.0003997802734}}, {"type": "Feature", "geometry": {"type": "LineString", "coordinates": [[4.88291614056516, 52.36227074366549], [4.882987453443366, 52.362261009145804]]}, "properties": {"Speed": 20.1, "road_quality": 2, "marker": 7, "trip_id": "Febru_Trip2", "hrot_diff": 1, "sample_diff": 10, "time_diff_s": 0.2, "gps_distance_m": 5.0, "original_speed": "2427", "wheel_diameter_mm": 711.0003997802734}}, {"type": "Feature", "geometry": {"type": "LineString", "coordinates": [[4.882987453443366, 52.362261009145804], [4.883062062011509, 52.36226044071027]]}, "properties": {"Speed": 18.3, "road_quality": 2, "marker": 7, "trip_id": "Febru_Trip2", "hrot_diff": 1, "sample_diff": 11, "time_diff_s": 0.22, "gps_distance_m": 5.1, "original_speed": "2358", "wheel_diameter_mm": 711.0003997802734}}, {"type": "Feature", "geometry": {"type": "LineString", "coordinates": [[4.883062062011509, 52.36226044071027], [4.883130294668344, 52.36227032051578]]}, "properties": {"Speed": 16.8, "road_quality": 2, "marker": 7, "trip_id": "Febru_Trip2", "hrot_diff": 1, "sample_diff": 12, "time_diff_s": 0.24, "gps_distance_m": 4.8, "original_speed": "2293", "wheel_diameter_mm": 711.0003997802734}}, {"type": "Feature", "geometry": {"type": "LineString", "coordinates": [[4.883130294668344, 52.36227032051578], [4.883189430855671, 52.36229074114198]]}, "properties": {"Speed": 18.3, "road_quality": 2, "marker": 7, "trip_id": "Febru_Trip2", "hrot_diff": 1, "sample_diff": 11, "time_diff_s": 0.22, "gps_distance_m": 4.6, "original_speed": "2232", "wheel_diameter_mm": 711.0003997802734}}, {"type": "Feature", "geometry": {"type": "LineString", "coordinates": [[4.883189430855671, 52.36229074114198], [4.883236557050383, 52.36231634565982]]}, "properties": {"Speed": 20.1, "road_quality": 2, "marker": 7, "trip_id": "Febru_Trip2", "hrot_diff": 1, "sample_diff": 10, "time_diff_s": 0.2, "gps_distance_m": 4.3, "original_speed": "2192", "wheel_diameter_mm": 711.0003997802734}}, {"type": "Feature", "geometry": {"type": "LineString", "coordinates": [[4.883236557050383, 52.36231634565982], [4.883284291676446, 52.362356278649266]]}, "properties": {"Speed": 20.1, "road_quality": 2, "marker": 7, "trip_id": "Febru_Trip2", "hrot_diff": 1, "sample_diff": 10, "time_diff_s": 0.2, "gps_distance_m": 5.5, "original_speed": "2252", "wheel_diameter_mm": 711.0003997802734}}, {"type": "Feature", "geometry": {"type": "LineString", "coordinates": [[4.883284291676446, 52.362356278649266], [4.883327274922881, 52.3623962626467]]}, "properties": {"Speed": 18.3, "road_quality": 2, "marker": 7, "trip_id": "Febru_Trip2", "hrot_diff": 1, "sample_diff": 11, "time_diff_s": 0.22, "gps_distance_m": 5.3, "original_speed": "2293", "wheel_diameter_mm": 711.0003997802734}}, {"type": "Feature", "geometry": {"type": "LineString", "coordinates": [[4.883327274922881, 52.3623962626467], [4.883377662491664, 52.36242795247533]]}, "properties": {"Speed": 16.8, "road_quality": 2, "marker": 7, "trip_id": "Febru_Trip2", "hrot_diff": 1, "sample_diff": 12, "time_diff_s": 0.24, "gps_distance_m": 4.9, "original_speed": "2272", "wheel_diameter_mm": 711.0003997802734}}, {"type": "Feature", "geometry": {"type": "LineString", "coordinates": [[4.883377662491664, 52.36242795247533], [4.883431588512999, 52.36244841721916]]}, "properties": {"Speed": 16.8, "road_quality": 2, "marker": 7, "trip_id": "Febru_Trip2", "hrot_diff": 1, "sample_diff": 12, "time_diff_s": 0.24, "gps_distance_m": 4.3, "original_speed": "2155", "wheel_diameter_mm": 711.0003997802734}}, {"type": "Feature", "geometry": {"type": "LineString", "coordinates": [[4.883431588512999, 52.36244841721916], [4.8834827357804516, 52.362470483678635]]}, "properties": {"Speed": 16.8, "road_quality": 2, "marker": 7, "trip_id": "Febru_Trip2", "hrot_diff": 1, "sample_diff": 12, "time_diff_s": 0.24, "gps_distance_m": 4.3, "original_speed": "2118", "wheel_diameter_mm": 711.0003997802734}}, {"type": "Feature", "geometry": {"type": "LineString", "coordinates": [[4.8834827357804516, 52.362470483678635], [4.8835282044999095, 52.362502644328465]]}, "properties": {"Speed": 13.4, "road_quality": 2, "marker": 7, "trip_id": "Febru_Trip2", "hrot_diff": 1, "sample_diff": 15, "time_diff_s": 0.3, "gps_distance_m": 4.7, "original_speed": "2083", "wheel_diameter_mm": 711.0003997802734}}, {"type": "Feature", "geometry": {"type": "LineString", "coordinates": [[4.8835282044999095, 52.362502644328465], [4.883560029975667, 52.36252238892072]]}, "properties": {"Speed": 13.4, "road_quality": 2, "marker": 7, "trip_id": "Febru_Trip2", "hrot_diff": 1, "sample_diff": 15, "time_diff_s": 0.3, "gps_distance_m": 3.1, "original_speed": "1818", "wheel_diameter_mm": 711.0003997802734}}, {"type": "Feature", "geometry": {"type": "LineString", "coordinates": [[4.883560029975667, 52.36252238892072], [4.8835794610897665, 52.36250225133254]]}, "properties": {"Speed": 16.8, "road_quality": 2, "marker": 7, "trip_id": "Febru_Trip2", "hrot_diff": 1, "sample_diff": 12, "time_diff_s": 0.24, "gps_distance_m": 2.6, "original_speed": "1694", "wheel_diameter_mm": 711.0003997802734}}, {"type": "Feature", "geometry": {"type": "LineString", "coordinates": [[4.8835794610897665, 52.36250225133254], [4.88356309492777, 52.362483893280846]]}, "properties": {"Speed": 11.2, "road_quality": 2, "marker": 7, "trip_id": "Febru_Trip2", "hrot_diff": 1, "sample_diff": 18, "time_diff_s": 0.36, "gps_distance_m": 2.3, "original_speed": "1538", "wheel_diameter_mm": 711.0003997802734}}, {"type": "Feature", "geometry": {"type": "LineString", "coordinates": [[4.88356309492777, 52.362483893280846], [4.883613626484304, 52.362457199164545]]}, "properties": {"Speed": 12.6, "road_quality": 2, "marker": 7, "trip_id": "Febru_Trip2", "hrot_diff": 1, "sample_diff": 16, "time_diff_s": 0.32, "gps_distance_m": 4.5, "original_speed": "1470", "wheel_diameter_mm": 711.0003997802734}}, {"type": "Feature", "geometry": {"type": "LineString", "coordinates": [[4.883613626484304, 52.362457199164545], [4.883691455625417, 52.36245182969419]]}, "properties": {"Speed": 11.8, "road_quality": 2, "marker": 7, "trip_id": "Febru_Trip2", "hrot_diff": 1, "sample_diff": 17, "time_diff_s": 0.34, "gps_distance_m": 5.3, "original_speed": "1574", "wheel_diameter_mm": 711.0003997802734}}, {"type": "Feature", "geometry": {"type": "LineString", "coordinates": [[4.883691455625417, 52.36245182969419], [4.883736275488332, 52.36243289049205]]}, "properties": {"Speed": 13.4, "road_quality": 2, "marker": 7, "trip_id": "Febru_Trip2", "hrot_diff": 1, "sample_diff": 15, "time_diff_s": 0.3, "gps_distance_m": 3.7, "original_speed": "1574", "wheel_diameter_mm": 711.0003997802734}}, {"type": "Feature", "geometry": {"type": "LineString", "coordinates": [[4.883736275488332, 52.36243289049205], [4.883783699088316, 52.36241051872351]]}, "properties": {"Speed": 15.5, "road_quality": 2, "marker": 7, "trip_id": "Febru_Trip2", "hrot_diff": 1, "sample_diff": 13, "time_diff_s": 0.26, "gps_distance_m": 4.1, "original_speed": "1886", "wheel_diameter_mm": 711.0003997802734}}, {"type": "Feature", "geometry": {"type": "LineString", "coordinates": [[4.883783699088316, 52.36241051872351], [4.8838472005524665, 52.362384892200964]]}, "properties": {"Speed": 25.1, "road_quality": 2, "marker": 7, "trip_id": "Febru_Trip2", "hrot_diff": 1, "sample_diff": 8, "time_diff_s": 0.16, "gps_distance_m": 5.2, "original_speed": "2293", "wheel_diameter_mm": 711.0003997802734}}, {"type": "Feature", "geometry": {"type": "LineString", "coordinates": [[4.911404321398244, 52.36183340673884], [4.911447018706218, 52.361857546350606]]}, "properties": {"Speed": 40, "road_quality": 2, "marker": 7, "trip_id": "Febru_Trip2", "hrot_diff": 1, "sample_diff": 5, "time_diff_s": 0.1, "gps_distance_m": 4.0, "original_speed": "6", "wheel_diameter_mm": 711.0003997802734}}, {"type": "Feature", "geometry": {"type": "LineString", "coordinates": [[4.911447018706218, 52.361857546350606], [4.91146033883161, 52.361886735873895]]}, "properties": {"Speed": 10.6, "road_quality": 2, "marker": 7, "trip_id": "Febru_Trip2", "hrot_diff": 1, "sample_diff": 19, "time_diff_s": 0.38, "gps_distance_m": 3.4, "original_speed": "1754", "wheel_diameter_mm": 711.0003997802734}}, {"type": "Feature", "geometry": {"type": "LineString", "coordinates": [[4.91146033883161, 52.361886735873895], [4.911464412827261, 52.36191693504099]]}, "properties": {"Speed": 12.6, "road_quality": 2, "marker": 7, "trip_id": "Febru_Trip2", "hrot_diff": 1, "sample_diff": 16, "time_diff_s": 0.32, "gps_distance_m": 3.4, "original_speed": "1562", "wheel_diameter_mm": 711.0003997802734}}, {"type": "Feature", "geometry": {"type": "LineString", "coordinates": [[4.911464412827261, 52.36191693504099], [4.911454814746831, 52.36194811433991]]}, "properties": {"Speed": 15.5, "road_quality": 2, "marker": 7, "trip_id": "Febru_Trip2", "hrot_diff": 1, "sample_diff": 13, "time_diff_s": 0.26, "gps_distance_m": 3.5, "original_speed": "1680", "wheel_diameter_mm": 711.0003997802734}}, {"type": "Feature", "geometry": {"type": "LineString", "coordinates": [[4.911454814746831, 52.36194811433991], [4.9114363144211275, 52.36198776238334]]}, "properties": {"Speed": 18.3, "road_quality": 2, "marker": 7, "trip_id": "Febru_Trip2", "hrot_diff": 1, "sample_diff": 11, "time_diff_s": 0.22, "gps_distance_m": 4.6, "original_speed": "2000", "wheel_diameter_mm": 711.0003997802734}}, {"type": "Feature", "geometry": {"type": "LineString", "coordinates": [[4.9114363144211275, 52.36198776238334], [4.911401923326748, 52.362026471836295]]}, "properties": {"Speed": 16.8, "road_quality": 2, "marker": 7, "trip_id": "Febru_Trip2", "hrot_diff": 1, "sample_diff": 12, "time_diff_s": 0.24, "gps_distance_m": 4.9, "original_speed": "2212", "wheel_diameter_mm": 711.0003997802734}}, {"type": "Feature", "geometry": {"type": "LineString", "coordinates": [[4.911401923326748, 52.362026471836295], [4.911556588445393, 52.36611599347905]]}, "properties": {"Speed": 0.1, "road_quality": 2, "marker": 7, "trip_id": "Febru_Trip2", "hrot_diff": 1, "sample_diff": 3593, "time_diff_s": 71.86, "gps_distance_m": 454.9, "original_speed": "2358", "wheel_diameter_mm": 711.0003997802734}}, {"type": "Feature", "geometry": {"type": "LineString", "coordinates": [[4.911556588445393, 52.36611599347905], [4.911600446038995, 52.36613836452486]]}, "properties": {"Speed": 9.6, "road_quality": 2, "marker": 7, "trip_id": "Febru_Trip2", "hrot_diff": 1, "sample_diff": 21, "time_diff_s": 0.42, "gps_distance_m": 3.9, "original_speed": "40", "wheel_diameter_mm": 711.0003997802734}}, {"type": "Feature", "geometry": {"type": "LineString", "coordinates": [[4.911600446038995, 52.36613836452486], [4.911605074590251, 52.36616169227285]]}, "properties": {"Speed": 10.6, "road_quality": 2, "marker": 7, "trip_id": "Febru_Trip2", "hrot_diff": 1, "sample_diff": 19, "time_diff_s": 0.38, "gps_distance_m": 2.6, "original_speed": "1376", "wheel_diameter_mm": 711.0003997802734}}, {"type": "Feature", "geometry": {"type": "LineString", "coordinates": [[4.911605074590251, 52.36616169227285], [4.911617003184281, 52.36618059909189]]}, "properties": {"Speed": 8.7, "road_quality": 2, "marker": 7, "trip_id": "Febru_Trip2", "hrot_diff": 1, "sample_diff": 23, "time_diff_s": 0.46, "gps_distance_m": 2.3, "original_speed": "1229", "wheel_diameter_mm": 711.0003997802734}}, {"type": "Feature", "geometry": {"type": "LineString", "coordinates": [[4.911617003184281, 52.36618059909189], [4.9116411850476425, 52.36619412208105]]}, "properties": {"Speed": 7.7, "road_quality": 2, "marker": 7, "trip_id": "Febru_Trip2", "hrot_diff": 1, "sample_diff": 26, "time_diff_s": 0.52, "gps_distance_m": 2.2, "original_speed": "1071", "wheel_diameter_mm": 711.0003997802734}}, {"type": "Feature", "geometry": {"type": "LineString", "coordinates": [[4.9116411850476425, 52.36619412208105], [4.911666350069654, 52.36619330112848]]}, "properties": {"Speed": 8.7, "road_quality": 2, "marker": 7, "trip_id": "Febru_Trip2", "hrot_diff": 1, "sample_diff": 23, "time_diff_s": 0.46, "gps_distance_m": 1.7, "original_speed": "990", "wheel_diameter_mm": 711.0003997802734}}, {"type": "Feature", "geometry": {"type": "LineString", "coordinates": [[4.911666350069654, 52.36619330112848], [4.911679629694732, 52.366220635015544]]}, "properties": {"Speed": 15.5, "road_quality": 2, "marker": 7, "trip_id": "Febru_Trip2", "hrot_diff": 1, "sample_diff": 13, "time_diff_s": 0.26, "gps_distance_m": 3.2, "original_speed": "1209", "wheel_diameter_mm": 711.0003997802734}}, {"type": "Feature", "geometry": {"type": "LineString", "coordinates": [[4.911679629694732, 52.366220635015544], [4.91172318517847, 52.366227123588686]]}, "properties": {"Speed": 14.4, "road_quality": 2, "marker": 7, "trip_id": "Febru_Trip2", "hrot_diff": 1, "sample_diff": 14, "time_diff_s": 0.28, "gps_distance_m": 3.0, "original_speed": "1526", "wheel_diameter_mm": 711.0003997802734}}, {"type": "Feature", "geometry": {"type": "LineString", "coordinates": [[4.91172318517847, 52.366227123588686], [4.911754165309759, 52.36625009613985]]}, "properties": {"Speed": 11.8, "road_quality": 2, "marker": 6, "trip_id": "Febru_Trip2", "hrot_diff": 1, "sample_diff": 17, "time_diff_s": 0.34, "gps_distance_m": 3.3, "original_speed": "-1", "wheel_diameter_mm": 711.0003997802734}}, {"type": "Feature", "geometry": {"type": "LineString", "coordinates": [[4.911754165309759, 52.36625009613985], [4.911781561860513, 52.36627225457392]]}, "properties": {"Speed": 15.5, "road_quality": 2, "marker": 6, "trip_id": "Febru_Trip2", "hrot_diff": 1, "sample_diff": 13, "time_diff_s": 0.26, "gps_distance_m": 3.1, "original_speed": "-1", "wheel_diameter_mm": 711.0003997802734}}, {"type": "Feature", "geometry": {"type": "LineString", "coordinates": [[4.911781561860513, 52.36627225457392], [4.911814075505149, 52.36630615455998]]}, "properties": {"Speed": 18.3, "road_quality": 2, "marker": 7, "trip_id": "Febru_Trip2", "hrot_diff": 1, "sample_diff": 11, "time_diff_s": 0.22, "gps_distance_m": 4.4, "original_speed": "1904", "wheel_diameter_mm": 711.0003997802734}}, {"type": "Feature", "geometry": {"type": "LineString", "coordinates": [[4.911814075505149, 52.36630615455998], [4.911852660439755, 52.3663458978426]]}, "properties": {"Speed": 16.8, "road_quality": 2, "marker": 7, "trip_id": "Febru_Trip2", "hrot_diff": 1, "sample_diff": 12, "time_diff_s": 0.24, "gps_distance_m": 5.1, "original_speed": "2173", "wheel_diameter_mm": 711.0003997802734}}, {"type": "Feature", "geometry": {"type": "LineString", "coordinates": [[4.911852660439755, 52.3663458978426], [4.91188334076567, 52.3663784856916]]}, "properties": {"Speed": 15.5, "road_quality": 2, "marker": 7, "trip_id": "Febru_Trip2", "hrot_diff": 1, "sample_diff": 13, "time_diff_s": 0.26, "gps_distance_m": 4.2, "original_speed": "2100", "wheel_diameter_mm": 711.0003997802734}}, {"type": "Feature", "geometry": {"type": "LineString", "coordinates": [[4.91188334076567, 52.3663784856916], [4.911913317346785, 52.366410326030454]]}, "properties": {"Speed": 15.5, "road_quality": 2, "marker": 7, "trip_id": "Febru_Trip2", "hrot_diff": 1, "sample_diff": 13, "time_diff_s": 0.26, "gps_distance_m": 4.1, "original_speed": "2173", "wheel_diameter_mm": 711.0003997802734}}, {"type": "Feature", "geometry": {"type": "LineString", "coordinates": [[4.911913317346785, 52.366410326030454], [4.911945957592853, 52.366455074787716]]}, "properties": {"Speed": 15.5, "road_quality": 2, "marker": 7, "trip_id": "Febru_Trip2", "hrot_diff": 1, "sample_diff": 13, "time_diff_s": 0.26, "gps_distance_m": 5.4, "original_speed": "2272", "wheel_diameter_mm": 711.0003997802734}}, {"type": "Feature", "geometry": {"type": "LineString", "coordinates": [[4.911945957592853, 52.366455074787716], [4.913785235060385, 52.36857551215016]]}, "properties": {"Speed": 0.1, "road_quality": 2, "marker": 7, "trip_id": "Febru_Trip2", "hrot_diff": 1, "sample_diff": 1986, "time_diff_s": 39.72, "gps_distance_m": 266.8, "original_speed": "2479", "wheel_diameter_mm": 711.0003997802734}}, {"type": "Feature", "geometry": {"type": "LineString", "coordinates": [[4.913785235060385, 52.36857551215016], [4.913806785741221, 52.368598058253426]]}, "properties": {"Speed": 18.3, "road_quality": 2, "marker": 3, "trip_id": "Febru_Trip2", "hrot_diff": 1, "sample_diff": 11, "time_diff_s": 0.22, "gps_distance_m": 2.9, "original_speed": "0", "wheel_diameter_mm": 711.0003997802734}}, {"type": "Feature", "geometry": {"type": "LineString", "coordinates": [[4.913806785741221, 52.368598058253426], [4.91382766713446, 52.36861969552514]]}, "properties": {"Speed": 16.8, "road_quality": 2, "marker": 7, "trip_id": "Febru_Trip2", "hrot_diff": 1, "sample_diff": 12, "time_diff_s": 0.24, "gps_distance_m": 2.8, "original_speed": "95", "wheel_diameter_mm": 711.0003997802734}}, {"type": "Feature", "geometry": {"type": "LineString", "coordinates": [[4.91382766713446, 52.36861969552514], [4.913852615628772, 52.36864625477737]]}, "properties": {"Speed": 13.4, "road_quality": 2, "marker": 7, "trip_id": "Febru_Trip2", "hrot_diff": 1, "sample_diff": 15, "time_diff_s": 0.3, "gps_distance_m": 3.4, "original_speed": "1612", "wheel_diameter_mm": 711.0003997802734}}, {"type": "Feature", "geometry": {"type": "LineString", "coordinates": [[4.913852615628772, 52.36864625477737], [4.913879219631652, 52.368672910478686]]}, "properties": {"Speed": 11.2, "road_quality": 2, "marker": 7, "trip_id": "Febru_Trip2", "hrot_diff": 1, "sample_diff": 18, "time_diff_s": 0.36, "gps_distance_m": 3.5, "original_speed": "1666", "wheel_diameter_mm": 711.0003997802734}}, {"type": "Feature", "geometry": {"type": "LineString", "coordinates": [[4.913879219631652, 52.368672910478686], [4.913890594619525, 52.36868485361058]]}, "properties": {"Speed": 7.4, "road_quality": 2, "marker": 7, "trip_id": "Febru_Trip2", "hrot_diff": 1, "sample_diff": 27, "time_diff_s": 0.54, "gps_distance_m": 1.5, "original_speed": "1351", "wheel_diameter_mm": 711.0003997802734}}, {"type": "Feature", "geometry": {"type": "LineString", "coordinates": [[4.913890594619525, 52.36868485361058], [4.913906071145419, 52.36870110798519]]}, "properties": {"Speed": 12.6, "road_quality": 2, "marker": 7, "trip_id": "Febru_Trip2", "hrot_diff": 1, "sample_diff": 16, "time_diff_s": 0.32, "gps_distance_m": 2.1, "original_speed": "1209", "wheel_diameter_mm": 711.0003997802734}}, {"type": "Feature", "geometry": {"type": "LineString", "coordinates": [[4.913906071145419, 52.36870110798519], [4.913924748848266, 52.36872072443429]]}, "properties": {"Speed": 11.8, "road_quality": 2, "marker": 7, "trip_id": "Febru_Trip2", "hrot_diff": 1, "sample_diff": 17, "time_diff_s": 0.34, "gps_distance_m": 2.5, "original_speed": "1388", "wheel_diameter_mm": 711.0003997802734}}, {"type": "Feature", "geometry": {"type": "LineString", "coordinates": [[4.913924748848266, 52.36872072443429], [4.913941254147645, 52.368751755984874]]}, "properties": {"Speed": 16.8, "road_quality": 2, "marker": 7, "trip_id": "Febru_Trip2", "hrot_diff": 1, "sample_diff": 12, "time_diff_s": 0.24, "gps_distance_m": 3.6, "original_speed": "1785", "wheel_diameter_mm": 711.0003997802734}}, {"type": "Feature", "geometry": {"type": "LineString", "coordinates": [[4.913941254147645, 52.368751755984874], [4.913975419284232, 52.36879079403874]]}, "properties": {"Speed": 15.5, "road_quality": 2, "marker": 7, "trip_id": "Febru_Trip2", "hrot_diff": 1, "sample_diff": 13, "time_diff_s": 0.26, "gps_distance_m": 4.9, "original_speed": "2000", "wheel_diameter_mm": 711.0003997802734}}, {"type": "Feature", "geometry": {"type": "LineString", "coordinates": [[4.913975419284232, 52.36879079403874], [4.914005687710991, 52.36882188797267]]}, "properties": {"Speed": 15.5, "road_quality": 2, "marker": 7, "trip_id": "Febru_Trip2", "hrot_diff": 1, "sample_diff": 13, "time_diff_s": 0.26, "gps_distance_m": 4.0, "original_speed": "1960", "wheel_diameter_mm": 711.0003997802734}}, {"type": "Feature", "geometry": {"type": "LineString", "coordinates": [[4.914005687710991, 52.36882188797267], [4.914015819496417, 52.36884079322955]]}, "properties": {"Speed": 15.5, "road_quality": 2, "marker": 7, "trip_id": "Febru_Trip2", "hrot_diff": 1, "sample_diff": 13, "time_diff_s": 0.26, "gps_distance_m": 2.2, "original_speed": "2032", "wheel_diameter_mm": 711.0003997802734}}, {"type": "Feature", "geometry": {"type": "LineString", "coordinates": [[4.914015819496417, 52.36884079322955], [4.913893927026609, 52.36885972998506]]}, "properties": {"Speed": 16.8, "road_quality": 2, "marker": 7, "trip_id": "Febru_Trip2", "hrot_diff": 1, "sample_diff": 12, "time_diff_s": 0.24, "gps_distance_m": 8.5, "original_speed": "1941", "wheel_diameter_mm": 711.0003997802734}}, {"type": "Feature", "geometry": {"type": "LineString", "coordinates": [[4.913893927026609, 52.36885972998506], [4.913832590011966, 52.36888083451081]]}, "properties": {"Speed": 20.1, "road_quality": 2, "marker": 7, "trip_id": "Febru_Trip2", "hrot_diff": 1, "sample_diff": 10, "time_diff_s": 0.2, "gps_distance_m": 4.8, "original_speed": "1904", "wheel_diameter_mm": 711.0003997802734}}, {"type": "Feature", "geometry": {"type": "LineString", "coordinates": [[4.913832590011966, 52.36888083451081], [4.9137812320984064, 52.36891222729851]]}, "properties": {"Speed": 28.7, "road_quality": 3, "marker": 7, "trip_id": "Febru_Trip2", "hrot_diff": 1, "sample_diff": 7, "time_diff_s": 0.14, "gps_distance_m": 4.9, "original_speed": "2173", "wheel_diameter_mm": 711.0003997802734}}, {"type": "Feature", "geometry": {"type": "LineString", "coordinates": [[4.9137812320984064, 52.36891222729851], [4.913720371605194, 52.368936072564864]]}, "properties": {"Speed": 20.8, "road_quality": 3, "marker": 7, "trip_id": "Febru_Trip2", "hrot_diff": 3, "sample_diff": 29, "time_diff_s": 0.58, "gps_distance_m": 4.9, "original_speed": "2608", "wheel_diameter_mm": 711.0003997802734}}, {"type": "Feature", "geometry": {"type": "LineString", "coordinates": [[4.913720371605194, 52.368936072564864], [4.913646867994925, 52.36896785377513]]}, "properties": {"Speed": 6.7, "road_quality": 3, "marker": 6, "trip_id": "Febru_Trip2", "hrot_diff": 1, "sample_diff": 30, "time_diff_s": 0.6, "gps_distance_m": 6.1, "original_speed": "-1", "wheel_diameter_mm": 711.0003997802734}}, {"type": "Feature", "geometry": {"type": "LineString", "coordinates": [[4.913646867994925, 52.36896785377513], [4.913577107278838, 52.36899684156424]]}, "properties": {"Speed": 16.8, "road_quality": 3, "marker": 6, "trip_id": "Febru_Trip2", "hrot_diff": 1, "sample_diff": 12, "time_diff_s": 0.24, "gps_distance_m": 5.7, "original_speed": "-1", "wheel_diameter_mm": 711.0003997802734}}, {"type": "Feature", "geometry": {"type": "LineString", "coordinates": [[4.913577107278838, 52.36899684156424], [4.913502190505286, 52.36902350486142]]}, "properties": {"Speed": 18.3, "road_quality": 3, "marker": 7, "trip_id": "Febru_Trip2", "hrot_diff": 1, "sample_diff": 11, "time_diff_s": 0.22, "gps_distance_m": 5.9, "original_speed": "2678", "wheel_diameter_mm": 711.0003997802734}}, {"type": "Feature", "geometry": {"type": "LineString", "coordinates": [[4.913502190505286, 52.36902350486142], [4.913422486482775, 52.36904933082847]]}, "properties": {"Speed": 20.1, "road_quality": 2, "marker": 7, "trip_id": "Febru_Trip2", "hrot_diff": 1, "sample_diff": 10, "time_diff_s": 0.2, "gps_distance_m": 6.1, "original_speed": "2727", "wheel_diameter_mm": 711.0003997802734}}, {"type": "Feature", "geometry": {"type": "LineString", "coordinates": [[4.913422486482775, 52.36904933082847], [4.91335174022389, 52.369081867043]]}, "properties": {"Speed": 22.3, "road_quality": 2, "marker": 7, "trip_id": "Febru_Trip2", "hrot_diff": 1, "sample_diff": 9, "time_diff_s": 0.18, "gps_distance_m": 6.0, "original_speed": "2608", "wheel_diameter_mm": 711.0003997802734}}, {"type": "Feature", "geometry": {"type": "LineString", "coordinates": [[4.91335174022389, 52.369081867043], [4.913284491469755, 52.369105347151184]]}, "properties": {"Speed": 20.8, "road_quality": 2, "marker": 7, "trip_id": "Febru_Trip2", "hrot_diff": 3, "sample_diff": 29, "time_diff_s": 0.58, "gps_distance_m": 5.3, "original_speed": "2678", "wheel_diameter_mm": 711.0003997802734}}, {"type": "Feature", "geometry": {"type": "LineString", "coordinates": [[4.913284491469755, 52.369105347151184], [4.91321064588954, 52.36913415186158]]}, "properties": {"Speed": 33.5, "road_quality": 2, "marker": 6, "trip_id": "Febru_Trip2", "hrot_diff": 1, "sample_diff": 6, "time_diff_s": 0.12, "gps_distance_m": 5.9, "original_speed": "-1", "wheel_diameter_mm": 711.0003997802734}}, {"type": "Feature", "geometry": {"type": "LineString", "coordinates": [[4.91321064588954, 52.36913415186158], [4.913134908432563, 52.369166029584356]]}, "properties": {"Speed": 18.3, "road_quality": 2, "marker": 6, "trip_id": "Febru_Trip2", "hrot_diff": 1, "sample_diff": 11, "time_diff_s": 0.22, "gps_distance_m": 6.2, "original_speed": "-1", "wheel_diameter_mm": 711.0003997802734}}, {"type": "Feature", "geometry": {"type": "LineString", "coordinates": [[4.913134908432563, 52.369166029584356], [4.913061867014499, 52.36919252718231]]}, "properties": {"Speed": 15.5, "road_quality": 2, "marker": 6, "trip_id": "Febru_Trip2", "hrot_diff": 1, "sample_diff": 13, "time_diff_s": 0.26, "gps_distance_m": 5.8, "original_speed": "-1", "wheel_diameter_mm": 711.0003997802734}}, {"type": "Feature", "geometry": {"type": "LineString", "coordinates": [[4.913061867014499, 52.36919252718231], [4.912977751798396, 52.36922260870746]]}, "properties": {"Speed": 7.4, "road_quality": 3, "marker": 6, "trip_id": "Febru_Trip2", "hrot_diff": 1, "sample_diff": 27, "time_diff_s": 0.54, "gps_distance_m": 6.6, "original_speed": "-1", "wheel_diameter_mm": 711.0003997802734}}, {"type": "Feature", "geometry": {"type": "LineString", "coordinates": [[4.912977751798396, 52.36922260870746], [4.912901864370081, 52.369254679586916]]}, "properties": {"Speed": 7.2, "road_quality": 3, "marker": 6, "trip_id": "Febru_Trip2", "hrot_diff": 1, "sample_diff": 28, "time_diff_s": 0.56, "gps_distance_m": 6.3, "original_speed": "-1", "wheel_diameter_mm": 711.0003997802734}}, {"type": "Feature", "geometry": {"type": "LineString", "coordinates": [[4.912901864370081, 52.369254679586916], [4.912824661292476, 52.36928233795364]]}, "properties": {"Speed": 18.3, "road_quality": 3, "marker": 6, "trip_id": "Febru_Trip2", "hrot_diff": 1, "sample_diff": 11, "time_diff_s": 0.22, "gps_distance_m": 6.1, "original_speed": "-1", "wheel_diameter_mm": 711.0003997802734}}, {"type": "Feature", "geometry": {"type": "LineString", "coordinates": [[4.912824661292476, 52.36928233795364], [4.912743043504592, 52.369310755718786]]}, "properties": {"Speed": 7.2, "road_quality": 3, "marker": 6, "trip_id": "Febru_Trip2", "hrot_diff": 1, "sample_diff": 28, "time_diff_s": 0.56, "gps_distance_m": 6.4, "original_speed": "-1", "wheel_diameter_mm": 711.0003997802734}}, {"type": "Feature", "geometry": {"type": "LineString", "coordinates": [[4.912743043504592, 52.369310755718786], [4.912673280548959, 52.36934032680546]]}, "properties": {"Speed": 6.9, "road_quality": 3, "marker": 6, "trip_id": "Febru_Trip2", "hrot_diff": 1, "sample_diff": 29, "time_diff_s": 0.58, "gps_distance_m": 5.8, "original_speed": "-1", "wheel_diameter_mm": 711.0003997802734}}, {"type": "Feature", "geometry": {"type": "LineString", "coordinates": [[4.912673280548959, 52.36934032680546], [4.9125943705573265, 52.369366405231645]]}, "properties": {"Speed": 18.3, "road_quality": 3, "marker": 6, "trip_id": "Febru_Trip2", "hrot_diff": 1, "sample_diff": 11, "time_diff_s": 0.22, "gps_distance_m": 6.1, "original_speed": "-1", "wheel_diameter_mm": 711.0003997802734}}, {"type": "Feature", "geometry": {"type": "LineString", "coordinates": [[4.9125943705573265, 52.369366405231645], [4.91252163431458, 52.369387319511866]]}, "properties": {"Speed": 25.1, "road_quality": 2, "marker": 7, "trip_id": "Febru_Trip2", "hrot_diff": 1, "sample_diff": 8, "time_diff_s": 0.16, "gps_distance_m": 5.5, "original_speed": "2272", "wheel_diameter_mm": 711.0003997802734}}, {"type": "Feature", "geometry": {"type": "LineString", "coordinates": [[4.91252163431458, 52.369387319511866], [4.912453186808868, 52.36941309292836]]}, "properties": {"Speed": 16.8, "road_quality": 2, "marker": 7, "trip_id": "Febru_Trip2", "hrot_diff": 1, "sample_diff": 12, "time_diff_s": 0.24, "gps_distance_m": 5.5, "original_speed": "2564", "wheel_diameter_mm": 711.0003997802734}}, {"type": "Feature", "geometry": {"type": "LineString", "coordinates": [[4.912453186808868, 52.36941309292836], [4.912386733090865, 52.36943639468302]]}, "properties": {"Speed": 18.3, "road_quality": 2, "marker": 7, "trip_id": "Febru_Trip2", "hrot_diff": 1, "sample_diff": 11, "time_diff_s": 0.22, "gps_distance_m": 5.2, "original_speed": "2500", "wheel_diameter_mm": 711.0003997802734}}, {"type": "Feature", "geometry": {"type": "LineString", "coordinates": [[4.912386733090865, 52.36943639468302], [4.912326422715309, 52.36945981533346]]}, "properties": {"Speed": 16.8, "road_quality": 3, "marker": 7, "trip_id": "Febru_Trip2", "hrot_diff": 1, "sample_diff": 12, "time_diff_s": 0.24, "gps_distance_m": 4.9, "original_speed": "2252", "wheel_diameter_mm": 711.0003997802734}}, {"type": "Feature", "geometry": {"type": "LineString", "coordinates": [[4.912326422715309, 52.36945981533346], [4.9122815529013435, 52.36948115120797]]}, "properties": {"Speed": 16.8, "road_quality": 2, "marker": 7, "trip_id": "Febru_Trip2", "hrot_diff": 1, "sample_diff": 12, "time_diff_s": 0.24, "gps_distance_m": 3.9, "original_speed": "2083", "wheel_diameter_mm": 711.0003997802734}}, {"type": "Feature", "geometry": {"type": "LineString", "coordinates": [[4.9122815529013435, 52.36948115120797], [4.912267302362502, 52.36951417492417]]}, "properties": {"Speed": 15.5, "road_quality": 2, "marker": 7, "trip_id": "Febru_Trip2", "hrot_diff": 1, "sample_diff": 13, "time_diff_s": 0.26, "gps_distance_m": 3.8, "original_speed": "2000", "wheel_diameter_mm": 711.0003997802734}}, {"type": "Feature", "geometry": {"type": "LineString", "coordinates": [[4.912267302362502, 52.36951417492417], [4.912277932722378, 52.36953212762321]]}, "properties": {"Speed": 10.6, "road_quality": 2, "marker": 7, "trip_id": "Febru_Trip2", "hrot_diff": 1, "sample_diff": 19, "time_diff_s": 0.38, "gps_distance_m": 2.1, "original_speed": "1769", "wheel_diameter_mm": 711.0003997802734}}, {"type": "Feature", "geometry": {"type": "LineString", "coordinates": [[4.912277932722378, 52.36953212762321], [4.912299396053617, 52.36953489834915]]}, "properties": {"Speed": 10.6, "road_quality": 2, "marker": 7, "trip_id": "Febru_Trip2", "hrot_diff": 1, "sample_diff": 19, "time_diff_s": 0.38, "gps_distance_m": 1.5, "original_speed": "1587", "wheel_diameter_mm": 711.0003997802734}}, {"type": "Feature", "geometry": {"type": "LineString", "coordinates": [[4.912299396053617, 52.36953489834915], [4.912324198817881, 52.36954287811298]]}, "properties": {"Speed": 12.6, "road_quality": 2, "marker": 7, "trip_id": "Febru_Trip2", "hrot_diff": 1, "sample_diff": 16, "time_diff_s": 0.32, "gps_distance_m": 1.9, "original_speed": "1526", "wheel_diameter_mm": 711.0003997802734}}, {"type": "Feature", "geometry": {"type": "LineString", "coordinates": [[4.912324198817881, 52.36954287811298], [4.91234664251919, 52.36955631600027]]}, "properties": {"Speed": 11.2, "road_quality": 2, "marker": 7, "trip_id": "Febru_Trip2", "hrot_diff": 1, "sample_diff": 18, "time_diff_s": 0.36, "gps_distance_m": 2.1, "original_speed": "1500", "wheel_diameter_mm": 711.0003997802734}}, {"type": "Feature", "geometry": {"type": "LineString", "coordinates": [[4.91234664251919, 52.36955631600027], [4.912378859864756, 52.369566892413346]]}, "properties": {"Speed": 12.6, "road_quality": 2, "marker": 7, "trip_id": "Febru_Trip2", "hrot_diff": 1, "sample_diff": 16, "time_diff_s": 0.32, "gps_distance_m": 2.5, "original_speed": "1500", "wheel_diameter_mm": 711.0003997802734}}, {"type": "Feature", "geometry": {"type": "LineString", "coordinates": [[4.912378859864756, 52.369566892413346], [4.912392688133241, 52.3696020565866]]}, "properties": {"Speed": 13.4, "road_quality": 2, "marker": 7, "trip_id": "Febru_Trip2", "hrot_diff": 1, "sample_diff": 15, "time_diff_s": 0.3, "gps_distance_m": 4.0, "original_speed": "1709", "wheel_diameter_mm": 711.0003997802734}}, {"type": "Feature", "geometry": {"type": "LineString", "coordinates": [[4.912392688133241, 52.3696020565866], [4.912468446493515, 52.369683571966796]]}, "properties": {"Speed": 16.8, "road_quality": 2, "marker": 7, "trip_id": "Febru_Trip2", "hrot_diff": 1, "sample_diff": 12, "time_diff_s": 0.24, "gps_distance_m": 10.4, "original_speed": "1923", "wheel_diameter_mm": 711.0003997802734}}, {"type": "Feature", "geometry": {"type": "LineString", "coordinates": [[4.912468446493515, 52.369683571966796], [4.912490059934799, 52.369715996024375]]}, "properties": {"Speed": 15.5, "road_quality": 2, "marker": 7, "trip_id": "Febru_Trip2", "hrot_diff": 1, "sample_diff": 13, "time_diff_s": 0.26, "gps_distance_m": 3.9, "original_speed": "2066", "wheel_diameter_mm": 711.0003997802734}}, {"type": "Feature", "geometry": {"type": "LineString", "coordinates": [[4.912490059934799, 52.369715996024375], [4.912511779598439, 52.36975082417022]]}, "properties": {"Speed": 18.3, "road_quality": 2, "marker": 7, "trip_id": "Febru_Trip2", "hrot_diff": 1, "sample_diff": 11, "time_diff_s": 0.22, "gps_distance_m": 4.1, "original_speed": "2049", "wheel_diameter_mm": 711.0003997802734}}, {"type": "Feature", "geometry": {"type": "LineString", "coordinates": [[4.912511779598439, 52.36975082417022], [4.912515757972966, 52.36979748608118]]}, "properties": {"Speed": 16.8, "road_quality": 2, "marker": 7, "trip_id": "Febru_Trip2", "hrot_diff": 1, "sample_diff": 12, "time_diff_s": 0.24, "gps_distance_m": 5.2, "original_speed": "2173", "wheel_diameter_mm": 711.0003997802734}}, {"type": "Feature", "geometry": {"type": "LineString", "coordinates": [[4.912515757972966, 52.36979748608118], [4.912486884424226, 52.36983800634307]]}, "properties": {"Speed": 20.1, "road_quality": 2, "marker": 7, "trip_id": "Febru_Trip2", "hrot_diff": 1, "sample_diff": 10, "time_diff_s": 0.2, "gps_distance_m": 4.9, "original_speed": "2212", "wheel_diameter_mm": 711.0003997802734}}, {"type": "Feature", "geometry": {"type": "LineString", "coordinates": [[4.912486884424226, 52.36983800634307], [4.9124502997830755, 52.36986942465775]]}, "properties": {"Speed": 15.5, "road_quality": 2, "marker": 7, "trip_id": "Febru_Trip2", "hrot_diff": 1, "sample_diff": 13, "time_diff_s": 0.26, "gps_distance_m": 4.3, "original_speed": "2314", "wheel_diameter_mm": 711.0003997802734}}, {"type": "Feature", "geometry": {"type": "LineString", "coordinates": [[4.9124502997830755, 52.36986942465775], [4.912406571641195, 52.36990524375816]]}, "properties": {"Speed": 20.1, "road_quality": 2, "marker": 7, "trip_id": "Febru_Trip2", "hrot_diff": 1, "sample_diff": 10, "time_diff_s": 0.2, "gps_distance_m": 5.0, "original_speed": "2232", "wheel_diameter_mm": 711.0003997802734}}, {"type": "Feature", "geometry": {"type": "LineString", "coordinates": [[4.912406571641195, 52.36990524375816], [4.912360081850789, 52.36993563213889]]}, "properties": {"Speed": 18.3, "road_quality": 2, "marker": 7, "trip_id": "Febru_Trip2", "hrot_diff": 1, "sample_diff": 11, "time_diff_s": 0.22, "gps_distance_m": 4.6, "original_speed": "2293", "wheel_diameter_mm": 711.0003997802734}}, {"type": "Feature", "geometry": {"type": "LineString", "coordinates": [[4.912360081850789, 52.36993563213889], [4.91232117860435, 52.36996785715727]]}, "properties": {"Speed": 18.3, "road_quality": 2, "marker": 7, "trip_id": "Febru_Trip2", "hrot_diff": 1, "sample_diff": 11, "time_diff_s": 0.22, "gps_distance_m": 4.5, "original_speed": "2272", "wheel_diameter_mm": 711.0003997802734}}, {"type": "Feature", "geometry": {"type": "LineString", "coordinates": [[4.91232117860435, 52.36996785715727], [4.91228012426911, 52.370001079250045]]}, "properties": {"Speed": 18.3, "road_quality": 2, "marker": 7, "trip_id": "Febru_Trip2", "hrot_diff": 1, "sample_diff": 11, "time_diff_s": 0.22, "gps_distance_m": 4.6, "original_speed": "2293", "wheel_diameter_mm": 711.0003997802734}}, {"type": "Feature", "geometry": {"type": "LineString", "coordinates": [[4.91228012426911, 52.370001079250045], [4.912227009547376, 52.37003462325441]]}, "properties": {"Speed": 20.1, "road_quality": 2, "marker": 7, "trip_id": "Febru_Trip2", "hrot_diff": 1, "sample_diff": 10, "time_diff_s": 0.2, "gps_distance_m": 5.2, "original_speed": "2450", "wheel_diameter_mm": 711.0003997802734}}, {"type": "Feature", "geometry": {"type": "LineString", "coordinates": [[4.912227009547376, 52.37003462325441], [4.9121612912653605, 52.370067857601114]]}, "properties": {"Speed": 20.1, "road_quality": 2, "marker": 7, "trip_id": "Febru_Trip2", "hrot_diff": 1, "sample_diff": 10, "time_diff_s": 0.2, "gps_distance_m": 5.8, "original_speed": "2403", "wheel_diameter_mm": 711.0003997802734}}, {"type": "Feature", "geometry": {"type": "LineString", "coordinates": [[4.9121612912653605, 52.370067857601114], [4.912100786659066, 52.37009691409991]]}, "properties": {"Speed": 18.3, "road_quality": 2, "marker": 7, "trip_id": "Febru_Trip2", "hrot_diff": 1, "sample_diff": 11, "time_diff_s": 0.22, "gps_distance_m": 5.2, "original_speed": "2358", "wheel_diameter_mm": 711.0003997802734}}, {"type": "Feature", "geometry": {"type": "LineString", "coordinates": [[4.912100786659066, 52.37009691409991], [4.912027208410005, 52.370125068229285]]}, "properties": {"Speed": 18.3, "road_quality": 2, "marker": 7, "trip_id": "Febru_Trip2", "hrot_diff": 1, "sample_diff": 11, "time_diff_s": 0.22, "gps_distance_m": 5.9, "original_speed": "2252", "wheel_diameter_mm": 711.0003997802734}}, {"type": "Feature", "geometry": {"type": "LineString", "coordinates": [[4.912027208410005, 52.370125068229285], [4.9119657270623724, 52.37014505653429]]}, "properties": {"Speed": 16.8, "road_quality": 2, "marker": 7, "trip_id": "Febru_Trip2", "hrot_diff": 1, "sample_diff": 12, "time_diff_s": 0.24, "gps_distance_m": 4.7, "original_speed": "2252", "wheel_diameter_mm": 711.0003997802734}}, {"type": "Feature", "geometry": {"type": "LineString", "coordinates": [[4.9119657270623724, 52.37014505653429], [4.911937801823573, 52.37018043426191]]}, "properties": {"Speed": 15.5, "road_quality": 2, "marker": 7, "trip_id": "Febru_Trip2", "hrot_diff": 1, "sample_diff": 13, "time_diff_s": 0.26, "gps_distance_m": 4.4, "original_speed": "2083", "wheel_diameter_mm": 711.0003997802734}}, {"type": "Feature", "geometry": {"type": "LineString", "coordinates": [[4.911937801823573, 52.37018043426191], [4.91195125401148, 52.37021676727518]]}, "properties": {"Speed": 15.5, "road_quality": 2, "marker": 7, "trip_id": "Febru_Trip2", "hrot_diff": 1, "sample_diff": 13, "time_diff_s": 0.26, "gps_distance_m": 4.1, "original_speed": "1886", "wheel_diameter_mm": 711.0003997802734}}, {"type": "Feature", "geometry": {"type": "LineString", "coordinates": [[4.91195125401148, 52.37021676727518], [4.9119832748430365, 52.3702384082539]]}, "properties": {"Speed": 16.8, "road_quality": 2, "marker": 7, "trip_id": "Febru_Trip2", "hrot_diff": 1, "sample_diff": 12, "time_diff_s": 0.24, "gps_distance_m": 3.2, "original_speed": "1801", "wheel_diameter_mm": 711.0003997802734}}, {"type": "Feature", "geometry": {"type": "LineString", "coordinates": [[4.9119832748430365, 52.3702384082539], [4.911987579096869, 52.37025270485891]]}, "properties": {"Speed": 22.3, "road_quality": 2, "marker": 7, "trip_id": "Febru_Trip2", "hrot_diff": 1, "sample_diff": 9, "time_diff_s": 0.18, "gps_distance_m": 1.6, "original_speed": "2000", "wheel_diameter_mm": 711.0003997802734}}, {"type": "Feature", "geometry": {"type": "LineString", "coordinates": [[4.911987579096869, 52.37025270485891], [4.912004164388978, 52.370270748226055]]}, "properties": {"Speed": 18.3, "road_quality": 2, "marker": 7, "trip_id": "Febru_Trip2", "hrot_diff": 1, "sample_diff": 11, "time_diff_s": 0.22, "gps_distance_m": 2.3, "original_speed": "2427", "wheel_diameter_mm": 711.0003997802734}}, {"type": "Feature", "geometry": {"type": "LineString", "coordinates": [[4.912004164388978, 52.370270748226055], [4.914869425255868, 52.37098072383516]]}, "properties": {"Speed": 0.1, "road_quality": 2, "marker": 7, "trip_id": "Febru_Trip2", "hrot_diff": 1, "sample_diff": 1969, "time_diff_s": 39.38, "gps_distance_m": 209.9, "original_speed": "2542", "wheel_diameter_mm": 711.0003997802734}}, {"type": "Feature", "geometry": {"type": "LineString", "coordinates": [[4.914869425255868, 52.37098072383516], [4.914919848517514, 52.37100172846868]]}, "properties": {"Speed": 28.7, "road_quality": 2, "marker": 3, "trip_id": "Febru_Trip2", "hrot_diff": 1, "sample_diff": 7, "time_diff_s": 0.14, "gps_distance_m": 4.1, "original_speed": "0", "wheel_diameter_mm": 711.0003997802734}}, {"type": "Feature", "geometry": {"type": "LineString", "coordinates": [[4.914919848517514, 52.37100172846868], [4.914967158583519, 52.371015099785836]]}, "properties": {"Speed": 12.6, "road_quality": 2, "marker": 7, "trip_id": "Febru_Trip2", "hrot_diff": 1, "sample_diff": 16, "time_diff_s": 0.32, "gps_distance_m": 3.5, "original_speed": "97", "wheel_diameter_mm": 711.0003997802734}}, {"type": "Feature", "geometry": {"type": "LineString", "coordinates": [[4.914967158583519, 52.371015099785836], [4.915010001383967, 52.371019377571365]]}, "properties": {"Speed": 9.6, "road_quality": 2, "marker": 7, "trip_id": "Febru_Trip2", "hrot_diff": 1, "sample_diff": 21, "time_diff_s": 0.42, "gps_distance_m": 2.9, "original_speed": "1612", "wheel_diameter_mm": 711.0003997802734}}, {"type": "Feature", "geometry": {"type": "LineString", "coordinates": [[4.915010001383967, 52.371019377571365], [4.915042945871912, 52.37102226166313]]}, "properties": {"Speed": 8.7, "road_quality": 2, "marker": 7, "trip_id": "Febru_Trip2", "hrot_diff": 1, "sample_diff": 23, "time_diff_s": 0.46, "gps_distance_m": 2.3, "original_speed": "1271", "wheel_diameter_mm": 711.0003997802734}}, {"type": "Feature", "geometry": {"type": "LineString", "coordinates": [[4.915042945871912, 52.37102226166313], [4.91506751576107, 52.37102638428272]]}, "properties": {"Speed": 6.5, "road_quality": 2, "marker": 7, "trip_id": "Febru_Trip2", "hrot_diff": 1, "sample_diff": 31, "time_diff_s": 0.62, "gps_distance_m": 1.7, "original_speed": "1086", "wheel_diameter_mm": 711.0003997802734}}, {"type": "Feature", "geometry": {"type": "LineString", "coordinates": [[4.91506751576107, 52.37102638428272], [4.915087924722173, 52.3710310032454]]}, "properties": {"Speed": 4.9, "road_quality": 2, "marker": 7, "trip_id": "Febru_Trip2", "hrot_diff": 1, "sample_diff": 41, "time_diff_s": 0.82, "gps_distance_m": 1.5, "original_speed": "943", "wheel_diameter_mm": 711.0003997802734}}, {"type": "Feature", "geometry": {"type": "LineString", "coordinates": [[4.915087924722173, 52.3710310032454], [4.91510204332838, 52.37103509872156]]}, "properties": {"Speed": 4.0, "road_quality": 2, "marker": 7, "trip_id": "Febru_Trip2", "hrot_diff": 1, "sample_diff": 50, "time_diff_s": 1.0, "gps_distance_m": 1.1, "original_speed": "775", "wheel_diameter_mm": 711.0003997802734}}, {"type": "Feature", "geometry": {"type": "LineString", "coordinates": [[4.91510204332838, 52.37103509872156], [4.915117292506843, 52.371041048060576]]}, "properties": {"Speed": 5.2, "road_quality": 2, "marker": 3, "trip_id": "Febru_Trip2", "hrot_diff": 1, "sample_diff": 39, "time_diff_s": 0.78, "gps_distance_m": 1.2, "original_speed": "0", "wheel_diameter_mm": 711.0003997802734}}, {"type": "Feature", "geometry": {"type": "LineString", "coordinates": [[4.915117292506843, 52.371041048060576], [4.915150274983593, 52.37105233130108]]}, "properties": {"Speed": 8.4, "road_quality": 2, "marker": 7, "trip_id": "Febru_Trip2", "hrot_diff": 1, "sample_diff": 24, "time_diff_s": 0.48, "gps_distance_m": 2.6, "original_speed": "246", "wheel_diameter_mm": 711.0003997802734}}, {"type": "Feature", "geometry": {"type": "LineString", "coordinates": [[4.915150274983593, 52.37105233130108], [4.915187113137586, 52.37106394388407]]}, "properties": {"Speed": 16.8, "road_quality": 2, "marker": 7, "trip_id": "Febru_Trip2", "hrot_diff": 1, "sample_diff": 12, "time_diff_s": 0.24, "gps_distance_m": 2.8, "original_speed": "1219", "wheel_diameter_mm": 711.0003997802734}}, {"type": "Feature", "geometry": {"type": "LineString", "coordinates": [[4.915187113137586, 52.37106394388407], [4.915237320922684, 52.37108656160566]]}, "properties": {"Speed": 20.1, "road_quality": 2, "marker": 7, "trip_id": "Febru_Trip2", "hrot_diff": 1, "sample_diff": 10, "time_diff_s": 0.2, "gps_distance_m": 4.2, "original_speed": "1769", "wheel_diameter_mm": 711.0003997802734}}, {"type": "Feature", "geometry": {"type": "LineString", "coordinates": [[4.915237320922684, 52.37108656160566], [4.91529844982833, 52.371110843910024]]}, "properties": {"Speed": 16.8, "road_quality": 2, "marker": 7, "trip_id": "Febru_Trip2", "hrot_diff": 1, "sample_diff": 12, "time_diff_s": 0.24, "gps_distance_m": 5.0, "original_speed": "2272", "wheel_diameter_mm": 711.0003997802734}}, {"type": "Feature", "geometry": {"type": "LineString", "coordinates": [[4.91529844982833, 52.371110843910024], [4.915370558140112, 52.37114382365429]]}, "properties": {"Speed": 33.5, "road_quality": 2, "marker": 7, "trip_id": "Febru_Trip2", "hrot_diff": 1, "sample_diff": 6, "time_diff_s": 0.12, "gps_distance_m": 6.1, "original_speed": "2608", "wheel_diameter_mm": 711.0003997802734}}, {"type": "Feature", "geometry": {"type": "LineString", "coordinates": [[4.915370558140112, 52.37114382365429], [4.915428487253971, 52.3711862480155]]}, "properties": {"Speed": 25.1, "road_quality": 2, "marker": 7, "trip_id": "Febru_Trip2", "hrot_diff": 1, "sample_diff": 8, "time_diff_s": 0.16, "gps_distance_m": 6.1, "original_speed": "2777", "wheel_diameter_mm": 711.0003997802734}}, {"type": "Feature", "geometry": {"type": "LineString", "coordinates": [[4.915428487253971, 52.3711862480155], [4.915507110188574, 52.37121098172694]]}, "properties": {"Speed": 13.4, "road_quality": 2, "marker": 7, "trip_id": "Febru_Trip2", "hrot_diff": 3, "sample_diff": 45, "time_diff_s": 0.9, "gps_distance_m": 6.0, "original_speed": "2803", "wheel_diameter_mm": 711.0003997802734}}, {"type": "Feature", "geometry": {"type": "LineString", "coordinates": [[4.915507110188574, 52.37121098172694], [4.9182679067099935, 52.372386778322294]]}, "properties": {"Speed": 0.1, "road_quality": 3, "marker": 6, "trip_id": "Febru_Trip2", "hrot_diff": 1, "sample_diff": 1886, "time_diff_s": 37.72, "gps_distance_m": 228.5, "original_speed": "-1", "wheel_diameter_mm": 711.0003997802734}}, {"type": "Feature", "geometry": {"type": "LineString", "coordinates": [[4.9182679067099935, 52.372386778322294], [4.918290837854601, 52.37240878667133]]}, "properties": {"Speed": 16.8, "road_quality": 2, "marker": 7, "trip_id": "Febru_Trip2", "hrot_diff": 1, "sample_diff": 12, "time_diff_s": 0.24, "gps_distance_m": 2.9, "original_speed": "26", "wheel_diameter_mm": 711.0003997802734}}, {"type": "Feature", "geometry": {"type": "LineString", "coordinates": [[4.918290837854601, 52.37240878667133], [4.918310052485279, 52.372427682856355]]}, "properties": {"Speed": 9.6, "road_quality": 2, "marker": 7, "trip_id": "Febru_Trip2", "hrot_diff": 1, "sample_diff": 21, "time_diff_s": 0.42, "gps_distance_m": 2.5, "original_speed": "76", "wheel_diameter_mm": 711.0003997802734}}, {"type": "Feature", "geometry": {"type": "LineString", "coordinates": [[4.918310052485279, 52.372427682856355], [4.918300480780379, 52.37245566256813]]}, "properties": {"Speed": 11.2, "road_quality": 2, "marker": 7, "trip_id": "Febru_Trip2", "hrot_diff": 1, "sample_diff": 18, "time_diff_s": 0.36, "gps_distance_m": 3.2, "original_speed": "1470", "wheel_diameter_mm": 711.0003997802734}}, {"type": "Feature", "geometry": {"type": "LineString", "coordinates": [[4.918300480780379, 52.37245566256813], [4.918255057418214, 52.372472269399196]]}, "properties": {"Speed": 15.5, "road_quality": 2, "marker": 7, "trip_id": "Febru_Trip2", "hrot_diff": 1, "sample_diff": 13, "time_diff_s": 0.26, "gps_distance_m": 3.6, "original_speed": "1503", "wheel_diameter_mm": 711.0003997802734}}, {"type": "Feature", "geometry": {"type": "LineString", "coordinates": [[4.918255057418214, 52.372472269399196], [4.918197318901439, 52.37249116187089]]}, "properties": {"Speed": 13.4, "road_quality": 2, "marker": 7, "trip_id": "Febru_Trip2", "hrot_diff": 1, "sample_diff": 15, "time_diff_s": 0.3, "gps_distance_m": 4.4, "original_speed": "1754", "wheel_diameter_mm": 711.0003997802734}}, {"type": "Feature", "geometry": {"type": "LineString", "coordinates": [[4.918197318901439, 52.37249116187089], [4.918137472904015, 52.372512755048284]]}, "properties": {"Speed": 14.4, "road_quality": 2, "marker": 7, "trip_id": "Febru_Trip2", "hrot_diff": 1, "sample_diff": 14, "time_diff_s": 0.28, "gps_distance_m": 4.7, "original_speed": "2032", "wheel_diameter_mm": 711.0003997802734}}, {"type": "Feature", "geometry": {"type": "LineString", "coordinates": [[4.918137472904015, 52.372512755048284], [4.918077979430816, 52.37253281202856]]}, "properties": {"Speed": 16.8, "road_quality": 2, "marker": 7, "trip_id": "Febru_Trip2", "hrot_diff": 1, "sample_diff": 12, "time_diff_s": 0.24, "gps_distance_m": 4.6, "original_speed": "1923", "wheel_diameter_mm": 711.0003997802734}}, {"type": "Feature", "geometry": {"type": "LineString", "coordinates": [[4.918077979430816, 52.37253281202856], [4.91802479343283, 52.37255067793929]]}, "properties": {"Speed": 14.4, "road_quality": 2, "marker": 7, "trip_id": "Febru_Trip2", "hrot_diff": 1, "sample_diff": 14, "time_diff_s": 0.28, "gps_distance_m": 4.1, "original_speed": "1818", "wheel_diameter_mm": 711.0003997802734}}, {"type": "Feature", "geometry": {"type": "LineString", "coordinates": [[4.91802479343283, 52.37255067793929], [4.917979823517473, 52.372566461879266]]}, "properties": {"Speed": 13.4, "road_quality": 2, "marker": 7, "trip_id": "Febru_Trip2", "hrot_diff": 1, "sample_diff": 15, "time_diff_s": 0.3, "gps_distance_m": 3.5, "original_speed": "1724", "wheel_diameter_mm": 711.0003997802734}}, {"type": "Feature", "geometry": {"type": "LineString", "coordinates": [[4.917979823517473, 52.372566461879266], [4.9179365697277255, 52.37258720736904]]}, "properties": {"Speed": 11.8, "road_quality": 2, "marker": 7, "trip_id": "Febru_Trip2", "hrot_diff": 1, "sample_diff": 17, "time_diff_s": 0.34, "gps_distance_m": 3.7, "original_speed": "1639", "wheel_diameter_mm": 711.0003997802734}}, {"type": "Feature", "geometry": {"type": "LineString", "coordinates": [[4.9179365697277255, 52.37258720736904], [4.917904909478616, 52.37260688787091]]}, "properties": {"Speed": 13.4, "road_quality": 2, "marker": 7, "trip_id": "Febru_Trip2", "hrot_diff": 1, "sample_diff": 15, "time_diff_s": 0.3, "gps_distance_m": 3.1, "original_speed": "1485", "wheel_diameter_mm": 711.0003997802734}}, {"type": "Feature", "geometry": {"type": "LineString", "coordinates": [[4.917904909478616, 52.37260688787091], [4.917869705553727, 52.37262581470645]]}, "properties": {"Speed": 12.6, "road_quality": 2, "marker": 7, "trip_id": "Febru_Trip2", "hrot_diff": 1, "sample_diff": 16, "time_diff_s": 0.32, "gps_distance_m": 3.2, "original_speed": "1481", "wheel_diameter_mm": 711.0003997802734}}, {"type": "Feature", "geometry": {"type": "LineString", "coordinates": [[4.917869705553727, 52.37262581470645], [4.917829174021768, 52.37264553988935]]}, "properties": {"Speed": 12.6, "road_quality": 2, "marker": 7, "trip_id": "Febru_Trip2", "hrot_diff": 1, "sample_diff": 16, "time_diff_s": 0.32, "gps_distance_m": 3.5, "original_speed": "1587", "wheel_diameter_mm": 711.0003997802734}}, {"type": "Feature", "geometry": {"type": "LineString", "coordinates": [[4.917829174021768, 52.37264553988935], [4.917783834083274, 52.37266896829609]]}, "properties": {"Speed": 14.4, "road_quality": 2, "marker": 7, "trip_id": "Febru_Trip2", "hrot_diff": 1, "sample_diff": 14, "time_diff_s": 0.28, "gps_distance_m": 4.0, "original_speed": "1754", "wheel_diameter_mm": 711.0003997802734}}, {"type": "Feature", "geometry": {"type": "LineString", "coordinates": [[4.917783834083274, 52.37266896829609], [4.91773966040937, 52.372696108335596]]}, "properties": {"Speed": 14.4, "road_quality": 2, "marker": 7, "trip_id": "Febru_Trip2", "hrot_diff": 1, "sample_diff": 14, "time_diff_s": 0.28, "gps_distance_m": 4.3, "original_speed": "1785", "wheel_diameter_mm": 711.0003997802734}}, {"type": "Feature", "geometry": {"type": "LineString", "coordinates": [[4.91773966040937, 52.372696108335596], [4.917690412052741, 52.37271059005666]]}, "properties": {"Speed": 13.4, "road_quality": 2, "marker": 7, "trip_id": "Febru_Trip2", "hrot_diff": 1, "sample_diff": 15, "time_diff_s": 0.3, "gps_distance_m": 3.7, "original_speed": "1754", "wheel_diameter_mm": 711.0003997802734}}, {"type": "Feature", "geometry": {"type": "LineString", "coordinates": [[4.917690412052741, 52.37271059005666], [4.917638999008305, 52.37272239997125]]}, "properties": {"Speed": 13.4, "road_quality": 2, "marker": 7, "trip_id": "Febru_Trip2", "hrot_diff": 1, "sample_diff": 15, "time_diff_s": 0.3, "gps_distance_m": 3.7, "original_speed": "1739", "wheel_diameter_mm": 711.0003997802734}}, {"type": "Feature", "geometry": {"type": "LineString", "coordinates": [[4.917638999008305, 52.37272239997125], [4.917579497188512, 52.372718442991385]]}, "properties": {"Speed": 15.5, "road_quality": 2, "marker": 7, "trip_id": "Febru_Trip2", "hrot_diff": 1, "sample_diff": 13, "time_diff_s": 0.26, "gps_distance_m": 4.1, "original_speed": "1785", "wheel_diameter_mm": 711.0003997802734}}, {"type": "Feature", "geometry": {"type": "LineString", "coordinates": [[4.917579497188512, 52.372718442991385], [4.917525558804939, 52.3726967907221]]}, "properties": {"Speed": 13.4, "road_quality": 2, "marker": 7, "trip_id": "Febru_Trip2", "hrot_diff": 1, "sample_diff": 15, "time_diff_s": 0.3, "gps_distance_m": 4.4, "original_speed": "1785", "wheel_diameter_mm": 711.0003997802734}}, {"type": "Feature", "geometry": {"type": "LineString", "coordinates": [[4.917525558804939, 52.3726967907221], [4.917493188411493, 52.37266662548896]]}, "properties": {"Speed": 12.6, "road_quality": 2, "marker": 7, "trip_id": "Febru_Trip2", "hrot_diff": 1, "sample_diff": 16, "time_diff_s": 0.32, "gps_distance_m": 4.0, "original_speed": "1769", "wheel_diameter_mm": 711.0003997802734}}, {"type": "Feature", "geometry": {"type": "LineString", "coordinates": [[4.917493188411493, 52.37266662548896], [4.917464975482643, 52.372639244752065]]}, "properties": {"Speed": 13.4, "road_quality": 2, "marker": 7, "trip_id": "Febru_Trip2", "hrot_diff": 1, "sample_diff": 15, "time_diff_s": 0.3, "gps_distance_m": 3.6, "original_speed": "1600", "wheel_diameter_mm": 711.0003997802734}}, {"type": "Feature", "geometry": {"type": "LineString", "coordinates": [[4.917464975482643, 52.372639244752065], [4.917440241299789, 52.372611507132284]]}, "properties": {"Speed": 11.2, "road_quality": 2, "marker": 7, "trip_id": "Febru_Trip2", "hrot_diff": 1, "sample_diff": 18, "time_diff_s": 0.36, "gps_distance_m": 3.5, "original_speed": "1562", "wheel_diameter_mm": 711.0003997802734}}, {"type": "Feature", "geometry": {"type": "LineString", "coordinates": [[4.917440241299789, 52.372611507132284], [4.917424994208104, 52.37258833115151]]}, "properties": {"Speed": 10.1, "road_quality": 2, "marker": 7, "trip_id": "Febru_Trip2", "hrot_diff": 1, "sample_diff": 20, "time_diff_s": 0.4, "gps_distance_m": 2.8, "original_speed": "1442", "wheel_diameter_mm": 711.0003997802734}}, {"type": "Feature", "geometry": {"type": "LineString", "coordinates": [[4.917424994208104, 52.37258833115151], [4.917407917216489, 52.37256838787849]]}, "properties": {"Speed": 8.4, "road_quality": 2, "marker": 7, "trip_id": "Febru_Trip2", "hrot_diff": 1, "sample_diff": 24, "time_diff_s": 0.48, "gps_distance_m": 2.5, "original_speed": "1229", "wheel_diameter_mm": 711.0003997802734}}, {"type": "Feature", "geometry": {"type": "LineString", "coordinates": [[4.917407917216489, 52.37256838787849], [4.91739923651949, 52.372550407900384]]}, "properties": {"Speed": 7.7, "road_quality": 2, "marker": 7, "trip_id": "Febru_Trip2", "hrot_diff": 1, "sample_diff": 26, "time_diff_s": 0.52, "gps_distance_m": 2.1, "original_speed": "1056", "wheel_diameter_mm": 711.0003997802734}}, {"type": "Feature", "geometry": {"type": "LineString", "coordinates": [[4.91739923651949, 52.372550407900384], [4.917428295399868, 52.37253153690719]]}, "properties": {"Speed": 1.0, "road_quality": 1, "marker": 7, "trip_id": "Febru_Trip2", "hrot_diff": 1, "sample_diff": 196, "time_diff_s": 3.92, "gps_distance_m": 2.9, "original_speed": "961", "wheel_diameter_mm": 711.0003997802734}}]}