{"type": "FeatureCollection", "features": [{"type": "Feature", "geometry": {"type": "LineString", "coordinates": [[4.807991463373684, 52.35357120896802], [4.8081145684388105, 52.35362468700356]]}, "properties": {"Speed": 11.8, "road_quality": 2, "marker": 3, "trip_id": "Febru_Trip4", "hrot_diff": 1, "sample_diff": 17, "time_diff_s": 0.34, "gps_distance_m": 10.3, "original_speed": "0", "wheel_diameter_mm": 711.0003997802734}}, {"type": "Feature", "geometry": {"type": "LineString", "coordinates": [[4.8081145684388105, 52.35362468700356], [4.809158130586693, 52.3538204420321]]}, "properties": {"Speed": 0.3, "road_quality": 2, "marker": 6, "trip_id": "Febru_Trip4", "hrot_diff": 1, "sample_diff": 794, "time_diff_s": 15.88, "gps_distance_m": 74.1, "original_speed": "-1", "wheel_diameter_mm": 711.0003997802734}}, {"type": "Feature", "geometry": {"type": "LineString", "coordinates": [[4.809158130586693, 52.3538204420321], [4.809233950016798, 52.35384527343157]]}, "properties": {"Speed": 20.1, "road_quality": 2, "marker": 3, "trip_id": "Febru_Trip4", "hrot_diff": 1, "sample_diff": 10, "time_diff_s": 0.2, "gps_distance_m": 5.8, "original_speed": "0", "wheel_diameter_mm": 711.0003997802734}}, {"type": "Feature", "geometry": {"type": "LineString", "coordinates": [[4.809233950016798, 52.35384527343157], [4.809300330440456, 52.353866160987444]]}, "properties": {"Speed": 12.6, "road_quality": 2, "marker": 7, "trip_id": "Febru_Trip4", "hrot_diff": 1, "sample_diff": 16, "time_diff_s": 0.32, "gps_distance_m": 5.1, "original_speed": "119", "wheel_diameter_mm": 711.0003997802734}}, {"type": "Feature", "geometry": {"type": "LineString", "coordinates": [[4.809300330440456, 52.353866160987444], [4.8093518980856205, 52.35388167282232]]}, "properties": {"Speed": 9.1, "road_quality": 2, "marker": 7, "trip_id": "Febru_Trip4", "hrot_diff": 1, "sample_diff": 22, "time_diff_s": 0.44, "gps_distance_m": 3.9, "original_speed": "1293", "wheel_diameter_mm": 711.0003997802734}}, {"type": "Feature", "geometry": {"type": "LineString", "coordinates": [[4.8093518980856205, 52.35388167282232], [4.809400879756519, 52.353893814087336]]}, "properties": {"Speed": 8.7, "road_quality": 2, "marker": 7, "trip_id": "Febru_Trip4", "hrot_diff": 1, "sample_diff": 23, "time_diff_s": 0.46, "gps_distance_m": 3.6, "original_speed": "1153", "wheel_diameter_mm": 711.0003997802734}}, {"type": "Feature", "geometry": {"type": "LineString", "coordinates": [[4.809400879756519, 52.353893814087336], [4.809429149550199, 52.35390211943999]]}, "properties": {"Speed": 8.4, "road_quality": 2, "marker": 7, "trip_id": "Febru_Trip4", "hrot_diff": 1, "sample_diff": 24, "time_diff_s": 0.48, "gps_distance_m": 2.1, "original_speed": "1056", "wheel_diameter_mm": 711.0003997802734}}, {"type": "Feature", "geometry": {"type": "LineString", "coordinates": [[4.809429149550199, 52.35390211943999], [4.809457332108313, 52.35390812075948]]}, "properties": {"Speed": 7.7, "road_quality": 2, "marker": 7, "trip_id": "Febru_Trip4", "hrot_diff": 1, "sample_diff": 26, "time_diff_s": 0.52, "gps_distance_m": 2.0, "original_speed": "1000", "wheel_diameter_mm": 711.0003997802734}}, {"type": "Feature", "geometry": {"type": "LineString", "coordinates": [[4.809457332108313, 52.35390812075948], [4.8094814754240485, 52.35391580779067]]}, "properties": {"Speed": 9.1, "road_quality": 2, "marker": 7, "trip_id": "Febru_Trip4", "hrot_diff": 1, "sample_diff": 22, "time_diff_s": 0.44, "gps_distance_m": 1.8, "original_speed": "990", "wheel_diameter_mm": 711.0003997802734}}, {"type": "Feature", "geometry": {"type": "LineString", "coordinates": [[4.8094814754240485, 52.35391580779067], [4.8095033824000755, 52.353921384268304]]}, "properties": {"Speed": 11.8, "road_quality": 2, "marker": 7, "trip_id": "Febru_Trip4", "hrot_diff": 1, "sample_diff": 17, "time_diff_s": 0.34, "gps_distance_m": 1.6, "original_speed": "1209", "wheel_diameter_mm": 711.0003997802734}}, {"type": "Feature", "geometry": {"type": "LineString", "coordinates": [[4.8095033824000755, 52.353921384268304], [4.809533607961963, 52.35392940225494]]}, "properties": {"Speed": 13.4, "road_quality": 2, "marker": 7, "trip_id": "Febru_Trip4", "hrot_diff": 1, "sample_diff": 15, "time_diff_s": 0.3, "gps_distance_m": 2.2, "original_speed": "1470", "wheel_diameter_mm": 711.0003997802734}}, {"type": "Feature", "geometry": {"type": "LineString", "coordinates": [[4.809533607961963, 52.35392940225494], [4.80955359051635, 52.35391273083257]]}, "properties": {"Speed": 13.4, "road_quality": 2, "marker": 7, "trip_id": "Febru_Trip4", "hrot_diff": 1, "sample_diff": 15, "time_diff_s": 0.3, "gps_distance_m": 2.3, "original_speed": "1666", "wheel_diameter_mm": 711.0003997802734}}, {"type": "Feature", "geometry": {"type": "LineString", "coordinates": [[4.80955359051635, 52.35391273083257], [4.809595185915182, 52.353904964149116]]}, "properties": {"Speed": 15.5, "road_quality": 2, "marker": 7, "trip_id": "Febru_Trip4", "hrot_diff": 1, "sample_diff": 13, "time_diff_s": 0.26, "gps_distance_m": 3.0, "original_speed": "1818", "wheel_diameter_mm": 711.0003997802734}}, {"type": "Feature", "geometry": {"type": "LineString", "coordinates": [[4.809595185915182, 52.353904964149116], [4.809652991492051, 52.35391006859572]]}, "properties": {"Speed": 18.3, "road_quality": 2, "marker": 7, "trip_id": "Febru_Trip4", "hrot_diff": 1, "sample_diff": 11, "time_diff_s": 0.22, "gps_distance_m": 4.0, "original_speed": "2032", "wheel_diameter_mm": 711.0003997802734}}, {"type": "Feature", "geometry": {"type": "LineString", "coordinates": [[4.809652991492051, 52.35391006859572], [4.809711272789571, 52.35391418565581]]}, "properties": {"Speed": 15.5, "road_quality": 2, "marker": 7, "trip_id": "Febru_Trip4", "hrot_diff": 1, "sample_diff": 13, "time_diff_s": 0.26, "gps_distance_m": 4.0, "original_speed": "2272", "wheel_diameter_mm": 711.0003997802734}}, {"type": "Feature", "geometry": {"type": "LineString", "coordinates": [[4.809711272789571, 52.35391418565581], [4.809786672383445, 52.353925104576774]]}, "properties": {"Speed": 18.3, "road_quality": 2, "marker": 7, "trip_id": "Febru_Trip4", "hrot_diff": 1, "sample_diff": 11, "time_diff_s": 0.22, "gps_distance_m": 5.3, "original_speed": "2450", "wheel_diameter_mm": 711.0003997802734}}, {"type": "Feature", "geometry": {"type": "LineString", "coordinates": [[4.809786672383445, 52.353925104576774], [4.809859329939925, 52.35393560236528]]}, "properties": {"Speed": 16.8, "road_quality": 2, "marker": 7, "trip_id": "Febru_Trip4", "hrot_diff": 1, "sample_diff": 12, "time_diff_s": 0.24, "gps_distance_m": 5.1, "original_speed": "2500", "wheel_diameter_mm": 711.0003997802734}}, {"type": "Feature", "geometry": {"type": "LineString", "coordinates": [[4.809859329939925, 52.35393560236528], [4.809918171860128, 52.3539668766341]]}, "properties": {"Speed": 25.1, "road_quality": 2, "marker": 7, "trip_id": "Febru_Trip4", "hrot_diff": 1, "sample_diff": 8, "time_diff_s": 0.16, "gps_distance_m": 5.3, "original_speed": "2608", "wheel_diameter_mm": 711.0003997802734}}, {"type": "Feature", "geometry": {"type": "LineString", "coordinates": [[4.809918171860128, 52.3539668766341], [4.809994924204041, 52.35398011951409]]}, "properties": {"Speed": 16.8, "road_quality": 2, "marker": 7, "trip_id": "Febru_Trip4", "hrot_diff": 1, "sample_diff": 12, "time_diff_s": 0.24, "gps_distance_m": 5.4, "original_speed": "2678", "wheel_diameter_mm": 711.0003997802734}}, {"type": "Feature", "geometry": {"type": "LineString", "coordinates": [[4.809994924204041, 52.35398011951409], [4.81007208737187, 52.353990803998435]]}, "properties": {"Speed": 16.8, "road_quality": 2, "marker": 7, "trip_id": "Febru_Trip4", "hrot_diff": 1, "sample_diff": 12, "time_diff_s": 0.24, "gps_distance_m": 5.4, "original_speed": "2702", "wheel_diameter_mm": 711.0003997802734}}, {"type": "Feature", "geometry": {"type": "LineString", "coordinates": [[4.81007208737187, 52.353990803998435], [4.810142017798774, 52.354009397594886]]}, "properties": {"Speed": 28.7, "road_quality": 2, "marker": 7, "trip_id": "Febru_Trip4", "hrot_diff": 1, "sample_diff": 7, "time_diff_s": 0.14, "gps_distance_m": 5.2, "original_speed": "2803", "wheel_diameter_mm": 711.0003997802734}}, {"type": "Feature", "geometry": {"type": "LineString", "coordinates": [[4.810142017798774, 52.354009397594886], [4.810207190825515, 52.35402105500046]]}, "properties": {"Speed": 28.7, "road_quality": 2, "marker": 7, "trip_id": "Febru_Trip4", "hrot_diff": 1, "sample_diff": 7, "time_diff_s": 0.14, "gps_distance_m": 4.6, "original_speed": "2777", "wheel_diameter_mm": 711.0003997802734}}, {"type": "Feature", "geometry": {"type": "LineString", "coordinates": [[4.810207190825515, 52.35402105500046], [4.810272735176304, 52.35403696087838]]}, "properties": {"Speed": 16.8, "road_quality": 2, "marker": 7, "trip_id": "Febru_Trip4", "hrot_diff": 1, "sample_diff": 12, "time_diff_s": 0.24, "gps_distance_m": 4.8, "original_speed": "2857", "wheel_diameter_mm": 711.0003997802734}}, {"type": "Feature", "geometry": {"type": "LineString", "coordinates": [[4.810272735176304, 52.35403696087838], [4.810351178507219, 52.35405272537733]]}, "properties": {"Speed": 16.8, "road_quality": 2, "marker": 7, "trip_id": "Febru_Trip4", "hrot_diff": 1, "sample_diff": 12, "time_diff_s": 0.24, "gps_distance_m": 5.6, "original_speed": "2884", "wheel_diameter_mm": 711.0003997802734}}, {"type": "Feature", "geometry": {"type": "LineString", "coordinates": [[4.810351178507219, 52.35405272537733], [4.810434275819898, 52.35406836990161]]}, "properties": {"Speed": 20.8, "road_quality": 2, "marker": 7, "trip_id": "Febru_Trip4", "hrot_diff": 3, "sample_diff": 29, "time_diff_s": 0.58, "gps_distance_m": 5.9, "original_speed": "2857", "wheel_diameter_mm": 711.0003997802734}}, {"type": "Feature", "geometry": {"type": "LineString", "coordinates": [[4.810434275819898, 52.35406836990161], [4.810529632396413, 52.35409207285571]]}, "properties": {"Speed": 3.3, "road_quality": 2, "marker": 6, "trip_id": "Febru_Trip4", "hrot_diff": 1, "sample_diff": 61, "time_diff_s": 1.22, "gps_distance_m": 7.0, "original_speed": "-1", "wheel_diameter_mm": 711.0003997802734}}, {"type": "Feature", "geometry": {"type": "LineString", "coordinates": [[4.826975473635691, 52.3561140467557], [4.827022962856529, 52.35610909271773]]}, "properties": {"Speed": 10.1, "road_quality": 2, "marker": 7, "trip_id": "Febru_Trip4", "hrot_diff": 1, "sample_diff": 20, "time_diff_s": 0.4, "gps_distance_m": 3.3, "original_speed": "5", "wheel_diameter_mm": 711.0003997802734}}, {"type": "Feature", "geometry": {"type": "LineString", "coordinates": [[4.827022962856529, 52.35610909271773], [4.827065266869529, 52.356100172481135]]}, "properties": {"Speed": 10.6, "road_quality": 2, "marker": 7, "trip_id": "Febru_Trip4", "hrot_diff": 1, "sample_diff": 19, "time_diff_s": 0.38, "gps_distance_m": 3.0, "original_speed": "22", "wheel_diameter_mm": 711.0003997802734}}, {"type": "Feature", "geometry": {"type": "LineString", "coordinates": [[4.827065266869529, 52.356100172481135], [4.827095166990366, 52.35609233662837]]}, "properties": {"Speed": 7.7, "road_quality": 2, "marker": 7, "trip_id": "Febru_Trip4", "hrot_diff": 1, "sample_diff": 26, "time_diff_s": 0.52, "gps_distance_m": 2.2, "original_speed": "1339", "wheel_diameter_mm": 711.0003997802734}}, {"type": "Feature", "geometry": {"type": "LineString", "coordinates": [[4.827095166990366, 52.35609233662837], [4.8271201425420065, 52.3560828166171]]}, "properties": {"Speed": 6.7, "road_quality": 2, "marker": 7, "trip_id": "Febru_Trip4", "hrot_diff": 1, "sample_diff": 30, "time_diff_s": 0.6, "gps_distance_m": 2.0, "original_speed": "1136", "wheel_diameter_mm": 711.0003997802734}}, {"type": "Feature", "geometry": {"type": "LineString", "coordinates": [[4.8271201425420065, 52.3560828166171], [4.827134790377566, 52.356072504495984]]}, "properties": {"Speed": 6.7, "road_quality": 2, "marker": 7, "trip_id": "Febru_Trip4", "hrot_diff": 1, "sample_diff": 30, "time_diff_s": 0.6, "gps_distance_m": 1.5, "original_speed": "980", "wheel_diameter_mm": 711.0003997802734}}, {"type": "Feature", "geometry": {"type": "LineString", "coordinates": [[4.827134790377566, 52.356072504495984], [4.827154568524069, 52.356064009783736]]}, "properties": {"Speed": 5.3, "road_quality": 2, "marker": 7, "trip_id": "Febru_Trip4", "hrot_diff": 1, "sample_diff": 38, "time_diff_s": 0.76, "gps_distance_m": 1.6, "original_speed": "826", "wheel_diameter_mm": 711.0003997802734}}, {"type": "Feature", "geometry": {"type": "LineString", "coordinates": [[4.827154568524069, 52.356064009783736], [4.8271707326749365, 52.35607543717977]]}, "properties": {"Speed": 0.4, "road_quality": 2, "marker": 7, "trip_id": "Febru_Trip4", "hrot_diff": 1, "sample_diff": 552, "time_diff_s": 11.04, "gps_distance_m": 1.7, "original_speed": "769", "wheel_diameter_mm": 711.0003997802734}}, {"type": "Feature", "geometry": {"type": "LineString", "coordinates": [[4.8271707326749365, 52.35607543717977], [4.827186766355005, 52.35607629065253]]}, "properties": {"Speed": 7.7, "road_quality": 2, "marker": 7, "trip_id": "Febru_Trip4", "hrot_diff": 1, "sample_diff": 26, "time_diff_s": 0.52, "gps_distance_m": 1.1, "original_speed": "86", "wheel_diameter_mm": 711.0003997802734}}, {"type": "Feature", "geometry": {"type": "LineString", "coordinates": [[4.827186766355005, 52.35607629065253], [4.827215089760485, 52.356078566235404]]}, "properties": {"Speed": 11.2, "road_quality": 2, "marker": 7, "trip_id": "Febru_Trip4", "hrot_diff": 1, "sample_diff": 18, "time_diff_s": 0.36, "gps_distance_m": 1.9, "original_speed": "943", "wheel_diameter_mm": 711.0003997802734}}, {"type": "Feature", "geometry": {"type": "LineString", "coordinates": [[4.827215089760485, 52.356078566235404], [4.827253913296665, 52.35608055521553]]}, "properties": {"Speed": 10.6, "road_quality": 2, "marker": 7, "trip_id": "Febru_Trip4", "hrot_diff": 1, "sample_diff": 19, "time_diff_s": 0.38, "gps_distance_m": 2.6, "original_speed": "1327", "wheel_diameter_mm": 711.0003997802734}}, {"type": "Feature", "geometry": {"type": "LineString", "coordinates": [[4.827253913296665, 52.35608055521553], [4.827298523234079, 52.35608089066322]]}, "properties": {"Speed": 16.8, "road_quality": 2, "marker": 7, "trip_id": "Febru_Trip4", "hrot_diff": 1, "sample_diff": 12, "time_diff_s": 0.24, "gps_distance_m": 3.0, "original_speed": "1550", "wheel_diameter_mm": 711.0003997802734}}, {"type": "Feature", "geometry": {"type": "LineString", "coordinates": [[4.827298523234079, 52.35608089066322], [4.827354426320684, 52.35608379136843]]}, "properties": {"Speed": 15.5, "road_quality": 2, "marker": 7, "trip_id": "Febru_Trip4", "hrot_diff": 1, "sample_diff": 13, "time_diff_s": 0.26, "gps_distance_m": 3.8, "original_speed": "1785", "wheel_diameter_mm": 711.0003997802734}}, {"type": "Feature", "geometry": {"type": "LineString", "coordinates": [[4.827354426320684, 52.35608379136843], [4.82741944005731, 52.356082301117155]]}, "properties": {"Speed": 15.5, "road_quality": 2, "marker": 7, "trip_id": "Febru_Trip4", "hrot_diff": 1, "sample_diff": 13, "time_diff_s": 0.26, "gps_distance_m": 4.4, "original_speed": "1960", "wheel_diameter_mm": 711.0003997802734}}, {"type": "Feature", "geometry": {"type": "LineString", "coordinates": [[4.82741944005731, 52.356082301117155], [4.827480432297862, 52.356086661833984]]}, "properties": {"Speed": 16.8, "road_quality": 2, "marker": 7, "trip_id": "Febru_Trip4", "hrot_diff": 1, "sample_diff": 12, "time_diff_s": 0.24, "gps_distance_m": 4.2, "original_speed": "2083", "wheel_diameter_mm": 711.0003997802734}}, {"type": "Feature", "geometry": {"type": "LineString", "coordinates": [[4.827480432297862, 52.356086661833984], [4.827551498372512, 52.35609424233228]]}, "properties": {"Speed": 11.2, "road_quality": 2, "marker": 7, "trip_id": "Febru_Trip4", "hrot_diff": 1, "sample_diff": 18, "time_diff_s": 0.36, "gps_distance_m": 4.9, "original_speed": "2155", "wheel_diameter_mm": 711.0003997802734}}, {"type": "Feature", "geometry": {"type": "LineString", "coordinates": [[4.827551498372512, 52.35609424233228], [4.827604547829415, 52.3561180601385]]}, "properties": {"Speed": 16.8, "road_quality": 2, "marker": 7, "trip_id": "Febru_Trip4", "hrot_diff": 1, "sample_diff": 12, "time_diff_s": 0.24, "gps_distance_m": 4.5, "original_speed": "2000", "wheel_diameter_mm": 711.0003997802734}}, {"type": "Feature", "geometry": {"type": "LineString", "coordinates": [[4.827604547829415, 52.3561180601385], [4.827646598347914, 52.35614562797053]]}, "properties": {"Speed": 20.1, "road_quality": 2, "marker": 7, "trip_id": "Febru_Trip4", "hrot_diff": 1, "sample_diff": 10, "time_diff_s": 0.2, "gps_distance_m": 4.2, "original_speed": "1980", "wheel_diameter_mm": 711.0003997802734}}, {"type": "Feature", "geometry": {"type": "LineString", "coordinates": [[4.827646598347914, 52.35614562797053], [4.8277041366827875, 52.35615430011764]]}, "properties": {"Speed": 16.8, "road_quality": 2, "marker": 7, "trip_id": "Febru_Trip4", "hrot_diff": 1, "sample_diff": 12, "time_diff_s": 0.24, "gps_distance_m": 4.0, "original_speed": "2049", "wheel_diameter_mm": 711.0003997802734}}, {"type": "Feature", "geometry": {"type": "LineString", "coordinates": [[4.8277041366827875, 52.35615430011764], [4.827773578951306, 52.356150077871185]]}, "properties": {"Speed": 20.1, "road_quality": 2, "marker": 7, "trip_id": "Febru_Trip4", "hrot_diff": 1, "sample_diff": 10, "time_diff_s": 0.2, "gps_distance_m": 4.7, "original_speed": "2272", "wheel_diameter_mm": 711.0003997802734}}, {"type": "Feature", "geometry": {"type": "LineString", "coordinates": [[4.827773578951306, 52.356150077871185], [4.827850047134093, 52.35614613302625]]}, "properties": {"Speed": 25.1, "road_quality": 2, "marker": 7, "trip_id": "Febru_Trip4", "hrot_diff": 1, "sample_diff": 8, "time_diff_s": 0.16, "gps_distance_m": 5.2, "original_speed": "2380", "wheel_diameter_mm": 711.0003997802734}}, {"type": "Feature", "geometry": {"type": "LineString", "coordinates": [[4.827850047134093, 52.35614613302625], [4.827929682599074, 52.35614497867673]]}, "properties": {"Speed": 13.4, "road_quality": 2, "marker": 7, "trip_id": "Febru_Trip4", "hrot_diff": 1, "sample_diff": 15, "time_diff_s": 0.3, "gps_distance_m": 5.4, "original_speed": "2542", "wheel_diameter_mm": 711.0003997802734}}, {"type": "Feature", "geometry": {"type": "LineString", "coordinates": [[4.827929682599074, 52.35614497867673], [4.828012585851376, 52.35614894537032]]}, "properties": {"Speed": 33.5, "road_quality": 2, "marker": 7, "trip_id": "Febru_Trip4", "hrot_diff": 1, "sample_diff": 6, "time_diff_s": 0.12, "gps_distance_m": 5.6, "original_speed": "2631", "wheel_diameter_mm": 711.0003997802734}}, {"type": "Feature", "geometry": {"type": "LineString", "coordinates": [[4.828012585851376, 52.35614894537032], [4.828100908571549, 52.35615309602233]]}, "properties": {"Speed": 28.7, "road_quality": 2, "marker": 7, "trip_id": "Febru_Trip4", "hrot_diff": 1, "sample_diff": 7, "time_diff_s": 0.14, "gps_distance_m": 6.0, "original_speed": "2803", "wheel_diameter_mm": 711.0003997802734}}, {"type": "Feature", "geometry": {"type": "LineString", "coordinates": [[4.828100908571549, 52.35615309602233], [4.828187416638989, 52.356159196595875]]}, "properties": {"Speed": 33.5, "road_quality": 2, "marker": 7, "trip_id": "Febru_Trip4", "hrot_diff": 1, "sample_diff": 6, "time_diff_s": 0.12, "gps_distance_m": 5.9, "original_speed": "2803", "wheel_diameter_mm": 711.0003997802734}}, {"type": "Feature", "geometry": {"type": "LineString", "coordinates": [[4.828187416638989, 52.356159196595875], [4.828271092917007, 52.35616321392693]]}, "properties": {"Speed": 16.8, "road_quality": 2, "marker": 7, "trip_id": "Febru_Trip4", "hrot_diff": 1, "sample_diff": 12, "time_diff_s": 0.24, "gps_distance_m": 5.7, "original_speed": "2912", "wheel_diameter_mm": 711.0003997802734}}, {"type": "Feature", "geometry": {"type": "LineString", "coordinates": [[4.828271092917007, 52.35616321392693], [4.82836388857633, 52.35616571174894]]}, "properties": {"Speed": 16.8, "road_quality": 2, "marker": 7, "trip_id": "Febru_Trip4", "hrot_diff": 1, "sample_diff": 12, "time_diff_s": 0.24, "gps_distance_m": 6.3, "original_speed": "2857", "wheel_diameter_mm": 711.0003997802734}}, {"type": "Feature", "geometry": {"type": "LineString", "coordinates": [[4.82836388857633, 52.35616571174894], [4.828451743810033, 52.35616818427908]]}, "properties": {"Speed": 13.1, "road_quality": 2, "marker": 7, "trip_id": "Febru_Trip4", "hrot_diff": 3, "sample_diff": 46, "time_diff_s": 0.92, "gps_distance_m": 6.0, "original_speed": "2941", "wheel_diameter_mm": 711.0003997802734}}, {"type": "Feature", "geometry": {"type": "LineString", "coordinates": [[4.828451743810033, 52.35616818427908], [4.828546785111174, 52.35617522052081]]}, "properties": {"Speed": 4.5, "road_quality": 2, "marker": 6, "trip_id": "Febru_Trip4", "hrot_diff": 1, "sample_diff": 45, "time_diff_s": 0.9, "gps_distance_m": 6.5, "original_speed": "-1", "wheel_diameter_mm": 711.0003997802734}}, {"type": "Feature", "geometry": {"type": "LineString", "coordinates": [[4.828546785111174, 52.35617522052081], [4.828641443558409, 52.35617863014025]]}, "properties": {"Speed": 4.6, "road_quality": 2, "marker": 6, "trip_id": "Febru_Trip4", "hrot_diff": 1, "sample_diff": 44, "time_diff_s": 0.88, "gps_distance_m": 6.4, "original_speed": "-1", "wheel_diameter_mm": 711.0003997802734}}, {"type": "Feature", "geometry": {"type": "LineString", "coordinates": [[4.844408949852834, 52.35607709920829], [4.844456023577136, 52.35605716808993]]}, "properties": {"Speed": 12.6, "road_quality": 2, "marker": 7, "trip_id": "Febru_Trip4", "hrot_diff": 1, "sample_diff": 16, "time_diff_s": 0.32, "gps_distance_m": 3.9, "original_speed": "5", "wheel_diameter_mm": 711.0003997802734}}, {"type": "Feature", "geometry": {"type": "LineString", "coordinates": [[4.844456023577136, 52.35605716808993], [4.844473909576815, 52.35601973301569]]}, "properties": {"Speed": 9.6, "road_quality": 2, "marker": 7, "trip_id": "Febru_Trip4", "hrot_diff": 1, "sample_diff": 21, "time_diff_s": 0.42, "gps_distance_m": 4.3, "original_speed": "17", "wheel_diameter_mm": 711.0003997802734}}, {"type": "Feature", "geometry": {"type": "LineString", "coordinates": [[4.844473909576815, 52.35601973301569], [4.8444662520845645, 52.355988144998285]]}, "properties": {"Speed": 12.6, "road_quality": 2, "marker": 7, "trip_id": "Febru_Trip4", "hrot_diff": 1, "sample_diff": 16, "time_diff_s": 0.32, "gps_distance_m": 3.6, "original_speed": "1470", "wheel_diameter_mm": 711.0003997802734}}, {"type": "Feature", "geometry": {"type": "LineString", "coordinates": [[4.8444662520845645, 52.355988144998285], [4.844461985739927, 52.355958279294974]]}, "properties": {"Speed": 13.4, "road_quality": 2, "marker": 7, "trip_id": "Febru_Trip4", "hrot_diff": 1, "sample_diff": 15, "time_diff_s": 0.3, "gps_distance_m": 3.3, "original_speed": "1550", "wheel_diameter_mm": 711.0003997802734}}, {"type": "Feature", "geometry": {"type": "LineString", "coordinates": [[4.844461985739927, 52.355958279294974], [4.844460702088682, 52.3559281610229]]}, "properties": {"Speed": 13.4, "road_quality": 2, "marker": 7, "trip_id": "Febru_Trip4", "hrot_diff": 1, "sample_diff": 15, "time_diff_s": 0.3, "gps_distance_m": 3.4, "original_speed": "1574", "wheel_diameter_mm": 711.0003997802734}}, {"type": "Feature", "geometry": {"type": "LineString", "coordinates": [[4.844460702088682, 52.3559281610229], [4.84446071178764, 52.35589799831083]]}, "properties": {"Speed": 13.4, "road_quality": 2, "marker": 7, "trip_id": "Febru_Trip4", "hrot_diff": 1, "sample_diff": 15, "time_diff_s": 0.3, "gps_distance_m": 3.4, "original_speed": "1626", "wheel_diameter_mm": 711.0003997802734}}, {"type": "Feature", "geometry": {"type": "LineString", "coordinates": [[4.84446071178764, 52.35589799831083], [4.844454995204234, 52.35586446605995]]}, "properties": {"Speed": 13.4, "road_quality": 2, "marker": 7, "trip_id": "Febru_Trip4", "hrot_diff": 1, "sample_diff": 15, "time_diff_s": 0.3, "gps_distance_m": 3.7, "original_speed": "1626", "wheel_diameter_mm": 711.0003997802734}}, {"type": "Feature", "geometry": {"type": "LineString", "coordinates": [[4.844454995204234, 52.35586446605995], [4.844455943960684, 52.35582779791763]]}, "properties": {"Speed": 15.5, "road_quality": 2, "marker": 7, "trip_id": "Febru_Trip4", "hrot_diff": 1, "sample_diff": 13, "time_diff_s": 0.26, "gps_distance_m": 4.1, "original_speed": "1869", "wheel_diameter_mm": 711.0003997802734}}, {"type": "Feature", "geometry": {"type": "LineString", "coordinates": [[4.844455943960684, 52.35582779791763], [4.844453561020876, 52.35579011482916]]}, "properties": {"Speed": 15.5, "road_quality": 2, "marker": 7, "trip_id": "Febru_Trip4", "hrot_diff": 1, "sample_diff": 13, "time_diff_s": 0.26, "gps_distance_m": 4.2, "original_speed": "2000", "wheel_diameter_mm": 711.0003997802734}}, {"type": "Feature", "geometry": {"type": "LineString", "coordinates": [[4.844453561020876, 52.35579011482916], [4.844449470778225, 52.355750047375345]]}, "properties": {"Speed": 16.8, "road_quality": 2, "marker": 7, "trip_id": "Febru_Trip4", "hrot_diff": 1, "sample_diff": 12, "time_diff_s": 0.24, "gps_distance_m": 4.5, "original_speed": "2000", "wheel_diameter_mm": 711.0003997802734}}, {"type": "Feature", "geometry": {"type": "LineString", "coordinates": [[4.844449470778225, 52.355750047375345], [4.844473429653082, 52.35571529016808]]}, "properties": {"Speed": 16.8, "road_quality": 2, "marker": 7, "trip_id": "Febru_Trip4", "hrot_diff": 1, "sample_diff": 12, "time_diff_s": 0.24, "gps_distance_m": 4.2, "original_speed": "2136", "wheel_diameter_mm": 711.0003997802734}}, {"type": "Feature", "geometry": {"type": "LineString", "coordinates": [[4.844473429653082, 52.35571529016808], [4.844536962934073, 52.35568539567422]]}, "properties": {"Speed": 22.3, "road_quality": 2, "marker": 7, "trip_id": "Febru_Trip4", "hrot_diff": 1, "sample_diff": 9, "time_diff_s": 0.18, "gps_distance_m": 5.4, "original_speed": "2272", "wheel_diameter_mm": 711.0003997802734}}, {"type": "Feature", "geometry": {"type": "LineString", "coordinates": [[4.844536962934073, 52.35568539567422], [4.844621947759553, 52.35567509656154]]}, "properties": {"Speed": 20.1, "road_quality": 2, "marker": 7, "trip_id": "Febru_Trip4", "hrot_diff": 1, "sample_diff": 10, "time_diff_s": 0.2, "gps_distance_m": 5.9, "original_speed": "2450", "wheel_diameter_mm": 711.0003997802734}}, {"type": "Feature", "geometry": {"type": "LineString", "coordinates": [[4.844621947759553, 52.35567509656154], [4.844709344953015, 52.3556804517515]]}, "properties": {"Speed": 22.3, "road_quality": 2, "marker": 7, "trip_id": "Febru_Trip4", "hrot_diff": 1, "sample_diff": 9, "time_diff_s": 0.18, "gps_distance_m": 6.0, "original_speed": "2450", "wheel_diameter_mm": 711.0003997802734}}, {"type": "Feature", "geometry": {"type": "LineString", "coordinates": [[4.844709344953015, 52.3556804517515], [4.844789947318809, 52.35568444110206]]}, "properties": {"Speed": 18.3, "road_quality": 2, "marker": 7, "trip_id": "Febru_Trip4", "hrot_diff": 1, "sample_diff": 11, "time_diff_s": 0.22, "gps_distance_m": 5.5, "original_speed": "2521", "wheel_diameter_mm": 711.0003997802734}}, {"type": "Feature", "geometry": {"type": "LineString", "coordinates": [[4.844789947318809, 52.35568444110206], [4.844868065695991, 52.35568513148241]]}, "properties": {"Speed": 16.8, "road_quality": 2, "marker": 7, "trip_id": "Febru_Trip4", "hrot_diff": 1, "sample_diff": 12, "time_diff_s": 0.24, "gps_distance_m": 5.3, "original_speed": "2608", "wheel_diameter_mm": 711.0003997802734}}, {"type": "Feature", "geometry": {"type": "LineString", "coordinates": [[4.844868065695991, 52.35568513148241], [4.844951469154205, 52.355683518016036]]}, "properties": {"Speed": 18.3, "road_quality": 2, "marker": 7, "trip_id": "Febru_Trip4", "hrot_diff": 1, "sample_diff": 11, "time_diff_s": 0.22, "gps_distance_m": 5.7, "original_speed": "2654", "wheel_diameter_mm": 711.0003997802734}}, {"type": "Feature", "geometry": {"type": "LineString", "coordinates": [[4.844951469154205, 52.355683518016036], [4.845037878587217, 52.35568487752371]]}, "properties": {"Speed": 18.3, "road_quality": 2, "marker": 7, "trip_id": "Febru_Trip4", "hrot_diff": 1, "sample_diff": 11, "time_diff_s": 0.22, "gps_distance_m": 5.9, "original_speed": "2727", "wheel_diameter_mm": 711.0003997802734}}, {"type": "Feature", "geometry": {"type": "LineString", "coordinates": [[4.845037878587217, 52.35568487752371], [4.845118642023784, 52.35568382834569]]}, "properties": {"Speed": 16.8, "road_quality": 2, "marker": 6, "trip_id": "Febru_Trip4", "hrot_diff": 1, "sample_diff": 12, "time_diff_s": 0.24, "gps_distance_m": 5.5, "original_speed": "-1", "wheel_diameter_mm": 711.0003997802734}}, {"type": "Feature", "geometry": {"type": "LineString", "coordinates": [[4.845118642023784, 52.35568382834569], [4.8452124502902185, 52.355686613093425]]}, "properties": {"Speed": 33.5, "road_quality": 2, "marker": 6, "trip_id": "Febru_Trip4", "hrot_diff": 1, "sample_diff": 6, "time_diff_s": 0.12, "gps_distance_m": 6.4, "original_speed": "-1", "wheel_diameter_mm": 711.0003997802734}}, {"type": "Feature", "geometry": {"type": "LineString", "coordinates": [[4.8452124502902185, 52.355686613093425], [4.845302070236409, 52.355685768463125]]}, "properties": {"Speed": 40, "road_quality": 2, "marker": 7, "trip_id": "Febru_Trip4", "hrot_diff": 1, "sample_diff": 5, "time_diff_s": 0.1, "gps_distance_m": 6.1, "original_speed": "2830", "wheel_diameter_mm": 711.0003997802734}}, {"type": "Feature", "geometry": {"type": "LineString", "coordinates": [[4.845302070236409, 52.355685768463125], [4.847745430804153, 52.35565867887954]]}, "properties": {"Speed": 0.2, "road_quality": 2, "marker": 7, "trip_id": "Febru_Trip4", "hrot_diff": 1, "sample_diff": 1275, "time_diff_s": 25.5, "gps_distance_m": 166.0, "original_speed": "2912", "wheel_diameter_mm": 711.0003997802734}}, {"type": "Feature", "geometry": {"type": "LineString", "coordinates": [[4.847745430804153, 52.35565867887954], [4.847760032607455, 52.35563195099202]]}, "properties": {"Speed": 16.8, "road_quality": 2, "marker": 7, "trip_id": "Febru_Trip4", "hrot_diff": 1, "sample_diff": 12, "time_diff_s": 0.24, "gps_distance_m": 3.1, "original_speed": "76", "wheel_diameter_mm": 711.0003997802734}}, {"type": "Feature", "geometry": {"type": "LineString", "coordinates": [[4.847760032607455, 52.35563195099202], [4.847765390550182, 52.35560011773415]]}, "properties": {"Speed": 12.6, "road_quality": 2, "marker": 7, "trip_id": "Febru_Trip4", "hrot_diff": 1, "sample_diff": 16, "time_diff_s": 0.32, "gps_distance_m": 3.6, "original_speed": "1639", "wheel_diameter_mm": 711.0003997802734}}, {"type": "Feature", "geometry": {"type": "LineString", "coordinates": [[4.847765390550182, 52.35560011773415], [4.8477613713819325, 52.35556507029435]]}, "properties": {"Speed": 15.5, "road_quality": 2, "marker": 7, "trip_id": "Febru_Trip4", "hrot_diff": 1, "sample_diff": 13, "time_diff_s": 0.26, "gps_distance_m": 3.9, "original_speed": "1769", "wheel_diameter_mm": 711.0003997802734}}, {"type": "Feature", "geometry": {"type": "LineString", "coordinates": [[4.8477613713819325, 52.35556507029435], [4.847762147344212, 52.355526824385684]]}, "properties": {"Speed": 15.5, "road_quality": 2, "marker": 7, "trip_id": "Febru_Trip4", "hrot_diff": 1, "sample_diff": 13, "time_diff_s": 0.26, "gps_distance_m": 4.3, "original_speed": "1984", "wheel_diameter_mm": 711.0003997802734}}, {"type": "Feature", "geometry": {"type": "LineString", "coordinates": [[4.847762147344212, 52.355526824385684], [4.847765775241388, 52.35548236546401]]}, "properties": {"Speed": 20.1, "road_quality": 2, "marker": 7, "trip_id": "Febru_Trip4", "hrot_diff": 1, "sample_diff": 10, "time_diff_s": 0.2, "gps_distance_m": 4.9, "original_speed": "2212", "wheel_diameter_mm": 711.0003997802734}}, {"type": "Feature", "geometry": {"type": "LineString", "coordinates": [[4.847765775241388, 52.35548236546401], [4.847765751180187, 52.35543326000655]]}, "properties": {"Speed": 18.3, "road_quality": 2, "marker": 7, "trip_id": "Febru_Trip4", "hrot_diff": 1, "sample_diff": 11, "time_diff_s": 0.22, "gps_distance_m": 5.5, "original_speed": "2475", "wheel_diameter_mm": 711.0003997802734}}, {"type": "Feature", "geometry": {"type": "LineString", "coordinates": [[4.847765751180187, 52.35543326000655], [4.847768861212439, 52.35538362491566]]}, "properties": {"Speed": 33.5, "road_quality": 2, "marker": 7, "trip_id": "Febru_Trip4", "hrot_diff": 1, "sample_diff": 6, "time_diff_s": 0.12, "gps_distance_m": 5.5, "original_speed": "2564", "wheel_diameter_mm": 711.0003997802734}}, {"type": "Feature", "geometry": {"type": "LineString", "coordinates": [[4.847768861212439, 52.35538362491566], [4.847767171565863, 52.35533358202272]]}, "properties": {"Speed": 16.8, "road_quality": 2, "marker": 7, "trip_id": "Febru_Trip4", "hrot_diff": 1, "sample_diff": 12, "time_diff_s": 0.24, "gps_distance_m": 5.6, "original_speed": "2702", "wheel_diameter_mm": 711.0003997802734}}, {"type": "Feature", "geometry": {"type": "LineString", "coordinates": [[4.847767171565863, 52.35533358202272], [4.847761841493079, 52.35527971381337]]}, "properties": {"Speed": 16.2, "road_quality": 2, "marker": 7, "trip_id": "Febru_Trip4", "hrot_diff": 5, "sample_diff": 62, "time_diff_s": 1.24, "gps_distance_m": 6.0, "original_speed": "2777", "wheel_diameter_mm": 711.0003997802734}}, {"type": "Feature", "geometry": {"type": "LineString", "coordinates": [[4.847761841493079, 52.35527971381337], [4.8477575240816595, 52.35522398004413]]}, "properties": {"Speed": 18.3, "road_quality": 2, "marker": 6, "trip_id": "Febru_Trip4", "hrot_diff": 1, "sample_diff": 11, "time_diff_s": 0.22, "gps_distance_m": 6.2, "original_speed": "-1", "wheel_diameter_mm": 711.0003997802734}}, {"type": "Feature", "geometry": {"type": "LineString", "coordinates": [[4.8477575240816595, 52.35522398004413], [4.847758655424927, 52.35516534587049]]}, "properties": {"Speed": 16.8, "road_quality": 2, "marker": 6, "trip_id": "Febru_Trip4", "hrot_diff": 1, "sample_diff": 12, "time_diff_s": 0.24, "gps_distance_m": 6.5, "original_speed": "-1", "wheel_diameter_mm": 711.0003997802734}}, {"type": "Feature", "geometry": {"type": "LineString", "coordinates": [[4.847758655424927, 52.35516534587049], [4.8477556808418205, 52.35510980268639]]}, "properties": {"Speed": 18.3, "road_quality": 2, "marker": 7, "trip_id": "Febru_Trip4", "hrot_diff": 1, "sample_diff": 11, "time_diff_s": 0.22, "gps_distance_m": 6.2, "original_speed": "2912", "wheel_diameter_mm": 711.0003997802734}}, {"type": "Feature", "geometry": {"type": "LineString", "coordinates": [[4.8477556808418205, 52.35510980268639], [4.847754038546162, 52.35506039465727]]}, "properties": {"Speed": 22.3, "road_quality": 2, "marker": 7, "trip_id": "Febru_Trip4", "hrot_diff": 1, "sample_diff": 9, "time_diff_s": 0.18, "gps_distance_m": 5.5, "original_speed": "2727", "wheel_diameter_mm": 711.0003997802734}}, {"type": "Feature", "geometry": {"type": "LineString", "coordinates": [[4.847754038546162, 52.35506039465727], [4.8477552015780985, 52.35501343463591]]}, "properties": {"Speed": 16.8, "road_quality": 2, "marker": 7, "trip_id": "Febru_Trip4", "hrot_diff": 1, "sample_diff": 12, "time_diff_s": 0.24, "gps_distance_m": 5.2, "original_speed": "2542", "wheel_diameter_mm": 711.0003997802734}}, {"type": "Feature", "geometry": {"type": "LineString", "coordinates": [[4.8477552015780985, 52.35501343463591], [4.8477771571404435, 52.35497259256078]]}, "properties": {"Speed": 20.1, "road_quality": 2, "marker": 7, "trip_id": "Febru_Trip4", "hrot_diff": 1, "sample_diff": 10, "time_diff_s": 0.2, "gps_distance_m": 4.8, "original_speed": "2475", "wheel_diameter_mm": 711.0003997802734}}, {"type": "Feature", "geometry": {"type": "LineString", "coordinates": [[4.8477771571404435, 52.35497259256078], [4.847839856577207, 52.35494453203826]]}, "properties": {"Speed": 16.8, "road_quality": 2, "marker": 7, "trip_id": "Febru_Trip4", "hrot_diff": 1, "sample_diff": 12, "time_diff_s": 0.24, "gps_distance_m": 5.3, "original_speed": "2450", "wheel_diameter_mm": 711.0003997802734}}, {"type": "Feature", "geometry": {"type": "LineString", "coordinates": [[4.847839856577207, 52.35494453203826], [4.84793267914772, 52.35494217046687]]}, "properties": {"Speed": 20.1, "road_quality": 2, "marker": 7, "trip_id": "Febru_Trip4", "hrot_diff": 1, "sample_diff": 10, "time_diff_s": 0.2, "gps_distance_m": 6.3, "original_speed": "2380", "wheel_diameter_mm": 711.0003997802734}}, {"type": "Feature", "geometry": {"type": "LineString", "coordinates": [[4.84793267914772, 52.35494217046687], [4.848015914345183, 52.354948740163955]]}, "properties": {"Speed": 16.8, "road_quality": 2, "marker": 7, "trip_id": "Febru_Trip4", "hrot_diff": 1, "sample_diff": 12, "time_diff_s": 0.24, "gps_distance_m": 5.7, "original_speed": "2403", "wheel_diameter_mm": 711.0003997802734}}, {"type": "Feature", "geometry": {"type": "LineString", "coordinates": [[4.848015914345183, 52.354948740163955], [4.84808687753593, 52.35495065825479]]}, "properties": {"Speed": 25.1, "road_quality": 2, "marker": 7, "trip_id": "Febru_Trip4", "hrot_diff": 1, "sample_diff": 8, "time_diff_s": 0.16, "gps_distance_m": 4.8, "original_speed": "2500", "wheel_diameter_mm": 711.0003997802734}}, {"type": "Feature", "geometry": {"type": "LineString", "coordinates": [[4.84808687753593, 52.35495065825479], [4.848162916334419, 52.35494980202316]]}, "properties": {"Speed": 18.3, "road_quality": 2, "marker": 7, "trip_id": "Febru_Trip4", "hrot_diff": 1, "sample_diff": 11, "time_diff_s": 0.22, "gps_distance_m": 5.2, "original_speed": "2564", "wheel_diameter_mm": 711.0003997802734}}, {"type": "Feature", "geometry": {"type": "LineString", "coordinates": [[4.848162916334419, 52.35494980202316], [4.8482382708242575, 52.354957130730384]]}, "properties": {"Speed": 18.3, "road_quality": 2, "marker": 7, "trip_id": "Febru_Trip4", "hrot_diff": 1, "sample_diff": 11, "time_diff_s": 0.22, "gps_distance_m": 5.2, "original_speed": "2678", "wheel_diameter_mm": 711.0003997802734}}, {"type": "Feature", "geometry": {"type": "LineString", "coordinates": [[4.8482382708242575, 52.354957130730384], [4.848321133039936, 52.35496398179228]]}, "properties": {"Speed": 40, "road_quality": 2, "marker": 7, "trip_id": "Febru_Trip4", "hrot_diff": 1, "sample_diff": 5, "time_diff_s": 0.1, "gps_distance_m": 5.7, "original_speed": "2777", "wheel_diameter_mm": 711.0003997802734}}, {"type": "Feature", "geometry": {"type": "LineString", "coordinates": [[4.848321133039936, 52.35496398179228], [4.848410702954213, 52.35496831920594]]}, "properties": {"Speed": 28.7, "road_quality": 2, "marker": 7, "trip_id": "Febru_Trip4", "hrot_diff": 1, "sample_diff": 7, "time_diff_s": 0.14, "gps_distance_m": 6.1, "original_speed": "2884", "wheel_diameter_mm": 711.0003997802734}}, {"type": "Feature", "geometry": {"type": "LineString", "coordinates": [[4.848410702954213, 52.35496831920594], [4.848502171575388, 52.35497348854045]]}, "properties": {"Speed": 33.5, "road_quality": 2, "marker": 7, "trip_id": "Febru_Trip4", "hrot_diff": 1, "sample_diff": 6, "time_diff_s": 0.12, "gps_distance_m": 6.2, "original_speed": "2884", "wheel_diameter_mm": 711.0003997802734}}, {"type": "Feature", "geometry": {"type": "LineString", "coordinates": [[4.848502171575388, 52.35497348854045], [4.848587534336688, 52.35497186668638]]}, "properties": {"Speed": 16.2, "road_quality": 2, "marker": 7, "trip_id": "Febru_Trip4", "hrot_diff": 5, "sample_diff": 62, "time_diff_s": 1.24, "gps_distance_m": 5.8, "original_speed": "2912", "wheel_diameter_mm": 711.0003997802734}}, {"type": "Feature", "geometry": {"type": "LineString", "coordinates": [[4.848587534336688, 52.35497186668638], [4.853281557697651, 52.354810226069624]]}, "properties": {"Speed": 0.1, "road_quality": 2, "marker": 6, "trip_id": "Febru_Trip4", "hrot_diff": 1, "sample_diff": 2531, "time_diff_s": 50.62, "gps_distance_m": 319.3, "original_speed": "-1", "wheel_diameter_mm": 711.0003997802734}}, {"type": "Feature", "geometry": {"type": "LineString", "coordinates": [[4.853281557697651, 52.354810226069624], [4.8533459028365815, 52.35480301523313]]}, "properties": {"Speed": 4.7, "road_quality": 3, "marker": 7, "trip_id": "Febru_Trip4", "hrot_diff": 1, "sample_diff": 43, "time_diff_s": 0.86, "gps_distance_m": 4.4, "original_speed": "19", "wheel_diameter_mm": 711.0003997802734}}, {"type": "Feature", "geometry": {"type": "LineString", "coordinates": [[4.8533459028365815, 52.35480301523313], [4.853401413889577, 52.354791173517995]]}, "properties": {"Speed": 5.0, "road_quality": 2, "marker": 7, "trip_id": "Febru_Trip4", "hrot_diff": 1, "sample_diff": 40, "time_diff_s": 0.8, "gps_distance_m": 4.0, "original_speed": "1000", "wheel_diameter_mm": 711.0003997802734}}, {"type": "Feature", "geometry": {"type": "LineString", "coordinates": [[4.853401413889577, 52.354791173517995], [4.853457983780195, 52.35478528882475]]}, "properties": {"Speed": 16.8, "road_quality": 2, "marker": 6, "trip_id": "Febru_Trip4", "hrot_diff": 1, "sample_diff": 12, "time_diff_s": 0.24, "gps_distance_m": 3.9, "original_speed": "-1", "wheel_diameter_mm": 711.0003997802734}}, {"type": "Feature", "geometry": {"type": "LineString", "coordinates": [[4.853457983780195, 52.35478528882475], [4.853520931884267, 52.35477929035708]]}, "properties": {"Speed": 18.3, "road_quality": 2, "marker": 7, "trip_id": "Febru_Trip4", "hrot_diff": 1, "sample_diff": 11, "time_diff_s": 0.22, "gps_distance_m": 4.3, "original_speed": "2049", "wheel_diameter_mm": 711.0003997802734}}, {"type": "Feature", "geometry": {"type": "LineString", "coordinates": [[4.853520931884267, 52.35477929035708], [4.8535826296089795, 52.354771646377266]]}, "properties": {"Speed": 18.3, "road_quality": 2, "marker": 7, "trip_id": "Febru_Trip4", "hrot_diff": 1, "sample_diff": 11, "time_diff_s": 0.22, "gps_distance_m": 4.3, "original_speed": "2232", "wheel_diameter_mm": 711.0003997802734}}, {"type": "Feature", "geometry": {"type": "LineString", "coordinates": [[4.8535826296089795, 52.354771646377266], [4.853660489887571, 52.354761085672266]]}, "properties": {"Speed": 20.1, "road_quality": 2, "marker": 7, "trip_id": "Febru_Trip4", "hrot_diff": 1, "sample_diff": 10, "time_diff_s": 0.2, "gps_distance_m": 5.4, "original_speed": "2403", "wheel_diameter_mm": 711.0003997802734}}, {"type": "Feature", "geometry": {"type": "LineString", "coordinates": [[4.853660489887571, 52.354761085672266], [4.853736457805873, 52.354750053339785]]}, "properties": {"Speed": 20.1, "road_quality": 2, "marker": 7, "trip_id": "Febru_Trip4", "hrot_diff": 3, "sample_diff": 30, "time_diff_s": 0.6, "gps_distance_m": 5.3, "original_speed": "2654", "wheel_diameter_mm": 711.0003997802734}}, {"type": "Feature", "geometry": {"type": "LineString", "coordinates": [[4.853736457805873, 52.354750053339785], [4.8538267035867095, 52.35474321358298]]}, "properties": {"Speed": 28.7, "road_quality": 3, "marker": 6, "trip_id": "Febru_Trip4", "hrot_diff": 1, "sample_diff": 7, "time_diff_s": 0.14, "gps_distance_m": 6.2, "original_speed": "-1", "wheel_diameter_mm": 711.0003997802734}}, {"type": "Feature", "geometry": {"type": "LineString", "coordinates": [[4.8538267035867095, 52.35474321358298], [4.85517206560843, 52.35478731751872]]}, "properties": {"Speed": 0.3, "road_quality": 2, "marker": 6, "trip_id": "Febru_Trip4", "hrot_diff": 1, "sample_diff": 731, "time_diff_s": 14.62, "gps_distance_m": 91.5, "original_speed": "-1", "wheel_diameter_mm": 711.0003997802734}}, {"type": "Feature", "geometry": {"type": "LineString", "coordinates": [[4.85517206560843, 52.35478731751872], [4.855213635658639, 52.354801647305]]}, "properties": {"Speed": 20.1, "road_quality": 2, "marker": 7, "trip_id": "Febru_Trip4", "hrot_diff": 1, "sample_diff": 10, "time_diff_s": 0.2, "gps_distance_m": 3.2, "original_speed": "130", "wheel_diameter_mm": 711.0003997802734}}, {"type": "Feature", "geometry": {"type": "LineString", "coordinates": [[4.855213635658639, 52.354801647305], [4.855266658540822, 52.354819068061666]]}, "properties": {"Speed": 12.6, "road_quality": 2, "marker": 7, "trip_id": "Febru_Trip4", "hrot_diff": 1, "sample_diff": 16, "time_diff_s": 0.32, "gps_distance_m": 4.1, "original_speed": "1694", "wheel_diameter_mm": 711.0003997802734}}, {"type": "Feature", "geometry": {"type": "LineString", "coordinates": [[4.855266658540822, 52.354819068061666], [4.855314751480042, 52.354835015213325]]}, "properties": {"Speed": 12.6, "road_quality": 2, "marker": 7, "trip_id": "Febru_Trip4", "hrot_diff": 1, "sample_diff": 16, "time_diff_s": 0.32, "gps_distance_m": 3.7, "original_speed": "1724", "wheel_diameter_mm": 711.0003997802734}}, {"type": "Feature", "geometry": {"type": "LineString", "coordinates": [[4.855314751480042, 52.354835015213325], [4.855368947596537, 52.354852948324115]]}, "properties": {"Speed": 13.4, "road_quality": 3, "marker": 7, "trip_id": "Febru_Trip4", "hrot_diff": 1, "sample_diff": 15, "time_diff_s": 0.3, "gps_distance_m": 4.2, "original_speed": "1724", "wheel_diameter_mm": 711.0003997802734}}, {"type": "Feature", "geometry": {"type": "LineString", "coordinates": [[4.855368947596537, 52.354852948324115], [4.855432034962714, 52.354862195918884]]}, "properties": {"Speed": 14.4, "road_quality": 3, "marker": 7, "trip_id": "Febru_Trip4", "hrot_diff": 1, "sample_diff": 14, "time_diff_s": 0.28, "gps_distance_m": 4.4, "original_speed": "1769", "wheel_diameter_mm": 711.0003997802734}}, {"type": "Feature", "geometry": {"type": "LineString", "coordinates": [[4.855432034962714, 52.354862195918884], [4.855478807232436, 52.35487478925644]]}, "properties": {"Speed": 14.4, "road_quality": 2, "marker": 7, "trip_id": "Febru_Trip4", "hrot_diff": 1, "sample_diff": 14, "time_diff_s": 0.28, "gps_distance_m": 3.5, "original_speed": "1941", "wheel_diameter_mm": 711.0003997802734}}, {"type": "Feature", "geometry": {"type": "LineString", "coordinates": [[4.855478807232436, 52.35487478925644], [4.855538693452519, 52.35488886002126]]}, "properties": {"Speed": 16.8, "road_quality": 2, "marker": 7, "trip_id": "Febru_Trip4", "hrot_diff": 1, "sample_diff": 12, "time_diff_s": 0.24, "gps_distance_m": 4.4, "original_speed": "1980", "wheel_diameter_mm": 711.0003997802734}}, {"type": "Feature", "geometry": {"type": "LineString", "coordinates": [[4.855538693452519, 52.35488886002126], [4.855600944901308, 52.35489566894986]]}, "properties": {"Speed": 15.5, "road_quality": 2, "marker": 7, "trip_id": "Febru_Trip4", "hrot_diff": 1, "sample_diff": 13, "time_diff_s": 0.26, "gps_distance_m": 4.3, "original_speed": "2032", "wheel_diameter_mm": 711.0003997802734}}, {"type": "Feature", "geometry": {"type": "LineString", "coordinates": [[4.855600944901308, 52.35489566894986], [4.855658152704365, 52.35490846456779]]}, "properties": {"Speed": 18.3, "road_quality": 2, "marker": 7, "trip_id": "Febru_Trip4", "hrot_diff": 1, "sample_diff": 11, "time_diff_s": 0.22, "gps_distance_m": 4.1, "original_speed": "2083", "wheel_diameter_mm": 711.0003997802734}}, {"type": "Feature", "geometry": {"type": "LineString", "coordinates": [[4.855658152704365, 52.35490846456779], [4.855716446259568, 52.35492442871296]]}, "properties": {"Speed": 18.3, "road_quality": 2, "marker": 7, "trip_id": "Febru_Trip4", "hrot_diff": 1, "sample_diff": 11, "time_diff_s": 0.22, "gps_distance_m": 4.3, "original_speed": "2136", "wheel_diameter_mm": 711.0003997802734}}, {"type": "Feature", "geometry": {"type": "LineString", "coordinates": [[4.855716446259568, 52.35492442871296], [4.855779604018418, 52.35493868676031]]}, "properties": {"Speed": 15.5, "road_quality": 3, "marker": 7, "trip_id": "Febru_Trip4", "hrot_diff": 1, "sample_diff": 13, "time_diff_s": 0.26, "gps_distance_m": 4.6, "original_speed": "2192", "wheel_diameter_mm": 711.0003997802734}}, {"type": "Feature", "geometry": {"type": "LineString", "coordinates": [[4.855779604018418, 52.35493868676031], [4.855836386608008, 52.35494959141141]]}, "properties": {"Speed": 22.3, "road_quality": 2, "marker": 7, "trip_id": "Febru_Trip4", "hrot_diff": 1, "sample_diff": 9, "time_diff_s": 0.18, "gps_distance_m": 4.0, "original_speed": "2000", "wheel_diameter_mm": 711.0003997802734}}, {"type": "Feature", "geometry": {"type": "LineString", "coordinates": [[4.855836386608008, 52.35494959141141], [4.855925876725418, 52.35496665814038]]}, "properties": {"Speed": 25.1, "road_quality": 2, "marker": 7, "trip_id": "Febru_Trip4", "hrot_diff": 1, "sample_diff": 8, "time_diff_s": 0.16, "gps_distance_m": 6.4, "original_speed": "2358", "wheel_diameter_mm": 711.0003997802734}}, {"type": "Feature", "geometry": {"type": "LineString", "coordinates": [[4.855925876725418, 52.35496665814038], [4.856002325491519, 52.354981705005244]]}, "properties": {"Speed": 18.3, "road_quality": 2, "marker": 7, "trip_id": "Febru_Trip4", "hrot_diff": 1, "sample_diff": 11, "time_diff_s": 0.22, "gps_distance_m": 5.5, "original_speed": "2521", "wheel_diameter_mm": 711.0003997802734}}, {"type": "Feature", "geometry": {"type": "LineString", "coordinates": [[4.856002325491519, 52.354981705005244], [4.856069554227142, 52.35499525532054]]}, "properties": {"Speed": 16.8, "road_quality": 2, "marker": 7, "trip_id": "Febru_Trip4", "hrot_diff": 1, "sample_diff": 12, "time_diff_s": 0.24, "gps_distance_m": 4.8, "original_speed": "2777", "wheel_diameter_mm": 711.0003997802734}}, {"type": "Feature", "geometry": {"type": "LineString", "coordinates": [[4.881664795941323, 52.36160905060191], [4.881701903106472, 52.36162513471202]]}, "properties": {"Speed": 13.4, "road_quality": 2, "marker": 7, "trip_id": "Febru_Trip4", "hrot_diff": 1, "sample_diff": 15, "time_diff_s": 0.3, "gps_distance_m": 3.1, "original_speed": "6", "wheel_diameter_mm": 711.0003997802734}}, {"type": "Feature", "geometry": {"type": "LineString", "coordinates": [[4.881701903106472, 52.36162513471202], [4.881733215150822, 52.3616406388106]]}, "properties": {"Speed": 11.2, "road_quality": 2, "marker": 7, "trip_id": "Febru_Trip4", "hrot_diff": 1, "sample_diff": 18, "time_diff_s": 0.36, "gps_distance_m": 2.7, "original_speed": "1363", "wheel_diameter_mm": 711.0003997802734}}, {"type": "Feature", "geometry": {"type": "LineString", "coordinates": [[4.881733215150822, 52.3616406388106], [4.881762127384375, 52.36165744875367]]}, "properties": {"Speed": 9.6, "road_quality": 2, "marker": 7, "trip_id": "Febru_Trip4", "hrot_diff": 1, "sample_diff": 21, "time_diff_s": 0.42, "gps_distance_m": 2.7, "original_speed": "1304", "wheel_diameter_mm": 711.0003997802734}}, {"type": "Feature", "geometry": {"type": "LineString", "coordinates": [[4.881762127384375, 52.36165744875367], [4.881775676865683, 52.36167231046627]]}, "properties": {"Speed": 8.4, "road_quality": 2, "marker": 7, "trip_id": "Febru_Trip4", "hrot_diff": 1, "sample_diff": 24, "time_diff_s": 0.48, "gps_distance_m": 1.9, "original_speed": "1200", "wheel_diameter_mm": 711.0003997802734}}, {"type": "Feature", "geometry": {"type": "LineString", "coordinates": [[4.881775676865683, 52.36167231046627], [4.88178877936508, 52.36168772558288]]}, "properties": {"Speed": 6.9, "road_quality": 2, "marker": 7, "trip_id": "Febru_Trip4", "hrot_diff": 1, "sample_diff": 29, "time_diff_s": 0.58, "gps_distance_m": 1.9, "original_speed": "1111", "wheel_diameter_mm": 711.0003997802734}}, {"type": "Feature", "geometry": {"type": "LineString", "coordinates": [[4.88178877936508, 52.36168772558288], [4.8818101634153885, 52.361701670760674]]}, "properties": {"Speed": 8.4, "road_quality": 2, "marker": 7, "trip_id": "Febru_Trip4", "hrot_diff": 1, "sample_diff": 24, "time_diff_s": 0.48, "gps_distance_m": 2.1, "original_speed": "952", "wheel_diameter_mm": 711.0003997802734}}, {"type": "Feature", "geometry": {"type": "LineString", "coordinates": [[4.8818101634153885, 52.361701670760674], [4.881832485095247, 52.36172070783023]]}, "properties": {"Speed": 13.4, "road_quality": 2, "marker": 7, "trip_id": "Febru_Trip4", "hrot_diff": 1, "sample_diff": 15, "time_diff_s": 0.3, "gps_distance_m": 2.6, "original_speed": "1190", "wheel_diameter_mm": 711.0003997802734}}, {"type": "Feature", "geometry": {"type": "LineString", "coordinates": [[4.881832485095247, 52.36172070783023], [4.881862485595393, 52.36174001872466]]}, "properties": {"Speed": 12.6, "road_quality": 2, "marker": 7, "trip_id": "Febru_Trip4", "hrot_diff": 1, "sample_diff": 16, "time_diff_s": 0.32, "gps_distance_m": 3.0, "original_speed": "1470", "wheel_diameter_mm": 711.0003997802734}}, {"type": "Feature", "geometry": {"type": "LineString", "coordinates": [[4.881862485595393, 52.36174001872466], [4.88189599110244, 52.361768258401966]]}, "properties": {"Speed": 13.4, "road_quality": 2, "marker": 7, "trip_id": "Febru_Trip4", "hrot_diff": 1, "sample_diff": 15, "time_diff_s": 0.3, "gps_distance_m": 3.9, "original_speed": "1652", "wheel_diameter_mm": 711.0003997802734}}, {"type": "Feature", "geometry": {"type": "LineString", "coordinates": [[4.88189599110244, 52.361768258401966], [4.881930603203967, 52.361795803732996]]}, "properties": {"Speed": 14.4, "road_quality": 2, "marker": 7, "trip_id": "Febru_Trip4", "hrot_diff": 1, "sample_diff": 14, "time_diff_s": 0.28, "gps_distance_m": 3.9, "original_speed": "1724", "wheel_diameter_mm": 711.0003997802734}}, {"type": "Feature", "geometry": {"type": "LineString", "coordinates": [[4.881930603203967, 52.361795803732996], [4.88196423071375, 52.36182496175107]]}, "properties": {"Speed": 13.4, "road_quality": 3, "marker": 7, "trip_id": "Febru_Trip4", "hrot_diff": 1, "sample_diff": 15, "time_diff_s": 0.3, "gps_distance_m": 4.0, "original_speed": "1869", "wheel_diameter_mm": 711.0003997802734}}, {"type": "Feature", "geometry": {"type": "LineString", "coordinates": [[4.88196423071375, 52.36182496175107], [4.881998992617839, 52.36185250106411]]}, "properties": {"Speed": 13.4, "road_quality": 3, "marker": 7, "trip_id": "Febru_Trip4", "hrot_diff": 1, "sample_diff": 15, "time_diff_s": 0.3, "gps_distance_m": 3.9, "original_speed": "1754", "wheel_diameter_mm": 711.0003997802734}}, {"type": "Feature", "geometry": {"type": "LineString", "coordinates": [[4.881998992617839, 52.36185250106411], [4.882028616775419, 52.36187314401229]]}, "properties": {"Speed": 15.5, "road_quality": 3, "marker": 7, "trip_id": "Febru_Trip4", "hrot_diff": 1, "sample_diff": 13, "time_diff_s": 0.26, "gps_distance_m": 3.1, "original_speed": "1612", "wheel_diameter_mm": 711.0003997802734}}, {"type": "Feature", "geometry": {"type": "LineString", "coordinates": [[4.882028616775419, 52.36187314401229], [4.882073337584201, 52.361897289671454]]}, "properties": {"Speed": 15.5, "road_quality": 2, "marker": 7, "trip_id": "Febru_Trip4", "hrot_diff": 1, "sample_diff": 13, "time_diff_s": 0.26, "gps_distance_m": 4.1, "original_speed": "1739", "wheel_diameter_mm": 711.0003997802734}}, {"type": "Feature", "geometry": {"type": "LineString", "coordinates": [[4.882073337584201, 52.361897289671454], [4.882101540012392, 52.36192632040339]]}, "properties": {"Speed": 13.4, "road_quality": 2, "marker": 7, "trip_id": "Febru_Trip4", "hrot_diff": 1, "sample_diff": 15, "time_diff_s": 0.3, "gps_distance_m": 3.8, "original_speed": "1851", "wheel_diameter_mm": 711.0003997802734}}, {"type": "Feature", "geometry": {"type": "LineString", "coordinates": [[4.882101540012392, 52.36192632040339], [4.882139019183024, 52.36195441095867]]}, "properties": {"Speed": 14.4, "road_quality": 2, "marker": 7, "trip_id": "Febru_Trip4", "hrot_diff": 1, "sample_diff": 14, "time_diff_s": 0.28, "gps_distance_m": 4.0, "original_speed": "1834", "wheel_diameter_mm": 711.0003997802734}}, {"type": "Feature", "geometry": {"type": "LineString", "coordinates": [[4.882139019183024, 52.36195441095867], [4.882162123684452, 52.36198322790113]]}, "properties": {"Speed": 13.4, "road_quality": 2, "marker": 7, "trip_id": "Febru_Trip4", "hrot_diff": 1, "sample_diff": 15, "time_diff_s": 0.3, "gps_distance_m": 3.6, "original_speed": "1769", "wheel_diameter_mm": 711.0003997802734}}, {"type": "Feature", "geometry": {"type": "LineString", "coordinates": [[4.882162123684452, 52.36198322790113], [4.8821991215192035, 52.36200562301729]]}, "properties": {"Speed": 11.2, "road_quality": 2, "marker": 7, "trip_id": "Febru_Trip4", "hrot_diff": 1, "sample_diff": 18, "time_diff_s": 0.36, "gps_distance_m": 3.5, "original_speed": "1754", "wheel_diameter_mm": 711.0003997802734}}, {"type": "Feature", "geometry": {"type": "LineString", "coordinates": [[4.8821991215192035, 52.36200562301729], [4.8822322482850415, 52.362024831558344]]}, "properties": {"Speed": 14.4, "road_quality": 2, "marker": 7, "trip_id": "Febru_Trip4", "hrot_diff": 1, "sample_diff": 14, "time_diff_s": 0.28, "gps_distance_m": 3.1, "original_speed": "1600", "wheel_diameter_mm": 711.0003997802734}}, {"type": "Feature", "geometry": {"type": "LineString", "coordinates": [[4.8822322482850415, 52.362024831558344], [4.882267133482298, 52.362045408830646]]}, "properties": {"Speed": 12.6, "road_quality": 2, "marker": 7, "trip_id": "Febru_Trip4", "hrot_diff": 1, "sample_diff": 16, "time_diff_s": 0.32, "gps_distance_m": 3.3, "original_speed": "1626", "wheel_diameter_mm": 711.0003997802734}}, {"type": "Feature", "geometry": {"type": "LineString", "coordinates": [[4.882267133482298, 52.362045408830646], [4.8823085869387, 52.36206845281863]]}, "properties": {"Speed": 15.5, "road_quality": 2, "marker": 7, "trip_id": "Febru_Trip4", "hrot_diff": 1, "sample_diff": 13, "time_diff_s": 0.26, "gps_distance_m": 3.8, "original_speed": "1754", "wheel_diameter_mm": 711.0003997802734}}, {"type": "Feature", "geometry": {"type": "LineString", "coordinates": [[4.8823085869387, 52.36206845281863], [4.8823456393460605, 52.362096795385355]]}, "properties": {"Speed": 16.8, "road_quality": 3, "marker": 7, "trip_id": "Febru_Trip4", "hrot_diff": 1, "sample_diff": 12, "time_diff_s": 0.24, "gps_distance_m": 4.0, "original_speed": "1941", "wheel_diameter_mm": 711.0003997802734}}, {"type": "Feature", "geometry": {"type": "LineString", "coordinates": [[4.8823456393460605, 52.362096795385355], [4.88238913140347, 52.36212691810551]]}, "properties": {"Speed": 27.0, "road_quality": 3, "marker": 7, "trip_id": "Febru_Trip4", "hrot_diff": 1, "sample_diff": 10, "time_diff_s": 0.149, "gps_distance_m": 4.5, "original_speed": "2016", "wheel_diameter_mm": 711.0003997802734}}, {"type": "Feature", "geometry": {"type": "LineString", "coordinates": [[4.88238913140347, 52.36212691810551], [4.882434624689862, 52.36215921062333]]}, "properties": {"Speed": 20.1, "road_quality": 2, "marker": 7, "trip_id": "Febru_Trip4", "hrot_diff": 1, "sample_diff": 10, "time_diff_s": 0.2, "gps_distance_m": 4.7, "original_speed": "2232", "wheel_diameter_mm": 711.0003997802734}}, {"type": "Feature", "geometry": {"type": "LineString", "coordinates": [[4.882434624689862, 52.36215921062333], [4.8824832690670315, 52.36218782243133]]}, "properties": {"Speed": 18.3, "road_quality": 2, "marker": 7, "trip_id": "Febru_Trip4", "hrot_diff": 1, "sample_diff": 11, "time_diff_s": 0.22, "gps_distance_m": 4.6, "original_speed": "2212", "wheel_diameter_mm": 711.0003997802734}}, {"type": "Feature", "geometry": {"type": "LineString", "coordinates": [[4.8824832690670315, 52.36218782243133], [4.88254068109343, 52.36221117187644]]}, "properties": {"Speed": 18.3, "road_quality": 2, "marker": 7, "trip_id": "Febru_Trip4", "hrot_diff": 1, "sample_diff": 11, "time_diff_s": 0.22, "gps_distance_m": 4.7, "original_speed": "2252", "wheel_diameter_mm": 711.0003997802734}}, {"type": "Feature", "geometry": {"type": "LineString", "coordinates": [[4.88254068109343, 52.36221117187644], [4.882599574363279, 52.36223475499269]]}, "properties": {"Speed": 18.3, "road_quality": 2, "marker": 7, "trip_id": "Febru_Trip4", "hrot_diff": 1, "sample_diff": 11, "time_diff_s": 0.22, "gps_distance_m": 4.8, "original_speed": "2314", "wheel_diameter_mm": 711.0003997802734}}, {"type": "Feature", "geometry": {"type": "LineString", "coordinates": [[4.882599574363279, 52.36223475499269], [4.88266739554747, 52.362253015852914]]}, "properties": {"Speed": 18.3, "road_quality": 2, "marker": 7, "trip_id": "Febru_Trip4", "hrot_diff": 1, "sample_diff": 11, "time_diff_s": 0.22, "gps_distance_m": 5.0, "original_speed": "2427", "wheel_diameter_mm": 711.0003997802734}}, {"type": "Feature", "geometry": {"type": "LineString", "coordinates": [[4.88266739554747, 52.362253015852914], [4.882742456288621, 52.36226691957128]]}, "properties": {"Speed": 25.1, "road_quality": 2, "marker": 7, "trip_id": "Febru_Trip4", "hrot_diff": 1, "sample_diff": 8, "time_diff_s": 0.16, "gps_distance_m": 5.3, "original_speed": "2450", "wheel_diameter_mm": 711.0003997802734}}, {"type": "Feature", "geometry": {"type": "LineString", "coordinates": [[4.882742456288621, 52.36226691957128], [4.882820149075856, 52.36226668326061]]}, "properties": {"Speed": 16.8, "road_quality": 2, "marker": 7, "trip_id": "Febru_Trip4", "hrot_diff": 1, "sample_diff": 12, "time_diff_s": 0.24, "gps_distance_m": 5.3, "original_speed": "2564", "wheel_diameter_mm": 711.0003997802734}}, {"type": "Feature", "geometry": {"type": "LineString", "coordinates": [[4.882820149075856, 52.36226668326061], [4.882899820032588, 52.36225496921572]]}, "properties": {"Speed": 18.3, "road_quality": 2, "marker": 7, "trip_id": "Febru_Trip4", "hrot_diff": 1, "sample_diff": 11, "time_diff_s": 0.22, "gps_distance_m": 5.6, "original_speed": "2542", "wheel_diameter_mm": 711.0003997802734}}, {"type": "Feature", "geometry": {"type": "LineString", "coordinates": [[4.882899820032588, 52.36225496921572], [4.8829824886812165, 52.362242152923386]]}, "properties": {"Speed": 25.1, "road_quality": 2, "marker": 7, "trip_id": "Febru_Trip4", "hrot_diff": 1, "sample_diff": 8, "time_diff_s": 0.16, "gps_distance_m": 5.8, "original_speed": "2631", "wheel_diameter_mm": 711.0003997802734}}, {"type": "Feature", "geometry": {"type": "LineString", "coordinates": [[4.8829824886812165, 52.362242152923386], [4.883062475146054, 52.36222985303255]]}, "properties": {"Speed": 18.3, "road_quality": 2, "marker": 7, "trip_id": "Febru_Trip4", "hrot_diff": 1, "sample_diff": 11, "time_diff_s": 0.22, "gps_distance_m": 5.6, "original_speed": "2631", "wheel_diameter_mm": 711.0003997802734}}, {"type": "Feature", "geometry": {"type": "LineString", "coordinates": [[4.883062475146054, 52.36222985303255], [4.883143382099175, 52.36223880226378]]}, "properties": {"Speed": 18.3, "road_quality": 2, "marker": 7, "trip_id": "Febru_Trip4", "hrot_diff": 1, "sample_diff": 11, "time_diff_s": 0.22, "gps_distance_m": 5.6, "original_speed": "2752", "wheel_diameter_mm": 711.0003997802734}}, {"type": "Feature", "geometry": {"type": "LineString", "coordinates": [[4.883143382099175, 52.36223880226378], [4.883212021656516, 52.36227622998225]]}, "properties": {"Speed": 25.1, "road_quality": 2, "marker": 7, "trip_id": "Febru_Trip4", "hrot_diff": 1, "sample_diff": 8, "time_diff_s": 0.16, "gps_distance_m": 6.2, "original_speed": "2727", "wheel_diameter_mm": 711.0003997802734}}, {"type": "Feature", "geometry": {"type": "LineString", "coordinates": [[4.883212021656516, 52.36227622998225], [4.883267719098553, 52.36230947875021]]}, "properties": {"Speed": 18.3, "road_quality": 2, "marker": 7, "trip_id": "Febru_Trip4", "hrot_diff": 1, "sample_diff": 11, "time_diff_s": 0.22, "gps_distance_m": 5.3, "original_speed": "2631", "wheel_diameter_mm": 711.0003997802734}}, {"type": "Feature", "geometry": {"type": "LineString", "coordinates": [[4.883267719098553, 52.36230947875021], [4.883312619705236, 52.36234769463273]]}, "properties": {"Speed": 22.3, "road_quality": 2, "marker": 7, "trip_id": "Febru_Trip4", "hrot_diff": 1, "sample_diff": 9, "time_diff_s": 0.18, "gps_distance_m": 5.2, "original_speed": "2586", "wheel_diameter_mm": 711.0003997802734}}, {"type": "Feature", "geometry": {"type": "LineString", "coordinates": [[4.883312619705236, 52.36234769463273], [4.8833656879019625, 52.36236417385317]]}, "properties": {"Speed": 18.3, "road_quality": 2, "marker": 7, "trip_id": "Febru_Trip4", "hrot_diff": 1, "sample_diff": 11, "time_diff_s": 0.22, "gps_distance_m": 4.0, "original_speed": "2564", "wheel_diameter_mm": 711.0003997802734}}, {"type": "Feature", "geometry": {"type": "LineString", "coordinates": [[4.8833656879019625, 52.36236417385317], [4.883424492919636, 52.36238257281519]]}, "properties": {"Speed": 20.1, "road_quality": 2, "marker": 7, "trip_id": "Febru_Trip4", "hrot_diff": 1, "sample_diff": 10, "time_diff_s": 0.2, "gps_distance_m": 4.5, "original_speed": "2450", "wheel_diameter_mm": 711.0003997802734}}, {"type": "Feature", "geometry": {"type": "LineString", "coordinates": [[4.883424492919636, 52.36238257281519], [4.8834767863530315, 52.36240374620423]]}, "properties": {"Speed": 18.3, "road_quality": 2, "marker": 7, "trip_id": "Febru_Trip4", "hrot_diff": 1, "sample_diff": 11, "time_diff_s": 0.22, "gps_distance_m": 4.3, "original_speed": "2336", "wheel_diameter_mm": 711.0003997802734}}, {"type": "Feature", "geometry": {"type": "LineString", "coordinates": [[4.8834767863530315, 52.36240374620423], [4.8835374205633295, 52.3624320465146]]}, "properties": {"Speed": 18.3, "road_quality": 2, "marker": 7, "trip_id": "Febru_Trip4", "hrot_diff": 1, "sample_diff": 11, "time_diff_s": 0.22, "gps_distance_m": 5.2, "original_speed": "2212", "wheel_diameter_mm": 711.0003997802734}}, {"type": "Feature", "geometry": {"type": "LineString", "coordinates": [[4.8835374205633295, 52.3624320465146], [4.8835845894298435, 52.362454335976864]]}, "properties": {"Speed": 16.8, "road_quality": 2, "marker": 7, "trip_id": "Febru_Trip4", "hrot_diff": 1, "sample_diff": 12, "time_diff_s": 0.24, "gps_distance_m": 4.0, "original_speed": "1904", "wheel_diameter_mm": 711.0003997802734}}, {"type": "Feature", "geometry": {"type": "LineString", "coordinates": [[4.8835845894298435, 52.362454335976864], [4.883630556968187, 52.362466905071464]]}, "properties": {"Speed": 12.6, "road_quality": 2, "marker": 7, "trip_id": "Febru_Trip4", "hrot_diff": 1, "sample_diff": 16, "time_diff_s": 0.32, "gps_distance_m": 3.4, "original_speed": "1694", "wheel_diameter_mm": 711.0003997802734}}, {"type": "Feature", "geometry": {"type": "LineString", "coordinates": [[4.883630556968187, 52.362466905071464], [4.883674253237439, 52.362474196752814]]}, "properties": {"Speed": 10.6, "road_quality": 2, "marker": 7, "trip_id": "Febru_Trip4", "hrot_diff": 1, "sample_diff": 19, "time_diff_s": 0.38, "gps_distance_m": 3.1, "original_speed": "1485", "wheel_diameter_mm": 711.0003997802734}}, {"type": "Feature", "geometry": {"type": "LineString", "coordinates": [[4.883674253237439, 52.362474196752814], [4.8837088425341095, 52.36247394469942]]}, "properties": {"Speed": 10.1, "road_quality": 2, "marker": 7, "trip_id": "Febru_Trip4", "hrot_diff": 1, "sample_diff": 20, "time_diff_s": 0.4, "gps_distance_m": 2.3, "original_speed": "1304", "wheel_diameter_mm": 711.0003997802734}}, {"type": "Feature", "geometry": {"type": "LineString", "coordinates": [[4.8837088425341095, 52.36247394469942], [4.883749492892016, 52.36246653820203]]}, "properties": {"Speed": 11.8, "road_quality": 2, "marker": 7, "trip_id": "Febru_Trip4", "hrot_diff": 1, "sample_diff": 17, "time_diff_s": 0.34, "gps_distance_m": 2.9, "original_speed": "1363", "wheel_diameter_mm": 711.0003997802734}}, {"type": "Feature", "geometry": {"type": "LineString", "coordinates": [[4.883749492892016, 52.36246653820203], [4.883786406036826, 52.36244746225973]]}, "properties": {"Speed": 11.8, "road_quality": 2, "marker": 7, "trip_id": "Febru_Trip4", "hrot_diff": 1, "sample_diff": 17, "time_diff_s": 0.34, "gps_distance_m": 3.3, "original_speed": "1415", "wheel_diameter_mm": 711.0003997802734}}, {"type": "Feature", "geometry": {"type": "LineString", "coordinates": [[4.883786406036826, 52.36244746225973], [4.883825646388037, 52.362422513198766]]}, "properties": {"Speed": 12.6, "road_quality": 2, "marker": 7, "trip_id": "Febru_Trip4", "hrot_diff": 1, "sample_diff": 16, "time_diff_s": 0.32, "gps_distance_m": 3.8, "original_speed": "1612", "wheel_diameter_mm": 711.0003997802734}}, {"type": "Feature", "geometry": {"type": "LineString", "coordinates": [[4.883825646388037, 52.362422513198766], [4.8838645949326445, 52.36240752879337]]}, "properties": {"Speed": 15.5, "road_quality": 2, "marker": 7, "trip_id": "Febru_Trip4", "hrot_diff": 1, "sample_diff": 13, "time_diff_s": 0.26, "gps_distance_m": 3.1, "original_speed": "1739", "wheel_diameter_mm": 711.0003997802734}}, {"type": "Feature", "geometry": {"type": "LineString", "coordinates": [[4.8838645949326445, 52.36240752879337], [4.883914878093047, 52.36239187934803]]}, "properties": {"Speed": 16.8, "road_quality": 2, "marker": 7, "trip_id": "Febru_Trip4", "hrot_diff": 1, "sample_diff": 12, "time_diff_s": 0.24, "gps_distance_m": 3.8, "original_speed": "1851", "wheel_diameter_mm": 711.0003997802734}}, {"type": "Feature", "geometry": {"type": "LineString", "coordinates": [[4.883914878093047, 52.36239187934803], [4.8839482044635245, 52.36237142642896]]}, "properties": {"Speed": 18.3, "road_quality": 2, "marker": 7, "trip_id": "Febru_Trip4", "hrot_diff": 1, "sample_diff": 11, "time_diff_s": 0.22, "gps_distance_m": 3.2, "original_speed": "2000", "wheel_diameter_mm": 711.0003997802734}}, {"type": "Feature", "geometry": {"type": "LineString", "coordinates": [[4.8839482044635245, 52.36237142642896], [4.883997224811931, 52.36234780073397]]}, "properties": {"Speed": 18.3, "road_quality": 2, "marker": 7, "trip_id": "Febru_Trip4", "hrot_diff": 1, "sample_diff": 11, "time_diff_s": 0.22, "gps_distance_m": 4.2, "original_speed": "2155", "wheel_diameter_mm": 711.0003997802734}}, {"type": "Feature", "geometry": {"type": "LineString", "coordinates": [[4.883997224811931, 52.36234780073397], [4.884054731398522, 52.36232597023587]]}, "properties": {"Speed": 18.3, "road_quality": 2, "marker": 7, "trip_id": "Febru_Trip4", "hrot_diff": 1, "sample_diff": 11, "time_diff_s": 0.22, "gps_distance_m": 4.6, "original_speed": "2212", "wheel_diameter_mm": 711.0003997802734}}, {"type": "Feature", "geometry": {"type": "LineString", "coordinates": [[4.884054731398522, 52.36232597023587], [4.884107354468238, 52.3622974360032]]}, "properties": {"Speed": 18.3, "road_quality": 2, "marker": 7, "trip_id": "Febru_Trip4", "hrot_diff": 1, "sample_diff": 11, "time_diff_s": 0.22, "gps_distance_m": 4.8, "original_speed": "2272", "wheel_diameter_mm": 711.0003997802734}}, {"type": "Feature", "geometry": {"type": "LineString", "coordinates": [[4.884107354468238, 52.3622974360032], [4.884167976373651, 52.362273463971476]]}, "properties": {"Speed": 22.3, "road_quality": 2, "marker": 7, "trip_id": "Febru_Trip4", "hrot_diff": 1, "sample_diff": 9, "time_diff_s": 0.18, "gps_distance_m": 4.9, "original_speed": "2358", "wheel_diameter_mm": 711.0003997802734}}, {"type": "Feature", "geometry": {"type": "LineString", "coordinates": [[4.884167976373651, 52.362273463971476], [4.8842277954865105, 52.362253501235436]]}, "properties": {"Speed": 18.3, "road_quality": 2, "marker": 7, "trip_id": "Febru_Trip4", "hrot_diff": 1, "sample_diff": 11, "time_diff_s": 0.22, "gps_distance_m": 4.6, "original_speed": "2450", "wheel_diameter_mm": 711.0003997802734}}, {"type": "Feature", "geometry": {"type": "LineString", "coordinates": [[4.8842277954865105, 52.362253501235436], [4.884284846232456, 52.362221770005355]]}, "properties": {"Speed": 25.1, "road_quality": 2, "marker": 7, "trip_id": "Febru_Trip4", "hrot_diff": 1, "sample_diff": 8, "time_diff_s": 0.16, "gps_distance_m": 5.2, "original_speed": "2475", "wheel_diameter_mm": 711.0003997802734}}, {"type": "Feature", "geometry": {"type": "LineString", "coordinates": [[4.884284846232456, 52.362221770005355], [4.884343154763523, 52.36219228147031]]}, "properties": {"Speed": 16.8, "road_quality": 2, "marker": 7, "trip_id": "Febru_Trip4", "hrot_diff": 1, "sample_diff": 12, "time_diff_s": 0.24, "gps_distance_m": 5.1, "original_speed": "2542", "wheel_diameter_mm": 711.0003997802734}}, {"type": "Feature", "geometry": {"type": "LineString", "coordinates": [[4.884343154763523, 52.36219228147031], [4.884405255325963, 52.36216422053858]]}, "properties": {"Speed": 18.3, "road_quality": 2, "marker": 7, "trip_id": "Febru_Trip4", "hrot_diff": 1, "sample_diff": 11, "time_diff_s": 0.22, "gps_distance_m": 5.2, "original_speed": "2475", "wheel_diameter_mm": 711.0003997802734}}, {"type": "Feature", "geometry": {"type": "LineString", "coordinates": [[4.884405255325963, 52.36216422053858], [4.884463462098273, 52.36213845739324]]}, "properties": {"Speed": 16.8, "road_quality": 2, "marker": 7, "trip_id": "Febru_Trip4", "hrot_diff": 1, "sample_diff": 12, "time_diff_s": 0.24, "gps_distance_m": 4.9, "original_speed": "2293", "wheel_diameter_mm": 711.0003997802734}}, {"type": "Feature", "geometry": {"type": "LineString", "coordinates": [[4.884463462098273, 52.36213845739324], [4.884514167359654, 52.362115366676335]]}, "properties": {"Speed": 18.3, "road_quality": 2, "marker": 7, "trip_id": "Febru_Trip4", "hrot_diff": 1, "sample_diff": 11, "time_diff_s": 0.22, "gps_distance_m": 4.3, "original_speed": "2252", "wheel_diameter_mm": 711.0003997802734}}, {"type": "Feature", "geometry": {"type": "LineString", "coordinates": [[4.884514167359654, 52.362115366676335], [4.88456265317708, 52.36209611445059]]}, "properties": {"Speed": 18.3, "road_quality": 2, "marker": 7, "trip_id": "Febru_Trip4", "hrot_diff": 1, "sample_diff": 11, "time_diff_s": 0.22, "gps_distance_m": 3.9, "original_speed": "2212", "wheel_diameter_mm": 711.0003997802734}}, {"type": "Feature", "geometry": {"type": "LineString", "coordinates": [[4.88456265317708, 52.36209611445059], [4.884616144801604, 52.36206842646271]]}, "properties": {"Speed": 18.3, "road_quality": 2, "marker": 7, "trip_id": "Febru_Trip4", "hrot_diff": 1, "sample_diff": 11, "time_diff_s": 0.22, "gps_distance_m": 4.8, "original_speed": "2192", "wheel_diameter_mm": 711.0003997802734}}, {"type": "Feature", "geometry": {"type": "LineString", "coordinates": [[4.884616144801604, 52.36206842646271], [4.88466922064955, 52.36204395685792]]}, "properties": {"Speed": 22.0, "road_quality": 2, "marker": 7, "trip_id": "Febru_Trip4", "hrot_diff": 1, "sample_diff": 10, "time_diff_s": 0.183, "gps_distance_m": 4.5, "original_speed": "2232", "wheel_diameter_mm": 711.0003997802734}}, {"type": "Feature", "geometry": {"type": "LineString", "coordinates": [[4.88466922064955, 52.36204395685792], [4.884728206195896, 52.3620179136579]]}, "properties": {"Speed": 18.3, "road_quality": 2, "marker": 7, "trip_id": "Febru_Trip4", "hrot_diff": 1, "sample_diff": 11, "time_diff_s": 0.22, "gps_distance_m": 4.9, "original_speed": "2358", "wheel_diameter_mm": 711.0003997802734}}, {"type": "Feature", "geometry": {"type": "LineString", "coordinates": [[4.884728206195896, 52.3620179136579], [4.8847871990689615, 52.361989806509825]]}, "properties": {"Speed": 20.1, "road_quality": 2, "marker": 7, "trip_id": "Febru_Trip4", "hrot_diff": 1, "sample_diff": 10, "time_diff_s": 0.2, "gps_distance_m": 5.1, "original_speed": "2500", "wheel_diameter_mm": 711.0003997802734}}, {"type": "Feature", "geometry": {"type": "LineString", "coordinates": [[4.8847871990689615, 52.361989806509825], [4.884846175394072, 52.361963295049016]]}, "properties": {"Speed": 20.1, "road_quality": 2, "marker": 7, "trip_id": "Febru_Trip4", "hrot_diff": 1, "sample_diff": 10, "time_diff_s": 0.2, "gps_distance_m": 5.0, "original_speed": "2427", "wheel_diameter_mm": 711.0003997802734}}, {"type": "Feature", "geometry": {"type": "LineString", "coordinates": [[4.884846175394072, 52.361963295049016], [4.884904420360014, 52.361943460717605]]}, "properties": {"Speed": 18.3, "road_quality": 2, "marker": 7, "trip_id": "Febru_Trip4", "hrot_diff": 1, "sample_diff": 11, "time_diff_s": 0.22, "gps_distance_m": 4.5, "original_speed": "2293", "wheel_diameter_mm": 711.0003997802734}}, {"type": "Feature", "geometry": {"type": "LineString", "coordinates": [[4.884904420360014, 52.361943460717605], [4.884954017883998, 52.3619165400307]]}, "properties": {"Speed": 16.8, "road_quality": 2, "marker": 7, "trip_id": "Febru_Trip4", "hrot_diff": 1, "sample_diff": 12, "time_diff_s": 0.24, "gps_distance_m": 4.5, "original_speed": "2118", "wheel_diameter_mm": 711.0003997802734}}, {"type": "Feature", "geometry": {"type": "LineString", "coordinates": [[4.884954017883998, 52.3619165400307], [4.885005904652848, 52.361899058573506]]}, "properties": {"Speed": 14.4, "road_quality": 2, "marker": 7, "trip_id": "Febru_Trip4", "hrot_diff": 1, "sample_diff": 14, "time_diff_s": 0.28, "gps_distance_m": 4.0, "original_speed": "2100", "wheel_diameter_mm": 711.0003997802734}}, {"type": "Feature", "geometry": {"type": "LineString", "coordinates": [[4.885005904652848, 52.361899058573506], [4.885053086990477, 52.36188170834746]]}, "properties": {"Speed": 14.4, "road_quality": 2, "marker": 7, "trip_id": "Febru_Trip4", "hrot_diff": 1, "sample_diff": 14, "time_diff_s": 0.28, "gps_distance_m": 3.7, "original_speed": "1968", "wheel_diameter_mm": 711.0003997802734}}, {"type": "Feature", "geometry": {"type": "LineString", "coordinates": [[4.885053086990477, 52.36188170834746], [4.885089668134643, 52.36186217069727]]}, "properties": {"Speed": 15.5, "road_quality": 2, "marker": 7, "trip_id": "Febru_Trip4", "hrot_diff": 1, "sample_diff": 13, "time_diff_s": 0.26, "gps_distance_m": 3.3, "original_speed": "1904", "wheel_diameter_mm": 711.0003997802734}}, {"type": "Feature", "geometry": {"type": "LineString", "coordinates": [[4.885089668134643, 52.36186217069727], [4.885163239597385, 52.36184839710523]]}, "properties": {"Speed": 13.4, "road_quality": 2, "marker": 7, "trip_id": "Febru_Trip4", "hrot_diff": 1, "sample_diff": 15, "time_diff_s": 0.3, "gps_distance_m": 5.2, "original_speed": "1801", "wheel_diameter_mm": 711.0003997802734}}, {"type": "Feature", "geometry": {"type": "LineString", "coordinates": [[4.885163239597385, 52.36184839710523], [4.885217745186814, 52.361821474433484]]}, "properties": {"Speed": 13.4, "road_quality": 2, "marker": 7, "trip_id": "Febru_Trip4", "hrot_diff": 1, "sample_diff": 15, "time_diff_s": 0.3, "gps_distance_m": 4.8, "original_speed": "1739", "wheel_diameter_mm": 711.0003997802734}}, {"type": "Feature", "geometry": {"type": "LineString", "coordinates": [[4.885217745186814, 52.361821474433484], [4.885254059747644, 52.361799927740584]]}, "properties": {"Speed": 13.4, "road_quality": 2, "marker": 7, "trip_id": "Febru_Trip4", "hrot_diff": 1, "sample_diff": 15, "time_diff_s": 0.3, "gps_distance_m": 3.4, "original_speed": "1709", "wheel_diameter_mm": 711.0003997802734}}, {"type": "Feature", "geometry": {"type": "LineString", "coordinates": [[4.885254059747644, 52.361799927740584], [4.885294478601382, 52.3617911758713]]}, "properties": {"Speed": 14.4, "road_quality": 2, "marker": 7, "trip_id": "Febru_Trip4", "hrot_diff": 1, "sample_diff": 14, "time_diff_s": 0.28, "gps_distance_m": 2.9, "original_speed": "1724", "wheel_diameter_mm": 711.0003997802734}}, {"type": "Feature", "geometry": {"type": "LineString", "coordinates": [[4.885294478601382, 52.3617911758713], [4.885342966200744, 52.36177320765112]]}, "properties": {"Speed": 15.5, "road_quality": 2, "marker": 7, "trip_id": "Febru_Trip4", "hrot_diff": 1, "sample_diff": 13, "time_diff_s": 0.26, "gps_distance_m": 3.9, "original_speed": "1834", "wheel_diameter_mm": 711.0003997802734}}, {"type": "Feature", "geometry": {"type": "LineString", "coordinates": [[4.885342966200744, 52.36177320765112], [4.885389396577859, 52.361746754754726]]}, "properties": {"Speed": 15.5, "road_quality": 2, "marker": 7, "trip_id": "Febru_Trip4", "hrot_diff": 1, "sample_diff": 13, "time_diff_s": 0.26, "gps_distance_m": 4.3, "original_speed": "1980", "wheel_diameter_mm": 711.0003997802734}}, {"type": "Feature", "geometry": {"type": "LineString", "coordinates": [[4.885389396577859, 52.361746754754726], [4.885419787009098, 52.361710117014674]]}, "properties": {"Speed": 16.8, "road_quality": 2, "marker": 7, "trip_id": "Febru_Trip4", "hrot_diff": 1, "sample_diff": 12, "time_diff_s": 0.24, "gps_distance_m": 4.6, "original_speed": "2049", "wheel_diameter_mm": 711.0003997802734}}, {"type": "Feature", "geometry": {"type": "LineString", "coordinates": [[4.885419787009098, 52.361710117014674], [4.885486130664861, 52.361676956176375]]}, "properties": {"Speed": 18.3, "road_quality": 2, "marker": 7, "trip_id": "Febru_Trip4", "hrot_diff": 1, "sample_diff": 11, "time_diff_s": 0.22, "gps_distance_m": 5.8, "original_speed": "2192", "wheel_diameter_mm": 711.0003997802734}}, {"type": "Feature", "geometry": {"type": "LineString", "coordinates": [[4.885486130664861, 52.361676956176375], [4.885549295149409, 52.36164973979356]]}, "properties": {"Speed": 20.1, "road_quality": 2, "marker": 7, "trip_id": "Febru_Trip4", "hrot_diff": 1, "sample_diff": 10, "time_diff_s": 0.2, "gps_distance_m": 5.2, "original_speed": "2252", "wheel_diameter_mm": 711.0003997802734}}, {"type": "Feature", "geometry": {"type": "LineString", "coordinates": [[4.885549295149409, 52.36164973979356], [4.8856005110435, 52.36161890993589]]}, "properties": {"Speed": 22.3, "road_quality": 2, "marker": 7, "trip_id": "Febru_Trip4", "hrot_diff": 1, "sample_diff": 9, "time_diff_s": 0.18, "gps_distance_m": 4.9, "original_speed": "2314", "wheel_diameter_mm": 711.0003997802734}}, {"type": "Feature", "geometry": {"type": "LineString", "coordinates": [[4.8856005110435, 52.36161890993589], [4.8856607168349555, 52.36158875853302]]}, "properties": {"Speed": 18.3, "road_quality": 2, "marker": 7, "trip_id": "Febru_Trip4", "hrot_diff": 1, "sample_diff": 11, "time_diff_s": 0.22, "gps_distance_m": 5.3, "original_speed": "2475", "wheel_diameter_mm": 711.0003997802734}}, {"type": "Feature", "geometry": {"type": "LineString", "coordinates": [[4.8856607168349555, 52.36158875853302], [4.885714280785771, 52.36155176528792]]}, "properties": {"Speed": 22.3, "road_quality": 2, "marker": 7, "trip_id": "Febru_Trip4", "hrot_diff": 1, "sample_diff": 9, "time_diff_s": 0.18, "gps_distance_m": 5.5, "original_speed": "2427", "wheel_diameter_mm": 711.0003997802734}}, {"type": "Feature", "geometry": {"type": "LineString", "coordinates": [[4.885714280785771, 52.36155176528792], [4.885772267705798, 52.36152216758684]]}, "properties": {"Speed": 25.1, "road_quality": 2, "marker": 7, "trip_id": "Febru_Trip4", "hrot_diff": 1, "sample_diff": 8, "time_diff_s": 0.16, "gps_distance_m": 5.1, "original_speed": "2475", "wheel_diameter_mm": 711.0003997802734}}, {"type": "Feature", "geometry": {"type": "LineString", "coordinates": [[4.885772267705798, 52.36152216758684], [4.885842077236512, 52.36149030767449]]}, "properties": {"Speed": 22.3, "road_quality": 2, "marker": 7, "trip_id": "Febru_Trip4", "hrot_diff": 1, "sample_diff": 10, "time_diff_s": 0.18, "gps_distance_m": 5.9, "original_speed": "2564", "wheel_diameter_mm": 711.0003997802734}}, {"type": "Feature", "geometry": {"type": "LineString", "coordinates": [[4.885842077236512, 52.36149030767449], [4.885896692358206, 52.361458491361574]]}, "properties": {"Speed": 18.3, "road_quality": 2, "marker": 7, "trip_id": "Febru_Trip4", "hrot_diff": 1, "sample_diff": 11, "time_diff_s": 0.22, "gps_distance_m": 5.1, "original_speed": "2427", "wheel_diameter_mm": 711.0003997802734}}, {"type": "Feature", "geometry": {"type": "LineString", "coordinates": [[4.885896692358206, 52.361458491361574], [4.885952845164831, 52.36142762598866]]}, "properties": {"Speed": 20.1, "road_quality": 2, "marker": 7, "trip_id": "Febru_Trip4", "hrot_diff": 1, "sample_diff": 10, "time_diff_s": 0.2, "gps_distance_m": 5.1, "original_speed": "2450", "wheel_diameter_mm": 711.0003997802734}}, {"type": "Feature", "geometry": {"type": "LineString", "coordinates": [[4.885952845164831, 52.36142762598866], [4.886012588657266, 52.36140314088171]]}, "properties": {"Speed": 18.3, "road_quality": 2, "marker": 7, "trip_id": "Febru_Trip4", "hrot_diff": 1, "sample_diff": 11, "time_diff_s": 0.22, "gps_distance_m": 4.9, "original_speed": "2358", "wheel_diameter_mm": 711.0003997802734}}, {"type": "Feature", "geometry": {"type": "LineString", "coordinates": [[4.886012588657266, 52.36140314088171], [4.886071765358027, 52.36137778380274]]}, "properties": {"Speed": 16.8, "road_quality": 2, "marker": 7, "trip_id": "Febru_Trip4", "hrot_diff": 1, "sample_diff": 12, "time_diff_s": 0.24, "gps_distance_m": 4.9, "original_speed": "2336", "wheel_diameter_mm": 711.0003997802734}}, {"type": "Feature", "geometry": {"type": "LineString", "coordinates": [[4.886071765358027, 52.36137778380274], [4.886127791294764, 52.361348273158704]]}, "properties": {"Speed": 20.1, "road_quality": 2, "marker": 7, "trip_id": "Febru_Trip4", "hrot_diff": 1, "sample_diff": 10, "time_diff_s": 0.2, "gps_distance_m": 5.0, "original_speed": "2336", "wheel_diameter_mm": 711.0003997802734}}, {"type": "Feature", "geometry": {"type": "LineString", "coordinates": [[4.886127791294764, 52.361348273158704], [4.886186604608225, 52.361319537118284]]}, "properties": {"Speed": 18.3, "road_quality": 2, "marker": 7, "trip_id": "Febru_Trip4", "hrot_diff": 1, "sample_diff": 11, "time_diff_s": 0.22, "gps_distance_m": 5.1, "original_speed": "2403", "wheel_diameter_mm": 711.0003997802734}}, {"type": "Feature", "geometry": {"type": "LineString", "coordinates": [[4.886186604608225, 52.361319537118284], [4.8862512960212925, 52.36128854840485]]}, "properties": {"Speed": 25.1, "road_quality": 2, "marker": 7, "trip_id": "Febru_Trip4", "hrot_diff": 1, "sample_diff": 8, "time_diff_s": 0.16, "gps_distance_m": 5.6, "original_speed": "2542", "wheel_diameter_mm": 711.0003997802734}}, {"type": "Feature", "geometry": {"type": "LineString", "coordinates": [[4.8862512960212925, 52.36128854840485], [4.88631764359645, 52.36125887179642]]}, "properties": {"Speed": 16.8, "road_quality": 2, "marker": 7, "trip_id": "Febru_Trip4", "hrot_diff": 1, "sample_diff": 12, "time_diff_s": 0.24, "gps_distance_m": 5.6, "original_speed": "2608", "wheel_diameter_mm": 711.0003997802734}}, {"type": "Feature", "geometry": {"type": "LineString", "coordinates": [[4.88631764359645, 52.36125887179642], [4.8863823863012685, 52.361228178916825]]}, "properties": {"Speed": 18.3, "road_quality": 2, "marker": 7, "trip_id": "Febru_Trip4", "hrot_diff": 1, "sample_diff": 11, "time_diff_s": 0.22, "gps_distance_m": 5.6, "original_speed": "2586", "wheel_diameter_mm": 711.0003997802734}}, {"type": "Feature", "geometry": {"type": "LineString", "coordinates": [[4.8863823863012685, 52.361228178916825], [4.886440022781687, 52.361193534743734]]}, "properties": {"Speed": 20.1, "road_quality": 2, "marker": 7, "trip_id": "Febru_Trip4", "hrot_diff": 1, "sample_diff": 10, "time_diff_s": 0.2, "gps_distance_m": 5.5, "original_speed": "2475", "wheel_diameter_mm": 711.0003997802734}}, {"type": "Feature", "geometry": {"type": "LineString", "coordinates": [[4.886440022781687, 52.361193534743734], [4.886490081523078, 52.36116383475895]]}, "properties": {"Speed": 18.3, "road_quality": 2, "marker": 7, "trip_id": "Febru_Trip4", "hrot_diff": 1, "sample_diff": 11, "time_diff_s": 0.22, "gps_distance_m": 4.7, "original_speed": "2427", "wheel_diameter_mm": 711.0003997802734}}, {"type": "Feature", "geometry": {"type": "LineString", "coordinates": [[4.886490081523078, 52.36116383475895], [4.886530829715938, 52.361129272453724]]}, "properties": {"Speed": 18.3, "road_quality": 2, "marker": 7, "trip_id": "Febru_Trip4", "hrot_diff": 1, "sample_diff": 11, "time_diff_s": 0.22, "gps_distance_m": 4.7, "original_speed": "2252", "wheel_diameter_mm": 711.0003997802734}}, {"type": "Feature", "geometry": {"type": "LineString", "coordinates": [[4.886530829715938, 52.361129272453724], [4.886569159532257, 52.361095489933206]]}, "properties": {"Speed": 18.3, "road_quality": 2, "marker": 7, "trip_id": "Febru_Trip4", "hrot_diff": 1, "sample_diff": 11, "time_diff_s": 0.22, "gps_distance_m": 4.6, "original_speed": "2272", "wheel_diameter_mm": 711.0003997802734}}, {"type": "Feature", "geometry": {"type": "LineString", "coordinates": [[4.886569159532257, 52.361095489933206], [4.886620352865585, 52.36106600901789]]}, "properties": {"Speed": 22.3, "road_quality": 2, "marker": 7, "trip_id": "Febru_Trip4", "hrot_diff": 1, "sample_diff": 9, "time_diff_s": 0.18, "gps_distance_m": 4.8, "original_speed": "2293", "wheel_diameter_mm": 711.0003997802734}}, {"type": "Feature", "geometry": {"type": "LineString", "coordinates": [[4.886620352865585, 52.36106600901789], [4.886690478018229, 52.361044919197326]]}, "properties": {"Speed": 18.3, "road_quality": 2, "marker": 7, "trip_id": "Febru_Trip4", "hrot_diff": 1, "sample_diff": 11, "time_diff_s": 0.22, "gps_distance_m": 5.3, "original_speed": "2427", "wheel_diameter_mm": 711.0003997802734}}, {"type": "Feature", "geometry": {"type": "LineString", "coordinates": [[4.886690478018229, 52.361044919197326], [4.886766918619043, 52.361029310079054]]}, "properties": {"Speed": 18.3, "road_quality": 2, "marker": 7, "trip_id": "Febru_Trip4", "hrot_diff": 1, "sample_diff": 11, "time_diff_s": 0.22, "gps_distance_m": 5.5, "original_speed": "2427", "wheel_diameter_mm": 711.0003997802734}}, {"type": "Feature", "geometry": {"type": "LineString", "coordinates": [[4.886766918619043, 52.361029310079054], [4.886832974120045, 52.36102228054313]]}, "properties": {"Speed": 16.8, "road_quality": 2, "marker": 7, "trip_id": "Febru_Trip4", "hrot_diff": 1, "sample_diff": 12, "time_diff_s": 0.24, "gps_distance_m": 4.6, "original_speed": "2475", "wheel_diameter_mm": 711.0003997802734}}, {"type": "Feature", "geometry": {"type": "LineString", "coordinates": [[4.886832974120045, 52.36102228054313], [4.88689397988637, 52.36100424273411]]}, "properties": {"Speed": 16.8, "road_quality": 2, "marker": 7, "trip_id": "Febru_Trip4", "hrot_diff": 1, "sample_diff": 12, "time_diff_s": 0.24, "gps_distance_m": 4.6, "original_speed": "2542", "wheel_diameter_mm": 711.0003997802734}}, {"type": "Feature", "geometry": {"type": "LineString", "coordinates": [[4.88689397988637, 52.36100424273411], [4.886973009013344, 52.36096777821658]]}, "properties": {"Speed": 15.5, "road_quality": 2, "marker": 7, "trip_id": "Febru_Trip4", "hrot_diff": 1, "sample_diff": 13, "time_diff_s": 0.26, "gps_distance_m": 6.7, "original_speed": "2752", "wheel_diameter_mm": 711.0003997802734}}, {"type": "Feature", "geometry": {"type": "LineString", "coordinates": [[4.886973009013344, 52.36096777821658], [4.898698873186494, 52.35943020253773]]}, "properties": {"Speed": 0.0, "road_quality": 2, "marker": 7, "trip_id": "Febru_Trip4", "hrot_diff": 1, "sample_diff": 7146, "time_diff_s": 142.92, "gps_distance_m": 814.4, "original_speed": "2884", "wheel_diameter_mm": 711.0003997802734}}, {"type": "Feature", "geometry": {"type": "LineString", "coordinates": [[4.898698873186494, 52.35943020253773], [4.907673647692639, 52.36096754166009]]}, "properties": {"Speed": 0.0, "road_quality": 2, "marker": 7, "trip_id": "Febru_Trip4", "hrot_diff": 1, "sample_diff": 5042, "time_diff_s": 100.84, "gps_distance_m": 633.0, "original_speed": "6", "wheel_diameter_mm": 711.0003997802734}}, {"type": "Feature", "geometry": {"type": "LineString", "coordinates": [[4.907673647692639, 52.36096754166009], [4.90772088546092, 52.3609780023773]]}, "properties": {"Speed": 10.6, "road_quality": 2, "marker": 7, "trip_id": "Febru_Trip4", "hrot_diff": 1, "sample_diff": 19, "time_diff_s": 0.38, "gps_distance_m": 3.4, "original_speed": "9", "wheel_diameter_mm": 711.0003997802734}}, {"type": "Feature", "geometry": {"type": "LineString", "coordinates": [[4.90772088546092, 52.3609780023773], [4.907766460583058, 52.36098561965618]]}, "properties": {"Speed": 11.8, "road_quality": 2, "marker": 7, "trip_id": "Febru_Trip4", "hrot_diff": 1, "sample_diff": 17, "time_diff_s": 0.34, "gps_distance_m": 3.2, "original_speed": "38", "wheel_diameter_mm": 711.0003997802734}}, {"type": "Feature", "geometry": {"type": "LineString", "coordinates": [[4.907766460583058, 52.36098561965618], [4.907804995154238, 52.3609889209004]]}, "properties": {"Speed": 10.1, "road_quality": 2, "marker": 7, "trip_id": "Febru_Trip4", "hrot_diff": 1, "sample_diff": 20, "time_diff_s": 0.4, "gps_distance_m": 2.6, "original_speed": "1442", "wheel_diameter_mm": 711.0003997802734}}, {"type": "Feature", "geometry": {"type": "LineString", "coordinates": [[4.907804995154238, 52.3609889209004], [4.907842350221234, 52.360991254749]]}, "properties": {"Speed": 9.1, "road_quality": 2, "marker": 7, "trip_id": "Febru_Trip4", "hrot_diff": 1, "sample_diff": 22, "time_diff_s": 0.44, "gps_distance_m": 2.5, "original_speed": "1260", "wheel_diameter_mm": 711.0003997802734}}, {"type": "Feature", "geometry": {"type": "LineString", "coordinates": [[4.907842350221234, 52.360991254749], [4.907871765008136, 52.36099202918279]]}, "properties": {"Speed": 7.2, "road_quality": 2, "marker": 7, "trip_id": "Febru_Trip4", "hrot_diff": 1, "sample_diff": 28, "time_diff_s": 0.56, "gps_distance_m": 2.0, "original_speed": "1079", "wheel_diameter_mm": 711.0003997802734}}, {"type": "Feature", "geometry": {"type": "LineString", "coordinates": [[4.907871765008136, 52.36099202918279], [4.90789441891487, 52.360995054204714]]}, "properties": {"Speed": 0.2, "road_quality": 1, "marker": 7, "trip_id": "Febru_Trip4", "hrot_diff": 1, "sample_diff": 940, "time_diff_s": 18.8, "gps_distance_m": 1.6, "original_speed": "909", "wheel_diameter_mm": 711.0003997802734}}, {"type": "Feature", "geometry": {"type": "LineString", "coordinates": [[4.90789441891487, 52.360995054204714], [4.907919707266968, 52.36100498662605]]}, "properties": {"Speed": 5.9, "road_quality": 2, "marker": 7, "trip_id": "Febru_Trip4", "hrot_diff": 1, "sample_diff": 34, "time_diff_s": 0.68, "gps_distance_m": 2.0, "original_speed": "50", "wheel_diameter_mm": 711.0003997802734}}, {"type": "Feature", "geometry": {"type": "LineString", "coordinates": [[4.907919707266968, 52.36100498662605], [4.907942513297262, 52.36101423404865]]}, "properties": {"Speed": 9.6, "road_quality": 2, "marker": 7, "trip_id": "Febru_Trip4", "hrot_diff": 1, "sample_diff": 21, "time_diff_s": 0.42, "gps_distance_m": 1.9, "original_speed": "869", "wheel_diameter_mm": 711.0003997802734}}, {"type": "Feature", "geometry": {"type": "LineString", "coordinates": [[4.907942513297262, 52.36101423404865], [4.907983431085405, 52.36102127923852]]}, "properties": {"Speed": 13.4, "road_quality": 2, "marker": 7, "trip_id": "Febru_Trip4", "hrot_diff": 1, "sample_diff": 15, "time_diff_s": 0.3, "gps_distance_m": 2.9, "original_speed": "990", "wheel_diameter_mm": 711.0003997802734}}, {"type": "Feature", "geometry": {"type": "LineString", "coordinates": [[4.907983431085405, 52.36102127923852], [4.908028922533225, 52.36103108193458]]}, "properties": {"Speed": 11.2, "road_quality": 2, "marker": 7, "trip_id": "Febru_Trip4", "hrot_diff": 1, "sample_diff": 18, "time_diff_s": 0.36, "gps_distance_m": 3.3, "original_speed": "1442", "wheel_diameter_mm": 711.0003997802734}}, {"type": "Feature", "geometry": {"type": "LineString", "coordinates": [[4.908028922533225, 52.36103108193458], [4.908081757307972, 52.36104234297718]]}, "properties": {"Speed": 15.5, "road_quality": 2, "marker": 7, "trip_id": "Febru_Trip4", "hrot_diff": 1, "sample_diff": 13, "time_diff_s": 0.26, "gps_distance_m": 3.8, "original_speed": "1600", "wheel_diameter_mm": 711.0003997802734}}, {"type": "Feature", "geometry": {"type": "LineString", "coordinates": [[4.908081757307972, 52.36104234297718], [4.908145281276177, 52.36105381238893]]}, "properties": {"Speed": 16.8, "road_quality": 2, "marker": 7, "trip_id": "Febru_Trip4", "hrot_diff": 1, "sample_diff": 12, "time_diff_s": 0.24, "gps_distance_m": 4.5, "original_speed": "1869", "wheel_diameter_mm": 711.0003997802734}}, {"type": "Feature", "geometry": {"type": "LineString", "coordinates": [[4.908145281276177, 52.36105381238893], [4.9082024442683485, 52.36106549078161]]}, "properties": {"Speed": 15.5, "road_quality": 2, "marker": 7, "trip_id": "Febru_Trip4", "hrot_diff": 1, "sample_diff": 13, "time_diff_s": 0.26, "gps_distance_m": 4.1, "original_speed": "1923", "wheel_diameter_mm": 711.0003997802734}}, {"type": "Feature", "geometry": {"type": "LineString", "coordinates": [[4.9082024442683485, 52.36106549078161], [4.9082615990826906, 52.36107818943275]]}, "properties": {"Speed": 18.3, "road_quality": 2, "marker": 7, "trip_id": "Febru_Trip4", "hrot_diff": 1, "sample_diff": 11, "time_diff_s": 0.22, "gps_distance_m": 4.3, "original_speed": "1904", "wheel_diameter_mm": 711.0003997802734}}, {"type": "Feature", "geometry": {"type": "LineString", "coordinates": [[4.9082615990826906, 52.36107818943275], [4.908318013698028, 52.36109380753403]]}, "properties": {"Speed": 16.8, "road_quality": 2, "marker": 7, "trip_id": "Febru_Trip4", "hrot_diff": 1, "sample_diff": 12, "time_diff_s": 0.24, "gps_distance_m": 4.2, "original_speed": "1980", "wheel_diameter_mm": 711.0003997802734}}, {"type": "Feature", "geometry": {"type": "LineString", "coordinates": [[4.908318013698028, 52.36109380753403], [4.908375475762873, 52.36111264185713]]}, "properties": {"Speed": 16.8, "road_quality": 2, "marker": 7, "trip_id": "Febru_Trip4", "hrot_diff": 1, "sample_diff": 12, "time_diff_s": 0.24, "gps_distance_m": 4.4, "original_speed": "2066", "wheel_diameter_mm": 711.0003997802734}}, {"type": "Feature", "geometry": {"type": "LineString", "coordinates": [[4.908375475762873, 52.36111264185713], [4.908437223474086, 52.36112754446285]]}, "properties": {"Speed": 20.1, "road_quality": 2, "marker": 7, "trip_id": "Febru_Trip4", "hrot_diff": 1, "sample_diff": 10, "time_diff_s": 0.2, "gps_distance_m": 4.5, "original_speed": "2232", "wheel_diameter_mm": 711.0003997802734}}, {"type": "Feature", "geometry": {"type": "LineString", "coordinates": [[4.908437223474086, 52.36112754446285], [4.908513074991457, 52.36114361266802]]}, "properties": {"Speed": 25.1, "road_quality": 2, "marker": 7, "trip_id": "Febru_Trip4", "hrot_diff": 1, "sample_diff": 8, "time_diff_s": 0.16, "gps_distance_m": 5.5, "original_speed": "2450", "wheel_diameter_mm": 711.0003997802734}}, {"type": "Feature", "geometry": {"type": "LineString", "coordinates": [[4.908513074991457, 52.36114361266802], [4.908590037378058, 52.3611616791982]]}, "properties": {"Speed": 28.7, "road_quality": 2, "marker": 7, "trip_id": "Febru_Trip4", "hrot_diff": 1, "sample_diff": 7, "time_diff_s": 0.14, "gps_distance_m": 5.6, "original_speed": "2521", "wheel_diameter_mm": 711.0003997802734}}, {"type": "Feature", "geometry": {"type": "LineString", "coordinates": [[4.908590037378058, 52.3611616791982], [4.908664986752292, 52.361185431187984]]}, "properties": {"Speed": 18.3, "road_quality": 2, "marker": 7, "trip_id": "Febru_Trip4", "hrot_diff": 1, "sample_diff": 11, "time_diff_s": 0.22, "gps_distance_m": 5.7, "original_speed": "2654", "wheel_diameter_mm": 711.0003997802734}}, {"type": "Feature", "geometry": {"type": "LineString", "coordinates": [[4.908664986752292, 52.361185431187984], [4.908743710199629, 52.36120326510019]]}, "properties": {"Speed": 28.7, "road_quality": 2, "marker": 7, "trip_id": "Febru_Trip4", "hrot_diff": 1, "sample_diff": 7, "time_diff_s": 0.14, "gps_distance_m": 5.7, "original_speed": "2608", "wheel_diameter_mm": 711.0003997802734}}, {"type": "Feature", "geometry": {"type": "LineString", "coordinates": [[4.908743710199629, 52.36120326510019], [4.908811483436563, 52.36122808303117]]}, "properties": {"Speed": 22.3, "road_quality": 2, "marker": 7, "trip_id": "Febru_Trip4", "hrot_diff": 1, "sample_diff": 9, "time_diff_s": 0.18, "gps_distance_m": 5.4, "original_speed": "2631", "wheel_diameter_mm": 711.0003997802734}}, {"type": "Feature", "geometry": {"type": "LineString", "coordinates": [[4.908811483436563, 52.36122808303117], [4.908887081583046, 52.36124185016258]]}, "properties": {"Speed": 18.3, "road_quality": 2, "marker": 7, "trip_id": "Febru_Trip4", "hrot_diff": 1, "sample_diff": 11, "time_diff_s": 0.22, "gps_distance_m": 5.4, "original_speed": "2586", "wheel_diameter_mm": 711.0003997802734}}, {"type": "Feature", "geometry": {"type": "LineString", "coordinates": [[4.908887081583046, 52.36124185016258], [4.9089579887871295, 52.36125515088216]]}, "properties": {"Speed": 16.8, "road_quality": 2, "marker": 7, "trip_id": "Febru_Trip4", "hrot_diff": 1, "sample_diff": 12, "time_diff_s": 0.24, "gps_distance_m": 5.0, "original_speed": "2475", "wheel_diameter_mm": 711.0003997802734}}, {"type": "Feature", "geometry": {"type": "LineString", "coordinates": [[4.9089579887871295, 52.36125515088216], [4.909025492982425, 52.36127188328895]]}, "properties": {"Speed": 18.3, "road_quality": 2, "marker": 7, "trip_id": "Febru_Trip4", "hrot_diff": 1, "sample_diff": 11, "time_diff_s": 0.22, "gps_distance_m": 4.9, "original_speed": "2586", "wheel_diameter_mm": 711.0003997802734}}, {"type": "Feature", "geometry": {"type": "LineString", "coordinates": [[4.909025492982425, 52.36127188328895], [4.909104765264082, 52.36128963626551]]}, "properties": {"Speed": 25.1, "road_quality": 2, "marker": 7, "trip_id": "Febru_Trip4", "hrot_diff": 1, "sample_diff": 8, "time_diff_s": 0.16, "gps_distance_m": 5.7, "original_speed": "2631", "wheel_diameter_mm": 711.0003997802734}}, {"type": "Feature", "geometry": {"type": "LineString", "coordinates": [[4.909104765264082, 52.36128963626551], [4.909183348585489, 52.36130633023531]]}, "properties": {"Speed": 16.8, "road_quality": 2, "marker": 7, "trip_id": "Febru_Trip4", "hrot_diff": 1, "sample_diff": 12, "time_diff_s": 0.24, "gps_distance_m": 5.6, "original_speed": "2727", "wheel_diameter_mm": 711.0003997802734}}, {"type": "Feature", "geometry": {"type": "LineString", "coordinates": [[4.909183348585489, 52.36130633023531], [4.909273581207517, 52.36131623681019]]}, "properties": {"Speed": 16.8, "road_quality": 2, "marker": 7, "trip_id": "Febru_Trip4", "hrot_diff": 1, "sample_diff": 12, "time_diff_s": 0.24, "gps_distance_m": 6.2, "original_speed": "2752", "wheel_diameter_mm": 711.0003997802734}}, {"type": "Feature", "geometry": {"type": "LineString", "coordinates": [[4.909273581207517, 52.36131623681019], [4.909356510636361, 52.36133349366434]]}, "properties": {"Speed": 33.5, "road_quality": 2, "marker": 7, "trip_id": "Febru_Trip4", "hrot_diff": 1, "sample_diff": 6, "time_diff_s": 0.12, "gps_distance_m": 5.9, "original_speed": "2777", "wheel_diameter_mm": 711.0003997802734}}, {"type": "Feature", "geometry": {"type": "LineString", "coordinates": [[4.909356510636361, 52.36133349366434], [4.909434543342083, 52.36135042754771]]}, "properties": {"Speed": 40, "road_quality": 2, "marker": 7, "trip_id": "Febru_Trip4", "hrot_diff": 1, "sample_diff": 5, "time_diff_s": 0.1, "gps_distance_m": 5.6, "original_speed": "2857", "wheel_diameter_mm": 711.0003997802734}}, {"type": "Feature", "geometry": {"type": "LineString", "coordinates": [[4.909434543342083, 52.36135042754771], [4.909516316902635, 52.361370474185286]]}, "properties": {"Speed": 40, "road_quality": 2, "marker": 6, "trip_id": "Febru_Trip4", "hrot_diff": 1, "sample_diff": 5, "time_diff_s": 0.1, "gps_distance_m": 6.0, "original_speed": "-1", "wheel_diameter_mm": 711.0003997802734}}, {"type": "Feature", "geometry": {"type": "LineString", "coordinates": [[4.909516316902635, 52.361370474185286], [4.911502411516816, 52.36185397295727]]}, "properties": {"Speed": 0.2, "road_quality": 2, "marker": 6, "trip_id": "Febru_Trip4", "hrot_diff": 1, "sample_diff": 1213, "time_diff_s": 24.26, "gps_distance_m": 145.2, "original_speed": "-1", "wheel_diameter_mm": 711.0003997802734}}, {"type": "Feature", "geometry": {"type": "LineString", "coordinates": [[4.911502411516816, 52.36185397295727], [4.911501863963262, 52.36188805694084]]}, "properties": {"Speed": 20.1, "road_quality": 2, "marker": 7, "trip_id": "Febru_Trip4", "hrot_diff": 1, "sample_diff": 10, "time_diff_s": 0.2, "gps_distance_m": 3.8, "original_speed": "79", "wheel_diameter_mm": 711.0003997802734}}, {"type": "Feature", "geometry": {"type": "LineString", "coordinates": [[4.911501863963262, 52.36188805694084], [4.911492438324653, 52.361925527950646]]}, "properties": {"Speed": 14.4, "road_quality": 2, "marker": 7, "trip_id": "Febru_Trip4", "hrot_diff": 1, "sample_diff": 14, "time_diff_s": 0.28, "gps_distance_m": 4.2, "original_speed": "1680", "wheel_diameter_mm": 711.0003997802734}}, {"type": "Feature", "geometry": {"type": "LineString", "coordinates": [[4.911492438324653, 52.361925527950646], [4.911459838460589, 52.36196199505142]]}, "properties": {"Speed": 15.5, "road_quality": 2, "marker": 7, "trip_id": "Febru_Trip4", "hrot_diff": 1, "sample_diff": 13, "time_diff_s": 0.26, "gps_distance_m": 4.6, "original_speed": "1941", "wheel_diameter_mm": 711.0003997802734}}, {"type": "Feature", "geometry": {"type": "LineString", "coordinates": [[4.911459838460589, 52.36196199505142], [4.911420571304821, 52.36200234812294]]}, "properties": {"Speed": 20.1, "road_quality": 2, "marker": 7, "trip_id": "Febru_Trip4", "hrot_diff": 1, "sample_diff": 10, "time_diff_s": 0.2, "gps_distance_m": 5.2, "original_speed": "2173", "wheel_diameter_mm": 711.0003997802734}}, {"type": "Feature", "geometry": {"type": "LineString", "coordinates": [[4.911420571304821, 52.36200234812294], [4.91138764311488, 52.36204534449899]]}, "properties": {"Speed": 16.8, "road_quality": 2, "marker": 7, "trip_id": "Febru_Trip4", "hrot_diff": 1, "sample_diff": 12, "time_diff_s": 0.24, "gps_distance_m": 5.3, "original_speed": "2380", "wheel_diameter_mm": 711.0003997802734}}, {"type": "Feature", "geometry": {"type": "LineString", "coordinates": [[4.91138764311488, 52.36204534449899], [4.911363774977438, 52.362078253329805]]}, "properties": {"Speed": 18.3, "road_quality": 2, "marker": 7, "trip_id": "Febru_Trip4", "hrot_diff": 1, "sample_diff": 11, "time_diff_s": 0.22, "gps_distance_m": 4.0, "original_speed": "2403", "wheel_diameter_mm": 711.0003997802734}}, {"type": "Feature", "geometry": {"type": "LineString", "coordinates": [[4.911363774977438, 52.362078253329805], [4.911342059651202, 52.36212115845315]]}, "properties": {"Speed": 18.3, "road_quality": 2, "marker": 7, "trip_id": "Febru_Trip4", "hrot_diff": 1, "sample_diff": 11, "time_diff_s": 0.22, "gps_distance_m": 5.0, "original_speed": "2542", "wheel_diameter_mm": 711.0003997802734}}, {"type": "Feature", "geometry": {"type": "LineString", "coordinates": [[4.911342059651202, 52.36212115845315], [4.911318653360686, 52.36218077342522]]}, "properties": {"Speed": 28.7, "road_quality": 2, "marker": 7, "trip_id": "Febru_Trip4", "hrot_diff": 1, "sample_diff": 7, "time_diff_s": 0.14, "gps_distance_m": 6.8, "original_speed": "2608", "wheel_diameter_mm": 711.0003997802734}}, {"type": "Feature", "geometry": {"type": "LineString", "coordinates": [[4.911318653360686, 52.36218077342522], [4.911288956247121, 52.36223574120512]]}, "properties": {"Speed": 16.8, "road_quality": 2, "marker": 7, "trip_id": "Febru_Trip4", "hrot_diff": 1, "sample_diff": 12, "time_diff_s": 0.24, "gps_distance_m": 6.4, "original_speed": "2777", "wheel_diameter_mm": 711.0003997802734}}, {"type": "Feature", "geometry": {"type": "LineString", "coordinates": [[4.911288956247121, 52.36223574120512], [4.911265002566415, 52.36229865542305]]}, "properties": {"Speed": 25.1, "road_quality": 2, "marker": 7, "trip_id": "Febru_Trip4", "hrot_diff": 1, "sample_diff": 8, "time_diff_s": 0.16, "gps_distance_m": 7.2, "original_speed": "2678", "wheel_diameter_mm": 711.0003997802734}}, {"type": "Feature", "geometry": {"type": "LineString", "coordinates": [[4.911265002566415, 52.36229865542305], [4.911241212280869, 52.362333656721]]}, "properties": {"Speed": 22.3, "road_quality": 2, "marker": 7, "trip_id": "Febru_Trip4", "hrot_diff": 1, "sample_diff": 9, "time_diff_s": 0.18, "gps_distance_m": 4.2, "original_speed": "2586", "wheel_diameter_mm": 711.0003997802734}}, {"type": "Feature", "geometry": {"type": "LineString", "coordinates": [[4.911241212280869, 52.362333656721], [4.911210071353715, 52.36236821023664]]}, "properties": {"Speed": 18.3, "road_quality": 2, "marker": 7, "trip_id": "Febru_Trip4", "hrot_diff": 1, "sample_diff": 11, "time_diff_s": 0.22, "gps_distance_m": 4.4, "original_speed": "2542", "wheel_diameter_mm": 711.0003997802734}}, {"type": "Feature", "geometry": {"type": "LineString", "coordinates": [[4.911210071353715, 52.36236821023664], [4.911185484922048, 52.36242870725299]]}, "properties": {"Speed": 18.3, "road_quality": 2, "marker": 7, "trip_id": "Febru_Trip4", "hrot_diff": 1, "sample_diff": 11, "time_diff_s": 0.22, "gps_distance_m": 6.9, "original_speed": "2586", "wheel_diameter_mm": 711.0003997802734}}, {"type": "Feature", "geometry": {"type": "LineString", "coordinates": [[4.911185484922048, 52.36242870725299], [4.911170146597805, 52.36248014327659]]}, "properties": {"Speed": 28.7, "road_quality": 2, "marker": 7, "trip_id": "Febru_Trip4", "hrot_diff": 1, "sample_diff": 7, "time_diff_s": 0.14, "gps_distance_m": 5.8, "original_speed": "2631", "wheel_diameter_mm": 711.0003997802734}}, {"type": "Feature", "geometry": {"type": "LineString", "coordinates": [[4.911170146597805, 52.36248014327659], [4.911159119071111, 52.3625350469583]]}, "properties": {"Speed": 14.4, "road_quality": 2, "marker": 7, "trip_id": "Febru_Trip4", "hrot_diff": 1, "sample_diff": 14, "time_diff_s": 0.28, "gps_distance_m": 6.2, "original_speed": "2702", "wheel_diameter_mm": 711.0003997802734}}, {"type": "Feature", "geometry": {"type": "LineString", "coordinates": [[4.911159119071111, 52.3625350469583], [4.911136396049816, 52.36259113787494]]}, "properties": {"Speed": 20.1, "road_quality": 2, "marker": 7, "trip_id": "Febru_Trip4", "hrot_diff": 1, "sample_diff": 10, "time_diff_s": 0.2, "gps_distance_m": 6.4, "original_speed": "2727", "wheel_diameter_mm": 711.0003997802734}}, {"type": "Feature", "geometry": {"type": "LineString", "coordinates": [[4.911136396049816, 52.36259113787494], [4.911115491820729, 52.36264454005575]]}, "properties": {"Speed": 18.3, "road_quality": 2, "marker": 7, "trip_id": "Febru_Trip4", "hrot_diff": 1, "sample_diff": 11, "time_diff_s": 0.22, "gps_distance_m": 6.1, "original_speed": "2608", "wheel_diameter_mm": 711.0003997802734}}, {"type": "Feature", "geometry": {"type": "LineString", "coordinates": [[4.911115491820729, 52.36264454005575], [4.911070497981893, 52.362693789546285]]}, "properties": {"Speed": 16.8, "road_quality": 2, "marker": 7, "trip_id": "Febru_Trip4", "hrot_diff": 1, "sample_diff": 12, "time_diff_s": 0.24, "gps_distance_m": 6.3, "original_speed": "2678", "wheel_diameter_mm": 711.0003997802734}}, {"type": "Feature", "geometry": {"type": "LineString", "coordinates": [[4.911070497981893, 52.362693789546285], [4.911043473335483, 52.36275149439532]]}, "properties": {"Speed": 16.8, "road_quality": 2, "marker": 7, "trip_id": "Febru_Trip4", "hrot_diff": 1, "sample_diff": 12, "time_diff_s": 0.24, "gps_distance_m": 6.7, "original_speed": "2752", "wheel_diameter_mm": 711.0003997802734}}, {"type": "Feature", "geometry": {"type": "LineString", "coordinates": [[4.911043473335483, 52.36275149439532], [4.911005593142512, 52.362796682561104]]}, "properties": {"Speed": 28.7, "road_quality": 2, "marker": 7, "trip_id": "Febru_Trip4", "hrot_diff": 1, "sample_diff": 7, "time_diff_s": 0.14, "gps_distance_m": 5.6, "original_speed": "2752", "wheel_diameter_mm": 711.0003997802734}}, {"type": "Feature", "geometry": {"type": "LineString", "coordinates": [[4.911005593142512, 52.362796682561104], [4.9109633775110195, 52.36284435276353]]}, "properties": {"Speed": 16.8, "road_quality": 2, "marker": 7, "trip_id": "Febru_Trip4", "hrot_diff": 1, "sample_diff": 12, "time_diff_s": 0.24, "gps_distance_m": 6.0, "original_speed": "2752", "wheel_diameter_mm": 711.0003997802734}}, {"type": "Feature", "geometry": {"type": "LineString", "coordinates": [[4.9109633775110195, 52.36284435276353], [4.910914156660612, 52.362895642431226]]}, "properties": {"Speed": 18.3, "road_quality": 2, "marker": 7, "trip_id": "Febru_Trip4", "hrot_diff": 1, "sample_diff": 11, "time_diff_s": 0.22, "gps_distance_m": 6.6, "original_speed": "2678", "wheel_diameter_mm": 711.0003997802734}}, {"type": "Feature", "geometry": {"type": "LineString", "coordinates": [[4.910914156660612, 52.362895642431226], [4.910877275801974, 52.36295316310434]]}, "properties": {"Speed": 18.3, "road_quality": 2, "marker": 7, "trip_id": "Febru_Trip4", "hrot_diff": 1, "sample_diff": 11, "time_diff_s": 0.22, "gps_distance_m": 6.9, "original_speed": "2654", "wheel_diameter_mm": 711.0003997802734}}, {"type": "Feature", "geometry": {"type": "LineString", "coordinates": [[4.910877275801974, 52.36295316310434], [4.91084560650257, 52.36300796022942]]}, "properties": {"Speed": 20.1, "road_quality": 2, "marker": 7, "trip_id": "Febru_Trip4", "hrot_diff": 1, "sample_diff": 10, "time_diff_s": 0.2, "gps_distance_m": 6.5, "original_speed": "2564", "wheel_diameter_mm": 711.0003997802734}}, {"type": "Feature", "geometry": {"type": "LineString", "coordinates": [[4.91084560650257, 52.36300796022942], [4.910820751329267, 52.363063734068135]]}, "properties": {"Speed": 16.8, "road_quality": 2, "marker": 7, "trip_id": "Febru_Trip4", "hrot_diff": 1, "sample_diff": 12, "time_diff_s": 0.24, "gps_distance_m": 6.4, "original_speed": "2450", "wheel_diameter_mm": 711.0003997802734}}, {"type": "Feature", "geometry": {"type": "LineString", "coordinates": [[4.910820751329267, 52.363063734068135], [4.910802241357893, 52.36310081983151]]}, "properties": {"Speed": 16.8, "road_quality": 2, "marker": 7, "trip_id": "Febru_Trip4", "hrot_diff": 1, "sample_diff": 12, "time_diff_s": 0.24, "gps_distance_m": 4.3, "original_speed": "2232", "wheel_diameter_mm": 711.0003997802734}}, {"type": "Feature", "geometry": {"type": "LineString", "coordinates": [[4.910802241357893, 52.36310081983151], [4.910786314803681, 52.36313410685266]]}, "properties": {"Speed": 18.3, "road_quality": 2, "marker": 7, "trip_id": "Febru_Trip4", "hrot_diff": 1, "sample_diff": 11, "time_diff_s": 0.22, "gps_distance_m": 3.9, "original_speed": "2136", "wheel_diameter_mm": 711.0003997802734}}, {"type": "Feature", "geometry": {"type": "LineString", "coordinates": [[4.910786314803681, 52.36313410685266], [4.910772819221579, 52.36317774903683]]}, "properties": {"Speed": 17.0, "road_quality": 2, "marker": 7, "trip_id": "Febru_Trip4", "hrot_diff": 1, "sample_diff": 10, "time_diff_s": 0.237, "gps_distance_m": 4.9, "original_speed": "2232", "wheel_diameter_mm": 711.0003997802734}}, {"type": "Feature", "geometry": {"type": "LineString", "coordinates": [[4.910772819221579, 52.36317774903683], [4.910771485184485, 52.363226556024664]]}, "properties": {"Speed": 15.5, "road_quality": 2, "marker": 7, "trip_id": "Febru_Trip4", "hrot_diff": 1, "sample_diff": 13, "time_diff_s": 0.26, "gps_distance_m": 5.4, "original_speed": "2427", "wheel_diameter_mm": 711.0003997802734}}, {"type": "Feature", "geometry": {"type": "LineString", "coordinates": [[4.910771485184485, 52.363226556024664], [4.910787464633438, 52.363278264520936]]}, "properties": {"Speed": 15.5, "road_quality": 2, "marker": 7, "trip_id": "Febru_Trip4", "hrot_diff": 1, "sample_diff": 13, "time_diff_s": 0.26, "gps_distance_m": 5.9, "original_speed": "2586", "wheel_diameter_mm": 711.0003997802734}}, {"type": "Feature", "geometry": {"type": "LineString", "coordinates": [[4.910787464633438, 52.363278264520936], [4.910803281096, 52.36332676442419]]}, "properties": {"Speed": 18.3, "road_quality": 2, "marker": 7, "trip_id": "Febru_Trip4", "hrot_diff": 1, "sample_diff": 11, "time_diff_s": 0.22, "gps_distance_m": 5.5, "original_speed": "2727", "wheel_diameter_mm": 711.0003997802734}}, {"type": "Feature", "geometry": {"type": "LineString", "coordinates": [[4.910803281096, 52.36332676442419], [4.910838282540571, 52.363375163058606]]}, "properties": {"Speed": 16.8, "road_quality": 2, "marker": 6, "trip_id": "Febru_Trip4", "hrot_diff": 1, "sample_diff": 12, "time_diff_s": 0.24, "gps_distance_m": 5.9, "original_speed": "-1", "wheel_diameter_mm": 711.0003997802734}}, {"type": "Feature", "geometry": {"type": "LineString", "coordinates": [[4.910838282540571, 52.363375163058606], [4.910855027640264, 52.363423845630706]]}, "properties": {"Speed": 18.3, "road_quality": 2, "marker": 6, "trip_id": "Febru_Trip4", "hrot_diff": 1, "sample_diff": 11, "time_diff_s": 0.22, "gps_distance_m": 5.5, "original_speed": "-1", "wheel_diameter_mm": 711.0003997802734}}, {"type": "Feature", "geometry": {"type": "LineString", "coordinates": [[4.910855027640264, 52.363423845630706], [4.9108635658099, 52.36347027176377]]}, "properties": {"Speed": 18.3, "road_quality": 2, "marker": 6, "trip_id": "Febru_Trip4", "hrot_diff": 1, "sample_diff": 11, "time_diff_s": 0.22, "gps_distance_m": 5.2, "original_speed": "-1", "wheel_diameter_mm": 711.0003997802734}}, {"type": "Feature", "geometry": {"type": "LineString", "coordinates": [[4.9108635658099, 52.36347027176377], [4.910878637888932, 52.36352252528888]]}, "properties": {"Speed": 15.5, "road_quality": 2, "marker": 7, "trip_id": "Febru_Trip4", "hrot_diff": 1, "sample_diff": 13, "time_diff_s": 0.26, "gps_distance_m": 5.9, "original_speed": "2857", "wheel_diameter_mm": 711.0003997802734}}, {"type": "Feature", "geometry": {"type": "LineString", "coordinates": [[4.910878637888932, 52.36352252528888], [4.910870874831032, 52.36356088677984]]}, "properties": {"Speed": 20.8, "road_quality": 3, "marker": 7, "trip_id": "Febru_Trip4", "hrot_diff": 3, "sample_diff": 29, "time_diff_s": 0.58, "gps_distance_m": 4.3, "original_speed": "2941", "wheel_diameter_mm": 711.0003997802734}}, {"type": "Feature", "geometry": {"type": "LineString", "coordinates": [[4.910870874831032, 52.36356088677984], [4.910893309821946, 52.363614027654535]]}, "properties": {"Speed": 28.7, "road_quality": 3, "marker": 6, "trip_id": "Febru_Trip4", "hrot_diff": 1, "sample_diff": 7, "time_diff_s": 0.14, "gps_distance_m": 6.1, "original_speed": "-1", "wheel_diameter_mm": 711.0003997802734}}, {"type": "Feature", "geometry": {"type": "LineString", "coordinates": [[4.910893309821946, 52.363614027654535], [4.910913021650741, 52.36366726816134]]}, "properties": {"Speed": 18.3, "road_quality": 2, "marker": 6, "trip_id": "Febru_Trip4", "hrot_diff": 1, "sample_diff": 11, "time_diff_s": 0.22, "gps_distance_m": 6.1, "original_speed": "-1", "wheel_diameter_mm": 711.0003997802734}}, {"type": "Feature", "geometry": {"type": "LineString", "coordinates": [[4.910913021650741, 52.36366726816134], [4.9109339426400425, 52.363706129951304]]}, "properties": {"Speed": 40, "road_quality": 2, "marker": 8, "trip_id": "Febru_Trip4", "hrot_diff": 1, "sample_diff": 5, "time_diff_s": 0.1, "gps_distance_m": 4.5, "original_speed": "-1", "wheel_diameter_mm": 711.0003997802734}}, {"type": "Feature", "geometry": {"type": "LineString", "coordinates": [[4.9109339426400425, 52.363706129951304], [4.911603920887095, 52.366125085332534]]}, "properties": {"Speed": 0.1, "road_quality": 2, "marker": 6, "trip_id": "Febru_Trip4", "hrot_diff": 1, "sample_diff": 2260, "time_diff_s": 45.2, "gps_distance_m": 272.8, "original_speed": "-1", "wheel_diameter_mm": 711.0003997802734}}, {"type": "Feature", "geometry": {"type": "LineString", "coordinates": [[4.911603920887095, 52.366125085332534], [4.911634933682644, 52.366140120278494]]}, "properties": {"Speed": 10.1, "road_quality": 2, "marker": 7, "trip_id": "Febru_Trip4", "hrot_diff": 1, "sample_diff": 20, "time_diff_s": 0.4, "gps_distance_m": 2.7, "original_speed": "22", "wheel_diameter_mm": 711.0003997802734}}, {"type": "Feature", "geometry": {"type": "LineString", "coordinates": [[4.911634933682644, 52.366140120278494], [4.911663497364709, 52.36614935858766]]}, "properties": {"Speed": 10.1, "road_quality": 2, "marker": 7, "trip_id": "Febru_Trip4", "hrot_diff": 1, "sample_diff": 20, "time_diff_s": 0.4, "gps_distance_m": 2.2, "original_speed": "1442", "wheel_diameter_mm": 711.0003997802734}}, {"type": "Feature", "geometry": {"type": "LineString", "coordinates": [[4.911663497364709, 52.36614935858766], [4.911680580881516, 52.3661625641711]]}, "properties": {"Speed": 9.1, "road_quality": 2, "marker": 7, "trip_id": "Febru_Trip4", "hrot_diff": 1, "sample_diff": 22, "time_diff_s": 0.44, "gps_distance_m": 1.9, "original_speed": "1250", "wheel_diameter_mm": 711.0003997802734}}, {"type": "Feature", "geometry": {"type": "LineString", "coordinates": [[4.911680580881516, 52.3661625641711], [4.9117048082129156, 52.36618863170771]]}, "properties": {"Speed": 9.6, "road_quality": 2, "marker": 7, "trip_id": "Febru_Trip4", "hrot_diff": 1, "sample_diff": 21, "time_diff_s": 0.42, "gps_distance_m": 3.3, "original_speed": "1181", "wheel_diameter_mm": 711.0003997802734}}, {"type": "Feature", "geometry": {"type": "LineString", "coordinates": [[4.9117048082129156, 52.36618863170771], [4.911723616461718, 52.366209183592275]]}, "properties": {"Speed": 13.4, "road_quality": 2, "marker": 7, "trip_id": "Febru_Trip4", "hrot_diff": 1, "sample_diff": 15, "time_diff_s": 0.3, "gps_distance_m": 2.6, "original_speed": "1282", "wheel_diameter_mm": 711.0003997802734}}, {"type": "Feature", "geometry": {"type": "LineString", "coordinates": [[4.911723616461718, 52.366209183592275], [4.911742188952762, 52.366228555799054]]}, "properties": {"Speed": 12.6, "road_quality": 2, "marker": 7, "trip_id": "Febru_Trip4", "hrot_diff": 1, "sample_diff": 16, "time_diff_s": 0.32, "gps_distance_m": 2.5, "original_speed": "1481", "wheel_diameter_mm": 711.0003997802734}}, {"type": "Feature", "geometry": {"type": "LineString", "coordinates": [[4.911742188952762, 52.366228555799054], [4.911758572470861, 52.36624596320334]]}, "properties": {"Speed": 15.5, "road_quality": 2, "marker": 7, "trip_id": "Febru_Trip4", "hrot_diff": 1, "sample_diff": 13, "time_diff_s": 0.26, "gps_distance_m": 2.2, "original_speed": "1666", "wheel_diameter_mm": 711.0003997802734}}, {"type": "Feature", "geometry": {"type": "LineString", "coordinates": [[4.911758572470861, 52.36624596320334], [4.911780595480483, 52.36626935633968]]}, "properties": {"Speed": 15.5, "road_quality": 2, "marker": 7, "trip_id": "Febru_Trip4", "hrot_diff": 1, "sample_diff": 13, "time_diff_s": 0.26, "gps_distance_m": 3.0, "original_speed": "1801", "wheel_diameter_mm": 711.0003997802734}}, {"type": "Feature", "geometry": {"type": "LineString", "coordinates": [[4.911780595480483, 52.36626935633968], [4.911824454625657, 52.36631594222107]]}, "properties": {"Speed": 15.5, "road_quality": 2, "marker": 7, "trip_id": "Febru_Trip4", "hrot_diff": 1, "sample_diff": 13, "time_diff_s": 0.26, "gps_distance_m": 6.0, "original_speed": "1904", "wheel_diameter_mm": 711.0003997802734}}, {"type": "Feature", "geometry": {"type": "LineString", "coordinates": [[4.911824454625657, 52.36631594222107], [4.911857065413447, 52.36635058074796]]}, "properties": {"Speed": 18.3, "road_quality": 3, "marker": 7, "trip_id": "Febru_Trip4", "hrot_diff": 1, "sample_diff": 11, "time_diff_s": 0.22, "gps_distance_m": 4.4, "original_speed": "2032", "wheel_diameter_mm": 711.0003997802734}}, {"type": "Feature", "geometry": {"type": "LineString", "coordinates": [[4.911857065413447, 52.36635058074796], [4.911894218423047, 52.3663900439577]]}, "properties": {"Speed": 18.3, "road_quality": 3, "marker": 7, "trip_id": "Febru_Trip4", "hrot_diff": 1, "sample_diff": 11, "time_diff_s": 0.22, "gps_distance_m": 5.1, "original_speed": "2136", "wheel_diameter_mm": 711.0003997802734}}, {"type": "Feature", "geometry": {"type": "LineString", "coordinates": [[4.911894218423047, 52.3663900439577], [4.911930458283436, 52.366428537205884]]}, "properties": {"Speed": 16.8, "road_quality": 2, "marker": 7, "trip_id": "Febru_Trip4", "hrot_diff": 1, "sample_diff": 12, "time_diff_s": 0.24, "gps_distance_m": 4.9, "original_speed": "2293", "wheel_diameter_mm": 711.0003997802734}}, {"type": "Feature", "geometry": {"type": "LineString", "coordinates": [[4.911930458283436, 52.366428537205884], [4.911967068853897, 52.36646742421051]]}, "properties": {"Speed": 22.3, "road_quality": 2, "marker": 7, "trip_id": "Febru_Trip4", "hrot_diff": 1, "sample_diff": 9, "time_diff_s": 0.18, "gps_distance_m": 5.0, "original_speed": "2403", "wheel_diameter_mm": 711.0003997802734}}, {"type": "Feature", "geometry": {"type": "LineString", "coordinates": [[4.911967068853897, 52.36646742421051], [4.912003150587381, 52.36650574950353]]}, "properties": {"Speed": 25.1, "road_quality": 2, "marker": 7, "trip_id": "Febru_Trip4", "hrot_diff": 1, "sample_diff": 8, "time_diff_s": 0.16, "gps_distance_m": 4.9, "original_speed": "2475", "wheel_diameter_mm": 711.0003997802734}}, {"type": "Feature", "geometry": {"type": "LineString", "coordinates": [[4.912003150587381, 52.36650574950353], [4.9120323919656075, 52.36654397977773]]}, "properties": {"Speed": 18.3, "road_quality": 2, "marker": 7, "trip_id": "Febru_Trip4", "hrot_diff": 1, "sample_diff": 11, "time_diff_s": 0.22, "gps_distance_m": 4.7, "original_speed": "2654", "wheel_diameter_mm": 711.0003997802734}}, {"type": "Feature", "geometry": {"type": "LineString", "coordinates": [[4.9120323919656075, 52.36654397977773], [4.912076933682902, 52.36659111860988]]}, "properties": {"Speed": 18.3, "road_quality": 2, "marker": 7, "trip_id": "Febru_Trip4", "hrot_diff": 1, "sample_diff": 11, "time_diff_s": 0.22, "gps_distance_m": 6.1, "original_speed": "2727", "wheel_diameter_mm": 711.0003997802734}}, {"type": "Feature", "geometry": {"type": "LineString", "coordinates": [[4.912076933682902, 52.36659111860988], [4.91212157111583, 52.36662562097553]]}, "properties": {"Speed": 33.5, "road_quality": 2, "marker": 8, "trip_id": "Febru_Trip4", "hrot_diff": 1, "sample_diff": 6, "time_diff_s": 0.12, "gps_distance_m": 4.9, "original_speed": "-1", "wheel_diameter_mm": 711.0003997802734}}, {"type": "Feature", "geometry": {"type": "LineString", "coordinates": [[4.91212157111583, 52.36662562097553], [4.912178215187843, 52.36667664433816]]}, "properties": {"Speed": 33.5, "road_quality": 2, "marker": 6, "trip_id": "Febru_Trip4", "hrot_diff": 1, "sample_diff": 6, "time_diff_s": 0.12, "gps_distance_m": 6.9, "original_speed": "-1", "wheel_diameter_mm": 711.0003997802734}}, {"type": "Feature", "geometry": {"type": "LineString", "coordinates": [[4.912178215187843, 52.36667664433816], [4.912227986833908, 52.36673370297366]]}, "properties": {"Speed": 16.8, "road_quality": 2, "marker": 6, "trip_id": "Febru_Trip4", "hrot_diff": 1, "sample_diff": 12, "time_diff_s": 0.24, "gps_distance_m": 7.2, "original_speed": "-1", "wheel_diameter_mm": 711.0003997802734}}, {"type": "Feature", "geometry": {"type": "LineString", "coordinates": [[4.912227986833908, 52.36673370297366], [4.91227652953021, 52.3667846927744]]}, "properties": {"Speed": 16.8, "road_quality": 2, "marker": 7, "trip_id": "Febru_Trip4", "hrot_diff": 1, "sample_diff": 12, "time_diff_s": 0.24, "gps_distance_m": 6.6, "original_speed": "2941", "wheel_diameter_mm": 711.0003997802734}}, {"type": "Feature", "geometry": {"type": "LineString", "coordinates": [[4.91227652953021, 52.3667846927744], [4.912328680136478, 52.36683701131817]]}, "properties": {"Speed": 13.1, "road_quality": 2, "marker": 7, "trip_id": "Febru_Trip4", "hrot_diff": 3, "sample_diff": 46, "time_diff_s": 0.92, "gps_distance_m": 6.8, "original_speed": "2941", "wheel_diameter_mm": 711.0003997802734}}, {"type": "Feature", "geometry": {"type": "LineString", "coordinates": [[4.912328680136478, 52.36683701131817], [4.91373854079545, 52.36845985448873]]}, "properties": {"Speed": 0.1, "road_quality": 2, "marker": 6, "trip_id": "Febru_Trip4", "hrot_diff": 1, "sample_diff": 1664, "time_diff_s": 33.28, "gps_distance_m": 204.3, "original_speed": "-1", "wheel_diameter_mm": 711.0003997802734}}, {"type": "Feature", "geometry": {"type": "LineString", "coordinates": [[4.91373854079545, 52.36845985448873], [4.913776089949185, 52.36849941918236]]}, "properties": {"Speed": 25.1, "road_quality": 2, "marker": 7, "trip_id": "Febru_Trip4", "hrot_diff": 1, "sample_diff": 8, "time_diff_s": 0.16, "gps_distance_m": 5.1, "original_speed": "59", "wheel_diameter_mm": 711.0003997802734}}, {"type": "Feature", "geometry": {"type": "LineString", "coordinates": [[4.913776089949185, 52.36849941918236], [4.913797699962584, 52.36853276167147]]}, "properties": {"Speed": 12.6, "road_quality": 2, "marker": 7, "trip_id": "Febru_Trip4", "hrot_diff": 1, "sample_diff": 16, "time_diff_s": 0.32, "gps_distance_m": 4.0, "original_speed": "1980", "wheel_diameter_mm": 711.0003997802734}}, {"type": "Feature", "geometry": {"type": "LineString", "coordinates": [[4.913797699962584, 52.36853276167147], [4.913824092830366, 52.368564228685784]]}, "properties": {"Speed": 18.3, "road_quality": 2, "marker": 7, "trip_id": "Febru_Trip4", "hrot_diff": 1, "sample_diff": 11, "time_diff_s": 0.22, "gps_distance_m": 3.9, "original_speed": "1904", "wheel_diameter_mm": 711.0003997802734}}, {"type": "Feature", "geometry": {"type": "LineString", "coordinates": [[4.913824092830366, 52.368564228685784], [4.913844359755878, 52.36858818657214]]}, "properties": {"Speed": 13.4, "road_quality": 2, "marker": 7, "trip_id": "Febru_Trip4", "hrot_diff": 1, "sample_diff": 15, "time_diff_s": 0.3, "gps_distance_m": 3.0, "original_speed": "1652", "wheel_diameter_mm": 711.0003997802734}}, {"type": "Feature", "geometry": {"type": "LineString", "coordinates": [[4.913844359755878, 52.36858818657214], [4.913869035413531, 52.36861497515176]]}, "properties": {"Speed": 15.5, "road_quality": 2, "marker": 7, "trip_id": "Febru_Trip4", "hrot_diff": 1, "sample_diff": 13, "time_diff_s": 0.26, "gps_distance_m": 3.4, "original_speed": "1709", "wheel_diameter_mm": 711.0003997802734}}, {"type": "Feature", "geometry": {"type": "LineString", "coordinates": [[4.913869035413531, 52.36861497515176], [4.913896219834747, 52.368644248365]]}, "properties": {"Speed": 16.8, "road_quality": 2, "marker": 7, "trip_id": "Febru_Trip4", "hrot_diff": 1, "sample_diff": 12, "time_diff_s": 0.24, "gps_distance_m": 3.7, "original_speed": "1869", "wheel_diameter_mm": 711.0003997802734}}, {"type": "Feature", "geometry": {"type": "LineString", "coordinates": [[4.913896219834747, 52.368644248365], [4.913919711203426, 52.368675158037206]]}, "properties": {"Speed": 14.4, "road_quality": 2, "marker": 7, "trip_id": "Febru_Trip4", "hrot_diff": 1, "sample_diff": 14, "time_diff_s": 0.28, "gps_distance_m": 3.8, "original_speed": "1818", "wheel_diameter_mm": 711.0003997802734}}, {"type": "Feature", "geometry": {"type": "LineString", "coordinates": [[4.913919711203426, 52.368675158037206], [4.913946466844685, 52.36870290549877]]}, "properties": {"Speed": 14.4, "road_quality": 2, "marker": 7, "trip_id": "Febru_Trip4", "hrot_diff": 1, "sample_diff": 14, "time_diff_s": 0.28, "gps_distance_m": 3.6, "original_speed": "1739", "wheel_diameter_mm": 711.0003997802734}}, {"type": "Feature", "geometry": {"type": "LineString", "coordinates": [[4.913946466844685, 52.36870290549877], [4.913973664200468, 52.3687300557755]]}, "properties": {"Speed": 12.6, "road_quality": 2, "marker": 7, "trip_id": "Febru_Trip4", "hrot_diff": 1, "sample_diff": 16, "time_diff_s": 0.32, "gps_distance_m": 3.5, "original_speed": "1709", "wheel_diameter_mm": 711.0003997802734}}, {"type": "Feature", "geometry": {"type": "LineString", "coordinates": [[4.913973664200468, 52.3687300557755], [4.913996194635479, 52.36875476623479]]}, "properties": {"Speed": 12.6, "road_quality": 2, "marker": 7, "trip_id": "Febru_Trip4", "hrot_diff": 1, "sample_diff": 16, "time_diff_s": 0.32, "gps_distance_m": 3.1, "original_speed": "1666", "wheel_diameter_mm": 711.0003997802734}}, {"type": "Feature", "geometry": {"type": "LineString", "coordinates": [[4.913996194635479, 52.36875476623479], [4.914021413085463, 52.36878374265096]]}, "properties": {"Speed": 14.4, "road_quality": 2, "marker": 7, "trip_id": "Febru_Trip4", "hrot_diff": 1, "sample_diff": 14, "time_diff_s": 0.28, "gps_distance_m": 3.6, "original_speed": "1709", "wheel_diameter_mm": 711.0003997802734}}, {"type": "Feature", "geometry": {"type": "LineString", "coordinates": [[4.914021413085463, 52.36878374265096], [4.914034645620408, 52.36881524458398]]}, "properties": {"Speed": 18.3, "road_quality": 2, "marker": 7, "trip_id": "Febru_Trip4", "hrot_diff": 1, "sample_diff": 11, "time_diff_s": 0.22, "gps_distance_m": 3.6, "original_speed": "1754", "wheel_diameter_mm": 711.0003997802734}}, {"type": "Feature", "geometry": {"type": "LineString", "coordinates": [[4.914034645620408, 52.36881524458398], [4.914027952416727, 52.368853376859185]]}, "properties": {"Speed": 16.8, "road_quality": 2, "marker": 7, "trip_id": "Febru_Trip4", "hrot_diff": 1, "sample_diff": 12, "time_diff_s": 0.24, "gps_distance_m": 4.3, "original_speed": "2000", "wheel_diameter_mm": 711.0003997802734}}, {"type": "Feature", "geometry": {"type": "LineString", "coordinates": [[4.914027952416727, 52.368853376859185], [4.913966592172593, 52.36888327318144]]}, "properties": {"Speed": 16.8, "road_quality": 2, "marker": 7, "trip_id": "Febru_Trip4", "hrot_diff": 1, "sample_diff": 12, "time_diff_s": 0.24, "gps_distance_m": 5.3, "original_speed": "2049", "wheel_diameter_mm": 711.0003997802734}}, {"type": "Feature", "geometry": {"type": "LineString", "coordinates": [[4.913966592172593, 52.36888327318144], [4.913905827948027, 52.36890163395022]]}, "properties": {"Speed": 18.3, "road_quality": 2, "marker": 7, "trip_id": "Febru_Trip4", "hrot_diff": 1, "sample_diff": 11, "time_diff_s": 0.22, "gps_distance_m": 4.6, "original_speed": "1834", "wheel_diameter_mm": 711.0003997802734}}, {"type": "Feature", "geometry": {"type": "LineString", "coordinates": [[4.913905827948027, 52.36890163395022], [4.9138538296027905, 52.36891885885233]]}, "properties": {"Speed": 20.1, "road_quality": 2, "marker": 7, "trip_id": "Febru_Trip4", "hrot_diff": 1, "sample_diff": 10, "time_diff_s": 0.2, "gps_distance_m": 4.0, "original_speed": "1968", "wheel_diameter_mm": 711.0003997802734}}, {"type": "Feature", "geometry": {"type": "LineString", "coordinates": [[4.9138538296027905, 52.36891885885233], [4.913786501072636, 52.36894103661863]]}, "properties": {"Speed": 18.3, "road_quality": 2, "marker": 7, "trip_id": "Febru_Trip4", "hrot_diff": 1, "sample_diff": 11, "time_diff_s": 0.22, "gps_distance_m": 5.2, "original_speed": "2252", "wheel_diameter_mm": 711.0003997802734}}, {"type": "Feature", "geometry": {"type": "LineString", "coordinates": [[4.913786501072636, 52.36894103661863], [4.913728113512881, 52.36896020770472]]}, "properties": {"Speed": 16.8, "road_quality": 2, "marker": 7, "trip_id": "Febru_Trip4", "hrot_diff": 1, "sample_diff": 12, "time_diff_s": 0.24, "gps_distance_m": 4.5, "original_speed": "2192", "wheel_diameter_mm": 711.0003997802734}}, {"type": "Feature", "geometry": {"type": "LineString", "coordinates": [[4.913728113512881, 52.36896020770472], [4.9136837875863675, 52.36898946802726]]}, "properties": {"Speed": 18.3, "road_quality": 2, "marker": 7, "trip_id": "Febru_Trip4", "hrot_diff": 1, "sample_diff": 11, "time_diff_s": 0.22, "gps_distance_m": 4.4, "original_speed": "2403", "wheel_diameter_mm": 711.0003997802734}}, {"type": "Feature", "geometry": {"type": "LineString", "coordinates": [[4.9136837875863675, 52.36898946802726], [4.913631242713413, 52.36901360753823]]}, "properties": {"Speed": 18.3, "road_quality": 2, "marker": 7, "trip_id": "Febru_Trip4", "hrot_diff": 1, "sample_diff": 11, "time_diff_s": 0.22, "gps_distance_m": 4.5, "original_speed": "2336", "wheel_diameter_mm": 711.0003997802734}}, {"type": "Feature", "geometry": {"type": "LineString", "coordinates": [[4.913631242713413, 52.36901360753823], [4.9135583674956, 52.36903517531155]]}, "properties": {"Speed": 18.3, "road_quality": 2, "marker": 7, "trip_id": "Febru_Trip4", "hrot_diff": 1, "sample_diff": 11, "time_diff_s": 0.22, "gps_distance_m": 5.5, "original_speed": "2314", "wheel_diameter_mm": 711.0003997802734}}, {"type": "Feature", "geometry": {"type": "LineString", "coordinates": [[4.9135583674956, 52.36903517531155], [4.913497256571561, 52.36905058577387]]}, "properties": {"Speed": 20.1, "road_quality": 2, "marker": 7, "trip_id": "Febru_Trip4", "hrot_diff": 1, "sample_diff": 10, "time_diff_s": 0.2, "gps_distance_m": 4.5, "original_speed": "2403", "wheel_diameter_mm": 711.0003997802734}}, {"type": "Feature", "geometry": {"type": "LineString", "coordinates": [[4.913497256571561, 52.36905058577387], [4.913438591958014, 52.36907613882624]]}, "properties": {"Speed": 15.5, "road_quality": 2, "marker": 7, "trip_id": "Febru_Trip4", "hrot_diff": 1, "sample_diff": 13, "time_diff_s": 0.26, "gps_distance_m": 4.9, "original_speed": "2380", "wheel_diameter_mm": 711.0003997802734}}, {"type": "Feature", "geometry": {"type": "LineString", "coordinates": [[4.913438591958014, 52.36907613882624], [4.913381083594017, 52.36910457076968]]}, "properties": {"Speed": 18.3, "road_quality": 2, "marker": 7, "trip_id": "Febru_Trip4", "hrot_diff": 1, "sample_diff": 11, "time_diff_s": 0.22, "gps_distance_m": 5.0, "original_speed": "2450", "wheel_diameter_mm": 711.0003997802734}}, {"type": "Feature", "geometry": {"type": "LineString", "coordinates": [[4.913381083594017, 52.36910457076968], [4.913305714392666, 52.36912824217098]]}, "properties": {"Speed": 16.9, "road_quality": 2, "marker": 7, "trip_id": "Febru_Trip4", "hrot_diff": 1, "sample_diff": 10, "time_diff_s": 0.238, "gps_distance_m": 5.8, "original_speed": "2403", "wheel_diameter_mm": 711.0003997802734}}, {"type": "Feature", "geometry": {"type": "LineString", "coordinates": [[4.913305714392666, 52.36912824217098], [4.913240519991391, 52.369142482414794]]}, "properties": {"Speed": 16.8, "road_quality": 2, "marker": 7, "trip_id": "Febru_Trip4", "hrot_diff": 1, "sample_diff": 12, "time_diff_s": 0.24, "gps_distance_m": 4.7, "original_speed": "2403", "wheel_diameter_mm": 711.0003997802734}}, {"type": "Feature", "geometry": {"type": "LineString", "coordinates": [[4.913240519991391, 52.369142482414794], [4.913174294943946, 52.369167327832464]]}, "properties": {"Speed": 22.3, "road_quality": 2, "marker": 7, "trip_id": "Febru_Trip4", "hrot_diff": 1, "sample_diff": 9, "time_diff_s": 0.18, "gps_distance_m": 5.3, "original_speed": "2380", "wheel_diameter_mm": 711.0003997802734}}, {"type": "Feature", "geometry": {"type": "LineString", "coordinates": [[4.913174294943946, 52.369167327832464], [4.913111170430291, 52.36920053080102]]}, "properties": {"Speed": 16.8, "road_quality": 2, "marker": 7, "trip_id": "Febru_Trip4", "hrot_diff": 1, "sample_diff": 12, "time_diff_s": 0.24, "gps_distance_m": 5.7, "original_speed": "2427", "wheel_diameter_mm": 711.0003997802734}}, {"type": "Feature", "geometry": {"type": "LineString", "coordinates": [[4.913111170430291, 52.36920053080102], [4.9130484899973945, 52.36922587753245]]}, "properties": {"Speed": 16.8, "road_quality": 3, "marker": 7, "trip_id": "Febru_Trip4", "hrot_diff": 1, "sample_diff": 12, "time_diff_s": 0.24, "gps_distance_m": 5.1, "original_speed": "2427", "wheel_diameter_mm": 711.0003997802734}}, {"type": "Feature", "geometry": {"type": "LineString", "coordinates": [[4.9130484899973945, 52.36922587753245], [4.912974128158464, 52.369245997221824]]}, "properties": {"Speed": 22.3, "road_quality": 2, "marker": 7, "trip_id": "Febru_Trip4", "hrot_diff": 1, "sample_diff": 9, "time_diff_s": 0.18, "gps_distance_m": 5.5, "original_speed": "2450", "wheel_diameter_mm": 711.0003997802734}}, {"type": "Feature", "geometry": {"type": "LineString", "coordinates": [[4.912974128158464, 52.369245997221824], [4.912904750980894, 52.36926495774166]]}, "properties": {"Speed": 16.8, "road_quality": 2, "marker": 7, "trip_id": "Febru_Trip4", "hrot_diff": 1, "sample_diff": 12, "time_diff_s": 0.24, "gps_distance_m": 5.2, "original_speed": "2475", "wheel_diameter_mm": 711.0003997802734}}, {"type": "Feature", "geometry": {"type": "LineString", "coordinates": [[4.912904750980894, 52.36926495774166], [4.912838596937803, 52.369290300092246]]}, "properties": {"Speed": 17.3, "road_quality": 2, "marker": 7, "trip_id": "Febru_Trip4", "hrot_diff": 1, "sample_diff": 10, "time_diff_s": 0.233, "gps_distance_m": 5.3, "original_speed": "2450", "wheel_diameter_mm": 711.0003997802734}}, {"type": "Feature", "geometry": {"type": "LineString", "coordinates": [[4.912838596937803, 52.369290300092246], [4.912769216805251, 52.36931424960616]]}, "properties": {"Speed": 16.8, "road_quality": 2, "marker": 7, "trip_id": "Febru_Trip4", "hrot_diff": 1, "sample_diff": 12, "time_diff_s": 0.24, "gps_distance_m": 5.4, "original_speed": "2500", "wheel_diameter_mm": 711.0003997802734}}, {"type": "Feature", "geometry": {"type": "LineString", "coordinates": [[4.912769216805251, 52.36931424960616], [4.9127116529216135, 52.36933146218255]]}, "properties": {"Speed": 20.1, "road_quality": 2, "marker": 7, "trip_id": "Febru_Trip4", "hrot_diff": 1, "sample_diff": 10, "time_diff_s": 0.2, "gps_distance_m": 4.4, "original_speed": "2358", "wheel_diameter_mm": 711.0003997802734}}, {"type": "Feature", "geometry": {"type": "LineString", "coordinates": [[4.9127116529216135, 52.36933146218255], [4.912648858243695, 52.3693565686354]]}, "properties": {"Speed": 18.3, "road_quality": 2, "marker": 7, "trip_id": "Febru_Trip4", "hrot_diff": 1, "sample_diff": 11, "time_diff_s": 0.22, "gps_distance_m": 5.1, "original_speed": "2358", "wheel_diameter_mm": 711.0003997802734}}, {"type": "Feature", "geometry": {"type": "LineString", "coordinates": [[4.912648858243695, 52.3693565686354], [4.912601180262794, 52.36938186651969]]}, "properties": {"Speed": 16.8, "road_quality": 2, "marker": 7, "trip_id": "Febru_Trip4", "hrot_diff": 1, "sample_diff": 12, "time_diff_s": 0.24, "gps_distance_m": 4.3, "original_speed": "2336", "wheel_diameter_mm": 711.0003997802734}}, {"type": "Feature", "geometry": {"type": "LineString", "coordinates": [[4.912601180262794, 52.36938186651969], [4.912535370457331, 52.369404272077354]]}, "properties": {"Speed": 20.1, "road_quality": 2, "marker": 7, "trip_id": "Febru_Trip4", "hrot_diff": 1, "sample_diff": 10, "time_diff_s": 0.2, "gps_distance_m": 5.1, "original_speed": "2232", "wheel_diameter_mm": 711.0003997802734}}, {"type": "Feature", "geometry": {"type": "LineString", "coordinates": [[4.912535370457331, 52.369404272077354], [4.912471464526452, 52.36942134455127]]}, "properties": {"Speed": 16.8, "road_quality": 2, "marker": 7, "trip_id": "Febru_Trip4", "hrot_diff": 1, "sample_diff": 12, "time_diff_s": 0.24, "gps_distance_m": 4.7, "original_speed": "2252", "wheel_diameter_mm": 711.0003997802734}}, {"type": "Feature", "geometry": {"type": "LineString", "coordinates": [[4.912471464526452, 52.36942134455127], [4.912413205725521, 52.369444277836244]]}, "properties": {"Speed": 14.4, "road_quality": 2, "marker": 7, "trip_id": "Febru_Trip4", "hrot_diff": 1, "sample_diff": 14, "time_diff_s": 0.28, "gps_distance_m": 4.7, "original_speed": "2155", "wheel_diameter_mm": 711.0003997802734}}, {"type": "Feature", "geometry": {"type": "LineString", "coordinates": [[4.912413205725521, 52.369444277836244], [4.912361319853247, 52.369465301173356]]}, "properties": {"Speed": 16.8, "road_quality": 2, "marker": 7, "trip_id": "Febru_Trip4", "hrot_diff": 1, "sample_diff": 12, "time_diff_s": 0.24, "gps_distance_m": 4.2, "original_speed": "2066", "wheel_diameter_mm": 711.0003997802734}}, {"type": "Feature", "geometry": {"type": "LineString", "coordinates": [[4.912361319853247, 52.369465301173356], [4.912318195457057, 52.36949000894862]]}, "properties": {"Speed": 16.8, "road_quality": 2, "marker": 7, "trip_id": "Febru_Trip4", "hrot_diff": 1, "sample_diff": 12, "time_diff_s": 0.24, "gps_distance_m": 4.0, "original_speed": "2083", "wheel_diameter_mm": 711.0003997802734}}, {"type": "Feature", "geometry": {"type": "LineString", "coordinates": [[4.912318195457057, 52.36949000894862], [4.912306790460884, 52.36952536993934]]}, "properties": {"Speed": 12.6, "road_quality": 2, "marker": 7, "trip_id": "Febru_Trip4", "hrot_diff": 1, "sample_diff": 16, "time_diff_s": 0.32, "gps_distance_m": 4.0, "original_speed": "2083", "wheel_diameter_mm": 711.0003997802734}}, {"type": "Feature", "geometry": {"type": "LineString", "coordinates": [[4.912306790460884, 52.36952536993934], [4.912332257286012, 52.369548696843275]]}, "properties": {"Speed": 12.6, "road_quality": 2, "marker": 7, "trip_id": "Febru_Trip4", "hrot_diff": 1, "sample_diff": 16, "time_diff_s": 0.32, "gps_distance_m": 3.1, "original_speed": "1694", "wheel_diameter_mm": 711.0003997802734}}, {"type": "Feature", "geometry": {"type": "LineString", "coordinates": [[4.912332257286012, 52.369548696843275], [4.912360177051677, 52.369561755531805]]}, "properties": {"Speed": 19.1, "road_quality": 2, "marker": 7, "trip_id": "Febru_Trip4", "hrot_diff": 1, "sample_diff": 10, "time_diff_s": 0.21, "gps_distance_m": 2.4, "original_speed": "1724", "wheel_diameter_mm": 711.0003997802734}}, {"type": "Feature", "geometry": {"type": "LineString", "coordinates": [[4.912360177051677, 52.369561755531805], [4.912387744798029, 52.36958762934935]]}, "properties": {"Speed": 33.5, "road_quality": 2, "marker": 7, "trip_id": "Febru_Trip4", "hrot_diff": 1, "sample_diff": 6, "time_diff_s": 0.12, "gps_distance_m": 3.4, "original_speed": "1923", "wheel_diameter_mm": 711.0003997802734}}, {"type": "Feature", "geometry": {"type": "LineString", "coordinates": [[4.912387744798029, 52.36958762934935], [4.9124208162092105, 52.36961124212858]]}, "properties": {"Speed": 20.1, "road_quality": 2, "marker": 7, "trip_id": "Febru_Trip4", "hrot_diff": 1, "sample_diff": 10, "time_diff_s": 0.2, "gps_distance_m": 3.5, "original_speed": "2136", "wheel_diameter_mm": 711.0003997802734}}, {"type": "Feature", "geometry": {"type": "LineString", "coordinates": [[4.9124208162092105, 52.36961124212858], [4.912461873617449, 52.369652639555774]]}, "properties": {"Speed": 18.3, "road_quality": 2, "marker": 7, "trip_id": "Febru_Trip4", "hrot_diff": 1, "sample_diff": 11, "time_diff_s": 0.22, "gps_distance_m": 5.4, "original_speed": "2293", "wheel_diameter_mm": 711.0003997802734}}, {"type": "Feature", "geometry": {"type": "LineString", "coordinates": [[4.912461873617449, 52.369652639555774], [4.912502685975573, 52.36968990669351]]}, "properties": {"Speed": 20.1, "road_quality": 2, "marker": 7, "trip_id": "Febru_Trip4", "hrot_diff": 1, "sample_diff": 10, "time_diff_s": 0.2, "gps_distance_m": 5.0, "original_speed": "2403", "wheel_diameter_mm": 711.0003997802734}}, {"type": "Feature", "geometry": {"type": "LineString", "coordinates": [[4.912502685975573, 52.36968990669351], [4.912537439639497, 52.36973509641557]]}, "properties": {"Speed": 20.1, "road_quality": 2, "marker": 7, "trip_id": "Febru_Trip4", "hrot_diff": 1, "sample_diff": 10, "time_diff_s": 0.2, "gps_distance_m": 5.6, "original_speed": "2403", "wheel_diameter_mm": 711.0003997802734}}, {"type": "Feature", "geometry": {"type": "LineString", "coordinates": [[4.912537439639497, 52.36973509641557], [4.912557326400626, 52.36977517971592]]}, "properties": {"Speed": 18.3, "road_quality": 2, "marker": 7, "trip_id": "Febru_Trip4", "hrot_diff": 1, "sample_diff": 11, "time_diff_s": 0.22, "gps_distance_m": 4.7, "original_speed": "2380", "wheel_diameter_mm": 711.0003997802734}}, {"type": "Feature", "geometry": {"type": "LineString", "coordinates": [[4.912557326400626, 52.36977517971592], [4.912546872691355, 52.369829628750026]]}, "properties": {"Speed": 18.3, "road_quality": 2, "marker": 7, "trip_id": "Febru_Trip4", "hrot_diff": 1, "sample_diff": 11, "time_diff_s": 0.22, "gps_distance_m": 6.1, "original_speed": "2358", "wheel_diameter_mm": 711.0003997802734}}, {"type": "Feature", "geometry": {"type": "LineString", "coordinates": [[4.912546872691355, 52.369829628750026], [4.912495151920273, 52.36987954029836]]}, "properties": {"Speed": 18.3, "road_quality": 2, "marker": 7, "trip_id": "Febru_Trip4", "hrot_diff": 1, "sample_diff": 11, "time_diff_s": 0.22, "gps_distance_m": 6.6, "original_speed": "2358", "wheel_diameter_mm": 711.0003997802734}}, {"type": "Feature", "geometry": {"type": "LineString", "coordinates": [[4.912495151920273, 52.36987954029836], [4.912436394591866, 52.369909400245746]]}, "properties": {"Speed": 18.3, "road_quality": 2, "marker": 7, "trip_id": "Febru_Trip4", "hrot_diff": 1, "sample_diff": 11, "time_diff_s": 0.22, "gps_distance_m": 5.2, "original_speed": "2272", "wheel_diameter_mm": 711.0003997802734}}, {"type": "Feature", "geometry": {"type": "LineString", "coordinates": [[4.912436394591866, 52.369909400245746], [4.912385979359345, 52.369938897837955]]}, "properties": {"Speed": 18.3, "road_quality": 2, "marker": 7, "trip_id": "Febru_Trip4", "hrot_diff": 1, "sample_diff": 11, "time_diff_s": 0.22, "gps_distance_m": 4.7, "original_speed": "2314", "wheel_diameter_mm": 711.0003997802734}}, {"type": "Feature", "geometry": {"type": "LineString", "coordinates": [[4.912385979359345, 52.369938897837955], [4.912341845831404, 52.36997296342491]]}, "properties": {"Speed": 20.1, "road_quality": 2, "marker": 7, "trip_id": "Febru_Trip4", "hrot_diff": 1, "sample_diff": 10, "time_diff_s": 0.2, "gps_distance_m": 4.8, "original_speed": "2232", "wheel_diameter_mm": 711.0003997802734}}, {"type": "Feature", "geometry": {"type": "LineString", "coordinates": [[4.912341845831404, 52.36997296342491], [4.912294234917778, 52.37000460386463]]}, "properties": {"Speed": 18.3, "road_quality": 2, "marker": 7, "trip_id": "Febru_Trip4", "hrot_diff": 1, "sample_diff": 11, "time_diff_s": 0.22, "gps_distance_m": 4.8, "original_speed": "2232", "wheel_diameter_mm": 711.0003997802734}}, {"type": "Feature", "geometry": {"type": "LineString", "coordinates": [[4.912294234917778, 52.37000460386463], [4.912230780704634, 52.370026688272475]]}, "properties": {"Speed": 15.5, "road_quality": 2, "marker": 7, "trip_id": "Febru_Trip4", "hrot_diff": 1, "sample_diff": 13, "time_diff_s": 0.26, "gps_distance_m": 5.0, "original_speed": "2252", "wheel_diameter_mm": 711.0003997802734}}, {"type": "Feature", "geometry": {"type": "LineString", "coordinates": [[4.912230780704634, 52.370026688272475], [4.912178737300007, 52.37005356974473]]}, "properties": {"Speed": 18.3, "road_quality": 2, "marker": 7, "trip_id": "Febru_Trip4", "hrot_diff": 1, "sample_diff": 11, "time_diff_s": 0.22, "gps_distance_m": 4.6, "original_speed": "2173", "wheel_diameter_mm": 711.0003997802734}}, {"type": "Feature", "geometry": {"type": "LineString", "coordinates": [[4.912178737300007, 52.37005356974473], [4.912121975430319, 52.3700653180658]]}, "properties": {"Speed": 18.3, "road_quality": 2, "marker": 7, "trip_id": "Febru_Trip4", "hrot_diff": 1, "sample_diff": 11, "time_diff_s": 0.22, "gps_distance_m": 4.1, "original_speed": "2272", "wheel_diameter_mm": 711.0003997802734}}, {"type": "Feature", "geometry": {"type": "LineString", "coordinates": [[4.912121975430319, 52.3700653180658], [4.912069979607011, 52.37009547668193]]}, "properties": {"Speed": 18.3, "road_quality": 2, "marker": 7, "trip_id": "Febru_Trip4", "hrot_diff": 1, "sample_diff": 11, "time_diff_s": 0.22, "gps_distance_m": 4.9, "original_speed": "2212", "wheel_diameter_mm": 711.0003997802734}}, {"type": "Feature", "geometry": {"type": "LineString", "coordinates": [[4.912069979607011, 52.37009547668193], [4.912017672578832, 52.37011944011379]]}, "properties": {"Speed": 16.8, "road_quality": 2, "marker": 7, "trip_id": "Febru_Trip4", "hrot_diff": 1, "sample_diff": 12, "time_diff_s": 0.24, "gps_distance_m": 4.4, "original_speed": "2136", "wheel_diameter_mm": 711.0003997802734}}, {"type": "Feature", "geometry": {"type": "LineString", "coordinates": [[4.912017672578832, 52.37011944011379], [4.911968854994738, 52.370148824048975]]}, "properties": {"Speed": 15.5, "road_quality": 2, "marker": 7, "trip_id": "Febru_Trip4", "hrot_diff": 1, "sample_diff": 13, "time_diff_s": 0.26, "gps_distance_m": 4.7, "original_speed": "2049", "wheel_diameter_mm": 711.0003997802734}}, {"type": "Feature", "geometry": {"type": "LineString", "coordinates": [[4.911968854994738, 52.370148824048975], [4.9119573297752535, 52.370180717523134]]}, "properties": {"Speed": 14.4, "road_quality": 2, "marker": 7, "trip_id": "Febru_Trip4", "hrot_diff": 1, "sample_diff": 14, "time_diff_s": 0.28, "gps_distance_m": 3.6, "original_speed": "1980", "wheel_diameter_mm": 711.0003997802734}}, {"type": "Feature", "geometry": {"type": "LineString", "coordinates": [[4.9119573297752535, 52.370180717523134], [4.911998054986319, 52.370213154324105]]}, "properties": {"Speed": 14.4, "road_quality": 2, "marker": 7, "trip_id": "Febru_Trip4", "hrot_diff": 1, "sample_diff": 14, "time_diff_s": 0.28, "gps_distance_m": 4.5, "original_speed": "1869", "wheel_diameter_mm": 711.0003997802734}}, {"type": "Feature", "geometry": {"type": "LineString", "coordinates": [[4.911998054986319, 52.370213154324105], [4.912052835944596, 52.37023247725197]]}, "properties": {"Speed": 12.6, "road_quality": 2, "marker": 7, "trip_id": "Febru_Trip4", "hrot_diff": 1, "sample_diff": 16, "time_diff_s": 0.32, "gps_distance_m": 4.3, "original_speed": "1754", "wheel_diameter_mm": 711.0003997802734}}, {"type": "Feature", "geometry": {"type": "LineString", "coordinates": [[4.912052835944596, 52.37023247725197], [4.912099074110228, 52.370257166358265]]}, "properties": {"Speed": 14.4, "road_quality": 2, "marker": 7, "trip_id": "Febru_Trip4", "hrot_diff": 1, "sample_diff": 14, "time_diff_s": 0.28, "gps_distance_m": 4.2, "original_speed": "1980", "wheel_diameter_mm": 711.0003997802734}}, {"type": "Feature", "geometry": {"type": "LineString", "coordinates": [[4.912099074110228, 52.370257166358265], [4.912143268098265, 52.37028232297495]]}, "properties": {"Speed": 18.3, "road_quality": 2, "marker": 7, "trip_id": "Febru_Trip4", "hrot_diff": 1, "sample_diff": 11, "time_diff_s": 0.22, "gps_distance_m": 4.1, "original_speed": "2049", "wheel_diameter_mm": 711.0003997802734}}, {"type": "Feature", "geometry": {"type": "LineString", "coordinates": [[4.912143268098265, 52.37028232297495], [4.9121932037426665, 52.37031122183431]]}, "properties": {"Speed": 18.3, "road_quality": 2, "marker": 7, "trip_id": "Febru_Trip4", "hrot_diff": 1, "sample_diff": 11, "time_diff_s": 0.22, "gps_distance_m": 4.7, "original_speed": "2192", "wheel_diameter_mm": 711.0003997802734}}, {"type": "Feature", "geometry": {"type": "LineString", "coordinates": [[4.9121932037426665, 52.37031122183431], [4.912246080811834, 52.37034226683428]]}, "properties": {"Speed": 16.8, "road_quality": 2, "marker": 7, "trip_id": "Febru_Trip4", "hrot_diff": 1, "sample_diff": 12, "time_diff_s": 0.24, "gps_distance_m": 5.0, "original_speed": "2314", "wheel_diameter_mm": 711.0003997802734}}, {"type": "Feature", "geometry": {"type": "LineString", "coordinates": [[4.912246080811834, 52.37034226683428], [4.912301873928356, 52.37037606244627]]}, "properties": {"Speed": 16.8, "road_quality": 2, "marker": 7, "trip_id": "Febru_Trip4", "hrot_diff": 1, "sample_diff": 12, "time_diff_s": 0.24, "gps_distance_m": 5.3, "original_speed": "2542", "wheel_diameter_mm": 711.0003997802734}}, {"type": "Feature", "geometry": {"type": "LineString", "coordinates": [[4.912301873928356, 52.37037606244627], [4.91235766805694, 52.37041554580052]]}, "properties": {"Speed": 21.5, "road_quality": 2, "marker": 7, "trip_id": "Febru_Trip4", "hrot_diff": 3, "sample_diff": 28, "time_diff_s": 0.56, "gps_distance_m": 5.8, "original_speed": "2727", "wheel_diameter_mm": 711.0003997802734}}, {"type": "Feature", "geometry": {"type": "LineString", "coordinates": [[4.91235766805694, 52.37041554580052], [4.912423498441906, 52.370460722835276]]}, "properties": {"Speed": 7.2, "road_quality": 2, "marker": 6, "trip_id": "Febru_Trip4", "hrot_diff": 1, "sample_diff": 28, "time_diff_s": 0.56, "gps_distance_m": 6.7, "original_speed": "-1", "wheel_diameter_mm": 711.0003997802734}}, {"type": "Feature", "geometry": {"type": "LineString", "coordinates": [[4.912423498441906, 52.370460722835276], [4.9124855337557145, 52.37049927496089]]}, "properties": {"Speed": 13.7, "road_quality": 2, "marker": 6, "trip_id": "Febru_Trip4", "hrot_diff": 3, "sample_diff": 44, "time_diff_s": 0.88, "gps_distance_m": 6.0, "original_speed": "-1", "wheel_diameter_mm": 711.0003997802734}}, {"type": "Feature", "geometry": {"type": "LineString", "coordinates": [[4.9124855337557145, 52.37049927496089], [4.912547355853475, 52.370540793546134]]}, "properties": {"Speed": 4.7, "road_quality": 2, "marker": 6, "trip_id": "Febru_Trip4", "hrot_diff": 1, "sample_diff": 43, "time_diff_s": 0.86, "gps_distance_m": 6.2, "original_speed": "-1", "wheel_diameter_mm": 711.0003997802734}}, {"type": "Feature", "geometry": {"type": "LineString", "coordinates": [[4.912547355853475, 52.370540793546134], [4.91492143576597, 52.37097375560885]]}, "properties": {"Speed": 0.1, "road_quality": 2, "marker": 6, "trip_id": "Febru_Trip4", "hrot_diff": 1, "sample_diff": 1630, "time_diff_s": 32.6, "gps_distance_m": 168.2, "original_speed": "-1", "wheel_diameter_mm": 711.0003997802734}}, {"type": "Feature", "geometry": {"type": "LineString", "coordinates": [[4.91492143576597, 52.37097375560885], [4.9149604512210106, 52.37098742552163]]}, "properties": {"Speed": 9.6, "road_quality": 2, "marker": 7, "trip_id": "Febru_Trip4", "hrot_diff": 1, "sample_diff": 21, "time_diff_s": 0.42, "gps_distance_m": 3.1, "original_speed": "87", "wheel_diameter_mm": 711.0003997802734}}, {"type": "Feature", "geometry": {"type": "LineString", "coordinates": [[4.9149604512210106, 52.37098742552163], [4.914997818301398, 52.370995277939045]]}, "properties": {"Speed": 10.6, "road_quality": 2, "marker": 7, "trip_id": "Febru_Trip4", "hrot_diff": 1, "sample_diff": 19, "time_diff_s": 0.38, "gps_distance_m": 2.7, "original_speed": "1401", "wheel_diameter_mm": 711.0003997802734}}, {"type": "Feature", "geometry": {"type": "LineString", "coordinates": [[4.914997818301398, 52.370995277939045], [4.915031455745294, 52.37099820461206]]}, "properties": {"Speed": 9.6, "road_quality": 2, "marker": 7, "trip_id": "Febru_Trip4", "hrot_diff": 1, "sample_diff": 21, "time_diff_s": 0.42, "gps_distance_m": 2.3, "original_speed": "1271", "wheel_diameter_mm": 711.0003997802734}}, {"type": "Feature", "geometry": {"type": "LineString", "coordinates": [[4.915031455745294, 52.37099820461206], [4.915059871556619, 52.37099809581217]]}, "properties": {"Speed": 7.7, "road_quality": 2, "marker": 7, "trip_id": "Febru_Trip4", "hrot_diff": 1, "sample_diff": 26, "time_diff_s": 0.52, "gps_distance_m": 1.9, "original_speed": "1119", "wheel_diameter_mm": 711.0003997802734}}, {"type": "Feature", "geometry": {"type": "LineString", "coordinates": [[4.915059871556619, 52.37099809581217], [4.915082398687236, 52.37099820411338]]}, "properties": {"Speed": 6.3, "road_quality": 2, "marker": 7, "trip_id": "Febru_Trip4", "hrot_diff": 1, "sample_diff": 32, "time_diff_s": 0.64, "gps_distance_m": 1.5, "original_speed": "909", "wheel_diameter_mm": 711.0003997802734}}, {"type": "Feature", "geometry": {"type": "LineString", "coordinates": [[4.915082398687236, 52.37099820411338], [4.915100147823627, 52.37099934650484]]}, "properties": {"Speed": 4.6, "road_quality": 2, "marker": 7, "trip_id": "Febru_Trip4", "hrot_diff": 1, "sample_diff": 44, "time_diff_s": 0.88, "gps_distance_m": 1.2, "original_speed": "833", "wheel_diameter_mm": 711.0003997802734}}, {"type": "Feature", "geometry": {"type": "LineString", "coordinates": [[4.915100147823627, 52.37099934650484], [4.915118488227111, 52.370998526403426]]}, "properties": {"Speed": 1.0, "road_quality": 2, "marker": 7, "trip_id": "Febru_Trip4", "hrot_diff": 1, "sample_diff": 199, "time_diff_s": 3.98, "gps_distance_m": 1.2, "original_speed": "500", "wheel_diameter_mm": 711.0003997802734}}, {"type": "Feature", "geometry": {"type": "LineString", "coordinates": [[4.915118488227111, 52.370998526403426], [4.915138987328152, 52.371008348604384]]}, "properties": {"Speed": 6.9, "road_quality": 2, "marker": 7, "trip_id": "Febru_Trip4", "hrot_diff": 1, "sample_diff": 29, "time_diff_s": 0.58, "gps_distance_m": 1.8, "original_speed": "216", "wheel_diameter_mm": 711.0003997802734}}, {"type": "Feature", "geometry": {"type": "LineString", "coordinates": [[4.915138987328152, 52.371008348604384], [4.915161624863589, 52.371018650515175]]}, "properties": {"Speed": 7.7, "road_quality": 2, "marker": 7, "trip_id": "Febru_Trip4", "hrot_diff": 1, "sample_diff": 26, "time_diff_s": 0.52, "gps_distance_m": 1.9, "original_speed": "342", "wheel_diameter_mm": 711.0003997802734}}, {"type": "Feature", "geometry": {"type": "LineString", "coordinates": [[4.915161624863589, 52.371018650515175], [4.915193797938816, 52.371033987859306]]}, "properties": {"Speed": 10.6, "road_quality": 2, "marker": 7, "trip_id": "Febru_Trip4", "hrot_diff": 1, "sample_diff": 19, "time_diff_s": 0.38, "gps_distance_m": 2.8, "original_speed": "1271", "wheel_diameter_mm": 711.0003997802734}}, {"type": "Feature", "geometry": {"type": "LineString", "coordinates": [[4.915193797938816, 52.371033987859306], [4.915236159865916, 52.37105457259443]]}, "properties": {"Speed": 12.6, "road_quality": 2, "marker": 7, "trip_id": "Febru_Trip4", "hrot_diff": 1, "sample_diff": 16, "time_diff_s": 0.32, "gps_distance_m": 3.7, "original_speed": "1470", "wheel_diameter_mm": 711.0003997802734}}, {"type": "Feature", "geometry": {"type": "LineString", "coordinates": [[4.915236159865916, 52.37105457259443], [4.915276212878584, 52.371077402768165]]}, "properties": {"Speed": 13.4, "road_quality": 2, "marker": 7, "trip_id": "Febru_Trip4", "hrot_diff": 1, "sample_diff": 15, "time_diff_s": 0.3, "gps_distance_m": 3.7, "original_speed": "1600", "wheel_diameter_mm": 711.0003997802734}}, {"type": "Feature", "geometry": {"type": "LineString", "coordinates": [[4.915276212878584, 52.371077402768165], [4.915311878032586, 52.37109834469346]]}, "properties": {"Speed": 15.5, "road_quality": 2, "marker": 7, "trip_id": "Febru_Trip4", "hrot_diff": 1, "sample_diff": 13, "time_diff_s": 0.26, "gps_distance_m": 3.4, "original_speed": "1709", "wheel_diameter_mm": 711.0003997802734}}, {"type": "Feature", "geometry": {"type": "LineString", "coordinates": [[4.915311878032586, 52.37109834469346], [4.9153575791992825, 52.37111822816768]]}, "properties": {"Speed": 14.4, "road_quality": 2, "marker": 7, "trip_id": "Febru_Trip4", "hrot_diff": 1, "sample_diff": 14, "time_diff_s": 0.28, "gps_distance_m": 3.8, "original_speed": "1785", "wheel_diameter_mm": 711.0003997802734}}, {"type": "Feature", "geometry": {"type": "LineString", "coordinates": [[4.9153575791992825, 52.37111822816768], [4.915405676181722, 52.37113355705785]]}, "properties": {"Speed": 15.5, "road_quality": 2, "marker": 7, "trip_id": "Febru_Trip4", "hrot_diff": 1, "sample_diff": 13, "time_diff_s": 0.26, "gps_distance_m": 3.7, "original_speed": "1801", "wheel_diameter_mm": 711.0003997802734}}, {"type": "Feature", "geometry": {"type": "LineString", "coordinates": [[4.915405676181722, 52.37113355705785], [4.915462504792794, 52.371151963472286]]}, "properties": {"Speed": 14.4, "road_quality": 2, "marker": 7, "trip_id": "Febru_Trip4", "hrot_diff": 1, "sample_diff": 14, "time_diff_s": 0.28, "gps_distance_m": 4.4, "original_speed": "1984", "wheel_diameter_mm": 711.0003997802734}}, {"type": "Feature", "geometry": {"type": "LineString", "coordinates": [[4.915462504792794, 52.371151963472286], [4.915523084072453, 52.371179754614055]]}, "properties": {"Speed": 18.3, "road_quality": 2, "marker": 7, "trip_id": "Febru_Trip4", "hrot_diff": 1, "sample_diff": 11, "time_diff_s": 0.22, "gps_distance_m": 5.1, "original_speed": "2293", "wheel_diameter_mm": 711.0003997802734}}, {"type": "Feature", "geometry": {"type": "LineString", "coordinates": [[4.915523084072453, 52.371179754614055], [4.915582883297727, 52.37120900515135]]}, "properties": {"Speed": 20.1, "road_quality": 2, "marker": 7, "trip_id": "Febru_Trip4", "hrot_diff": 1, "sample_diff": 10, "time_diff_s": 0.2, "gps_distance_m": 5.2, "original_speed": "2450", "wheel_diameter_mm": 711.0003997802734}}, {"type": "Feature", "geometry": {"type": "LineString", "coordinates": [[4.915582883297727, 52.37120900515135], [4.915653719441349, 52.37123715231926]]}, "properties": {"Speed": 16.8, "road_quality": 2, "marker": 7, "trip_id": "Febru_Trip4", "hrot_diff": 1, "sample_diff": 12, "time_diff_s": 0.24, "gps_distance_m": 5.7, "original_speed": "2654", "wheel_diameter_mm": 711.0003997802734}}, {"type": "Feature", "geometry": {"type": "LineString", "coordinates": [[4.915653719441349, 52.37123715231926], [4.915732005564763, 52.371256366587225]]}, "properties": {"Speed": 33.5, "road_quality": 2, "marker": 7, "trip_id": "Febru_Trip4", "hrot_diff": 1, "sample_diff": 6, "time_diff_s": 0.12, "gps_distance_m": 5.7, "original_speed": "2727", "wheel_diameter_mm": 711.0003997802734}}, {"type": "Feature", "geometry": {"type": "LineString", "coordinates": [[4.915732005564763, 52.371256366587225], [4.915809900575749, 52.37128106247734]]}, "properties": {"Speed": 18.3, "road_quality": 2, "marker": 7, "trip_id": "Febru_Trip4", "hrot_diff": 1, "sample_diff": 11, "time_diff_s": 0.22, "gps_distance_m": 6.0, "original_speed": "2803", "wheel_diameter_mm": 711.0003997802734}}, {"type": "Feature", "geometry": {"type": "LineString", "coordinates": [[4.915809900575749, 52.37128106247734], [4.9158846419019, 52.37130964781203]]}, "properties": {"Speed": 18.3, "road_quality": 2, "marker": 7, "trip_id": "Febru_Trip4", "hrot_diff": 1, "sample_diff": 11, "time_diff_s": 0.22, "gps_distance_m": 6.0, "original_speed": "2912", "wheel_diameter_mm": 711.0003997802734}}, {"type": "Feature", "geometry": {"type": "LineString", "coordinates": [[4.9158846419019, 52.37130964781203], [4.9159627917463276, 52.371335938382636]]}, "properties": {"Speed": 16.8, "road_quality": 2, "marker": 7, "trip_id": "Febru_Trip4", "hrot_diff": 1, "sample_diff": 12, "time_diff_s": 0.24, "gps_distance_m": 6.1, "original_speed": "2912", "wheel_diameter_mm": 711.0003997802734}}, {"type": "Feature", "geometry": {"type": "LineString", "coordinates": [[4.9159627917463276, 52.371335938382636], [4.918109091127036, 52.37223996900931]]}, "properties": {"Speed": 0.1, "road_quality": 3, "marker": 7, "trip_id": "Febru_Trip4", "hrot_diff": 1, "sample_diff": 1517, "time_diff_s": 30.34, "gps_distance_m": 177.0, "original_speed": "2884", "wheel_diameter_mm": 711.0003997802734}}, {"type": "Feature", "geometry": {"type": "LineString", "coordinates": [[4.918109091127036, 52.37223996900931], [4.9181552060567695, 52.37226066595323]]}, "properties": {"Speed": 9.6, "road_quality": 2, "marker": 7, "trip_id": "Febru_Trip4", "hrot_diff": 1, "sample_diff": 21, "time_diff_s": 0.42, "gps_distance_m": 3.9, "original_speed": "32", "wheel_diameter_mm": 711.0003997802734}}, {"type": "Feature", "geometry": {"type": "LineString", "coordinates": [[4.9181552060567695, 52.37226066595323], [4.9182018519100055, 52.37228239930469]]}, "properties": {"Speed": 18.3, "road_quality": 2, "marker": 7, "trip_id": "Febru_Trip4", "hrot_diff": 1, "sample_diff": 11, "time_diff_s": 0.22, "gps_distance_m": 4.0, "original_speed": "124", "wheel_diameter_mm": 711.0003997802734}}, {"type": "Feature", "geometry": {"type": "LineString", "coordinates": [[4.9182018519100055, 52.37228239930469], [4.918242306816922, 52.37230997212996]]}, "properties": {"Speed": 15.5, "road_quality": 2, "marker": 7, "trip_id": "Febru_Trip4", "hrot_diff": 1, "sample_diff": 13, "time_diff_s": 0.26, "gps_distance_m": 4.1, "original_speed": "1801", "wheel_diameter_mm": 711.0003997802734}}, {"type": "Feature", "geometry": {"type": "LineString", "coordinates": [[4.918242306816922, 52.37230997212996], [4.91827805360183, 52.37233450079949]]}, "properties": {"Speed": 14.4, "road_quality": 2, "marker": 7, "trip_id": "Febru_Trip4", "hrot_diff": 1, "sample_diff": 14, "time_diff_s": 0.28, "gps_distance_m": 3.7, "original_speed": "1680", "wheel_diameter_mm": 711.0003997802734}}, {"type": "Feature", "geometry": {"type": "LineString", "coordinates": [[4.91827805360183, 52.37233450079949], [4.918297317838143, 52.372360416575646]]}, "properties": {"Speed": 13.4, "road_quality": 2, "marker": 7, "trip_id": "Febru_Trip4", "hrot_diff": 1, "sample_diff": 15, "time_diff_s": 0.3, "gps_distance_m": 3.2, "original_speed": "1612", "wheel_diameter_mm": 711.0003997802734}}, {"type": "Feature", "geometry": {"type": "LineString", "coordinates": [[4.918297317838143, 52.372360416575646], [4.918321875490644, 52.37238094563239]]}, "properties": {"Speed": 11.8, "road_quality": 2, "marker": 7, "trip_id": "Febru_Trip4", "hrot_diff": 1, "sample_diff": 17, "time_diff_s": 0.34, "gps_distance_m": 2.8, "original_speed": "1574", "wheel_diameter_mm": 711.0003997802734}}, {"type": "Feature", "geometry": {"type": "LineString", "coordinates": [[4.918321875490644, 52.37238094563239], [4.9183555606562965, 52.37240932274345]]}, "properties": {"Speed": 11.2, "road_quality": 2, "marker": 7, "trip_id": "Febru_Trip4", "hrot_diff": 1, "sample_diff": 18, "time_diff_s": 0.36, "gps_distance_m": 3.9, "original_speed": "1456", "wheel_diameter_mm": 711.0003997802734}}, {"type": "Feature", "geometry": {"type": "LineString", "coordinates": [[4.9183555606562965, 52.37240932274345], [4.918336798108409, 52.37243454440523]]}, "properties": {"Speed": 11.2, "road_quality": 2, "marker": 7, "trip_id": "Febru_Trip4", "hrot_diff": 1, "sample_diff": 18, "time_diff_s": 0.36, "gps_distance_m": 3.1, "original_speed": "1428", "wheel_diameter_mm": 711.0003997802734}}, {"type": "Feature", "geometry": {"type": "LineString", "coordinates": [[4.918336798108409, 52.37243454440523], [4.91830329526961, 52.372463495160595]]}, "properties": {"Speed": 12.6, "road_quality": 2, "marker": 7, "trip_id": "Febru_Trip4", "hrot_diff": 1, "sample_diff": 16, "time_diff_s": 0.32, "gps_distance_m": 3.9, "original_speed": "1415", "wheel_diameter_mm": 711.0003997802734}}, {"type": "Feature", "geometry": {"type": "LineString", "coordinates": [[4.91830329526961, 52.372463495160595], [4.918254971845428, 52.37248386236175]]}, "properties": {"Speed": 13.4, "road_quality": 2, "marker": 7, "trip_id": "Febru_Trip4", "hrot_diff": 1, "sample_diff": 15, "time_diff_s": 0.3, "gps_distance_m": 4.0, "original_speed": "1515", "wheel_diameter_mm": 711.0003997802734}}, {"type": "Feature", "geometry": {"type": "LineString", "coordinates": [[4.918254971845428, 52.37248386236175], [4.918200845446233, 52.37250430551747]]}, "properties": {"Speed": 18.3, "road_quality": 2, "marker": 7, "trip_id": "Febru_Trip4", "hrot_diff": 1, "sample_diff": 11, "time_diff_s": 0.22, "gps_distance_m": 4.3, "original_speed": "1694", "wheel_diameter_mm": 711.0003997802734}}, {"type": "Feature", "geometry": {"type": "LineString", "coordinates": [[4.918200845446233, 52.37250430551747], [4.9181421136126255, 52.37251760540073]]}, "properties": {"Speed": 12.6, "road_quality": 2, "marker": 7, "trip_id": "Febru_Trip4", "hrot_diff": 1, "sample_diff": 16, "time_diff_s": 0.32, "gps_distance_m": 4.3, "original_speed": "1960", "wheel_diameter_mm": 711.0003997802734}}, {"type": "Feature", "geometry": {"type": "LineString", "coordinates": [[4.9181421136126255, 52.37251760540073], [4.918077240180373, 52.37252624860425]]}, "properties": {"Speed": 14.4, "road_quality": 2, "marker": 7, "trip_id": "Febru_Trip4", "hrot_diff": 1, "sample_diff": 14, "time_diff_s": 0.28, "gps_distance_m": 4.5, "original_speed": "1801", "wheel_diameter_mm": 711.0003997802734}}, {"type": "Feature", "geometry": {"type": "LineString", "coordinates": [[4.918077240180373, 52.37252624860425], [4.91802499500331, 52.3725368027893]]}, "properties": {"Speed": 14.4, "road_quality": 2, "marker": 7, "trip_id": "Febru_Trip4", "hrot_diff": 1, "sample_diff": 14, "time_diff_s": 0.28, "gps_distance_m": 3.7, "original_speed": "1680", "wheel_diameter_mm": 711.0003997802734}}, {"type": "Feature", "geometry": {"type": "LineString", "coordinates": [[4.91802499500331, 52.3725368027893], [4.917979760412447, 52.372556081861994]]}, "properties": {"Speed": 12.6, "road_quality": 2, "marker": 7, "trip_id": "Febru_Trip4", "hrot_diff": 1, "sample_diff": 16, "time_diff_s": 0.32, "gps_distance_m": 3.7, "original_speed": "1666", "wheel_diameter_mm": 711.0003997802734}}, {"type": "Feature", "geometry": {"type": "LineString", "coordinates": [[4.917979760412447, 52.372556081861994], [4.917934853133083, 52.37257086046932]]}, "properties": {"Speed": 11.2, "road_quality": 2, "marker": 7, "trip_id": "Febru_Trip4", "hrot_diff": 1, "sample_diff": 18, "time_diff_s": 0.36, "gps_distance_m": 3.5, "original_speed": "1562", "wheel_diameter_mm": 711.0003997802734}}, {"type": "Feature", "geometry": {"type": "LineString", "coordinates": [[4.917934853133083, 52.37257086046932], [4.917892872781533, 52.37258420260258]]}, "properties": {"Speed": 13.4, "road_quality": 2, "marker": 7, "trip_id": "Febru_Trip4", "hrot_diff": 1, "sample_diff": 15, "time_diff_s": 0.3, "gps_distance_m": 3.2, "original_speed": "1456", "wheel_diameter_mm": 711.0003997802734}}, {"type": "Feature", "geometry": {"type": "LineString", "coordinates": [[4.917892872781533, 52.37258420260258], [4.9178527873665026, 52.37260040065893]]}, "properties": {"Speed": 11.2, "road_quality": 2, "marker": 7, "trip_id": "Febru_Trip4", "hrot_diff": 1, "sample_diff": 18, "time_diff_s": 0.36, "gps_distance_m": 3.3, "original_speed": "1470", "wheel_diameter_mm": 711.0003997802734}}, {"type": "Feature", "geometry": {"type": "LineString", "coordinates": [[4.9178527873665026, 52.37260040065893], [4.917814667262568, 52.37261805308089]]}, "properties": {"Speed": 11.2, "road_quality": 2, "marker": 7, "trip_id": "Febru_Trip4", "hrot_diff": 1, "sample_diff": 18, "time_diff_s": 0.36, "gps_distance_m": 3.2, "original_speed": "1456", "wheel_diameter_mm": 711.0003997802734}}, {"type": "Feature", "geometry": {"type": "LineString", "coordinates": [[4.917814667262568, 52.37261805308089], [4.91777550560048, 52.37262863867369]]}, "properties": {"Speed": 11.8, "road_quality": 2, "marker": 7, "trip_id": "Febru_Trip4", "hrot_diff": 1, "sample_diff": 17, "time_diff_s": 0.34, "gps_distance_m": 2.9, "original_speed": "1442", "wheel_diameter_mm": 711.0003997802734}}, {"type": "Feature", "geometry": {"type": "LineString", "coordinates": [[4.91777550560048, 52.37262863867369], [4.917736395150224, 52.37265095538504]]}, "properties": {"Speed": 13.4, "road_quality": 2, "marker": 7, "trip_id": "Febru_Trip4", "hrot_diff": 1, "sample_diff": 15, "time_diff_s": 0.3, "gps_distance_m": 3.6, "original_speed": "1538", "wheel_diameter_mm": 711.0003997802734}}, {"type": "Feature", "geometry": {"type": "LineString", "coordinates": [[4.917736395150224, 52.37265095538504], [4.917680459656824, 52.37267287593725]]}, "properties": {"Speed": 14.4, "road_quality": 2, "marker": 7, "trip_id": "Febru_Trip4", "hrot_diff": 1, "sample_diff": 14, "time_diff_s": 0.28, "gps_distance_m": 4.5, "original_speed": "1680", "wheel_diameter_mm": 711.0003997802734}}, {"type": "Feature", "geometry": {"type": "LineString", "coordinates": [[4.917680459656824, 52.37267287593725], [4.9176343268971054, 52.372671450485605]]}, "properties": {"Speed": 15.5, "road_quality": 2, "marker": 7, "trip_id": "Febru_Trip4", "hrot_diff": 1, "sample_diff": 13, "time_diff_s": 0.26, "gps_distance_m": 3.1, "original_speed": "1724", "wheel_diameter_mm": 711.0003997802734}}, {"type": "Feature", "geometry": {"type": "LineString", "coordinates": [[4.9176343268971054, 52.372671450485605], [4.917584613680817, 52.37264345614791]]}, "properties": {"Speed": 11.2, "road_quality": 2, "marker": 7, "trip_id": "Febru_Trip4", "hrot_diff": 1, "sample_diff": 18, "time_diff_s": 0.36, "gps_distance_m": 4.6, "original_speed": "1709", "wheel_diameter_mm": 711.0003997802734}}, {"type": "Feature", "geometry": {"type": "LineString", "coordinates": [[4.917584613680817, 52.37264345614791], [4.91755298024531, 52.37262166587342]]}, "properties": {"Speed": 11.2, "road_quality": 2, "marker": 7, "trip_id": "Febru_Trip4", "hrot_diff": 1, "sample_diff": 18, "time_diff_s": 0.36, "gps_distance_m": 3.2, "original_speed": "1415", "wheel_diameter_mm": 711.0003997802734}}, {"type": "Feature", "geometry": {"type": "LineString", "coordinates": [[4.91755298024531, 52.37262166587342], [4.917528950338956, 52.37261318374041]]}, "properties": {"Speed": 9.1, "road_quality": 2, "marker": 7, "trip_id": "Febru_Trip4", "hrot_diff": 1, "sample_diff": 22, "time_diff_s": 0.44, "gps_distance_m": 1.9, "original_speed": "1200", "wheel_diameter_mm": 711.0003997802734}}, {"type": "Feature", "geometry": {"type": "LineString", "coordinates": [[4.917528950338956, 52.37261318374041], [4.91749499257298, 52.372604374911624]]}, "properties": {"Speed": 8.7, "road_quality": 2, "marker": 7, "trip_id": "Febru_Trip4", "hrot_diff": 1, "sample_diff": 23, "time_diff_s": 0.46, "gps_distance_m": 2.5, "original_speed": "1162", "wheel_diameter_mm": 711.0003997802734}}, {"type": "Feature", "geometry": {"type": "LineString", "coordinates": [[4.91749499257298, 52.372604374911624], [4.917468127872849, 52.372590449321216]]}, "properties": {"Speed": 7.7, "road_quality": 2, "marker": 7, "trip_id": "Febru_Trip4", "hrot_diff": 1, "sample_diff": 26, "time_diff_s": 0.52, "gps_distance_m": 2.4, "original_speed": "1171", "wheel_diameter_mm": 711.0003997802734}}, {"type": "Feature", "geometry": {"type": "LineString", "coordinates": [[4.917468127872849, 52.372590449321216], [4.917448376032566, 52.37257680180144]]}, "properties": {"Speed": 7.7, "road_quality": 2, "marker": 7, "trip_id": "Febru_Trip4", "hrot_diff": 1, "sample_diff": 26, "time_diff_s": 0.52, "gps_distance_m": 2.0, "original_speed": "1079", "wheel_diameter_mm": 711.0003997802734}}, {"type": "Feature", "geometry": {"type": "LineString", "coordinates": [[4.917448376032566, 52.37257680180144], [4.917431190327909, 52.372561320741355]]}, "properties": {"Speed": 8.4, "road_quality": 2, "marker": 7, "trip_id": "Febru_Trip4", "hrot_diff": 1, "sample_diff": 24, "time_diff_s": 0.48, "gps_distance_m": 2.1, "original_speed": "952", "wheel_diameter_mm": 711.0003997802734}}, {"type": "Feature", "geometry": {"type": "LineString", "coordinates": [[4.917431190327909, 52.372561320741355], [4.9174232912919855, 52.37254629886803]]}, "properties": {"Speed": 7.4, "road_quality": 2, "marker": 7, "trip_id": "Febru_Trip4", "hrot_diff": 1, "sample_diff": 27, "time_diff_s": 0.54, "gps_distance_m": 1.8, "original_speed": "961", "wheel_diameter_mm": 711.0003997802734}}, {"type": "Feature", "geometry": {"type": "LineString", "coordinates": [[4.9174232912919855, 52.37254629886803], [4.917447344012493, 52.37252918386907]]}, "properties": {"Speed": 1.2, "road_quality": 2, "marker": 7, "trip_id": "Febru_Trip4", "hrot_diff": 1, "sample_diff": 161, "time_diff_s": 3.22, "gps_distance_m": 2.5, "original_speed": "900", "wheel_diameter_mm": 711.0003997802734}}]}