{"type": "FeatureCollection", "features": [{"type": "Feature", "geometry": {"type": "LineString", "coordinates": [[4.91743174732598, 52.37244164417276], [4.917436946092763, 52.37254344442579]]}, "properties": {"Speed": 1.5, "road_quality": 2, "marker": 3, "trip_id": "Febru_Trip1", "hrot_diff": 1, "sample_diff": 132, "time_diff_s": 2.64, "gps_distance_m": 11.3, "original_speed": "0", "wheel_diameter_mm": 711.0003997802734}}, {"type": "Feature", "geometry": {"type": "LineString", "coordinates": [[4.917436946092763, 52.37254344442579], [4.917494209189929, 52.37252809824556]]}, "properties": {"Speed": 1.6, "road_quality": 2, "marker": 3, "trip_id": "Febru_Trip1", "hrot_diff": 1, "sample_diff": 128, "time_diff_s": 2.56, "gps_distance_m": 4.2, "original_speed": "0", "wheel_diameter_mm": 711.0003997802734}}, {"type": "Feature", "geometry": {"type": "LineString", "coordinates": [[4.917494209189929, 52.37252809824556], [4.917492516461207, 52.37253059699408]]}, "properties": {"Speed": 2.8, "road_quality": 2, "marker": 3, "trip_id": "Febru_Trip1", "hrot_diff": 1, "sample_diff": 73, "time_diff_s": 1.46, "gps_distance_m": 0.3, "original_speed": "0", "wheel_diameter_mm": 711.0003997802734}}, {"type": "Feature", "geometry": {"type": "LineString", "coordinates": [[4.917492516461207, 52.37253059699408], [4.917484041532254, 52.37255596043599]]}, "properties": {"Speed": 2.4, "road_quality": 2, "marker": 9, "trip_id": "Febru_Trip1", "hrot_diff": 1, "sample_diff": 85, "time_diff_s": 1.7, "gps_distance_m": 2.9, "original_speed": "248", "wheel_diameter_mm": 711.0003997802734}}, {"type": "Feature", "geometry": {"type": "LineString", "coordinates": [[4.917484041532254, 52.37255596043599], [4.917471891152044, 52.37256792607398]]}, "properties": {"Speed": 3.5, "road_quality": 2, "marker": 3, "trip_id": "Febru_Trip1", "hrot_diff": 1, "sample_diff": 58, "time_diff_s": 1.16, "gps_distance_m": 1.6, "original_speed": "0", "wheel_diameter_mm": 711.0003997802734}}, {"type": "Feature", "geometry": {"type": "LineString", "coordinates": [[4.917471891152044, 52.37256792607398], [4.917474148989734, 52.372577799314016]]}, "properties": {"Speed": 1.3, "road_quality": 2, "marker": 7, "trip_id": "Febru_Trip1", "hrot_diff": 1, "sample_diff": 153, "time_diff_s": 3.06, "gps_distance_m": 1.1, "original_speed": "349", "wheel_diameter_mm": 711.0003997802734}}, {"type": "Feature", "geometry": {"type": "LineString", "coordinates": [[4.917474148989734, 52.372577799314016], [4.917461503938973, 52.37259184862271]]}, "properties": {"Speed": 6.3, "road_quality": 2, "marker": 7, "trip_id": "Febru_Trip1", "hrot_diff": 1, "sample_diff": 32, "time_diff_s": 0.64, "gps_distance_m": 1.8, "original_speed": "128", "wheel_diameter_mm": 711.0003997802734}}, {"type": "Feature", "geometry": {"type": "LineString", "coordinates": [[4.917461503938973, 52.37259184862271], [4.917521738612631, 52.37264698548113]]}, "properties": {"Speed": 10.6, "road_quality": 2, "marker": 7, "trip_id": "Febru_Trip1", "hrot_diff": 1, "sample_diff": 19, "time_diff_s": 0.38, "gps_distance_m": 7.4, "original_speed": "1190", "wheel_diameter_mm": 711.0003997802734}}, {"type": "Feature", "geometry": {"type": "LineString", "coordinates": [[4.917521738612631, 52.37264698548113], [4.917564635796218, 52.372662644583734]]}, "properties": {"Speed": 18.3, "road_quality": 2, "marker": 7, "trip_id": "Febru_Trip1", "hrot_diff": 1, "sample_diff": 11, "time_diff_s": 0.22, "gps_distance_m": 3.4, "original_speed": "1574", "wheel_diameter_mm": 711.0003997802734}}, {"type": "Feature", "geometry": {"type": "LineString", "coordinates": [[4.917564635796218, 52.372662644583734], [4.917616068453964, 52.372680022105925]]}, "properties": {"Speed": 14.4, "road_quality": 2, "marker": 7, "trip_id": "Febru_Trip1", "hrot_diff": 1, "sample_diff": 14, "time_diff_s": 0.28, "gps_distance_m": 4.0, "original_speed": "1666", "wheel_diameter_mm": 711.0003997802734}}, {"type": "Feature", "geometry": {"type": "LineString", "coordinates": [[4.917616068453964, 52.372680022105925], [4.917660884166672, 52.372694706019516]]}, "properties": {"Speed": 12.6, "road_quality": 2, "marker": 7, "trip_id": "Febru_Trip1", "hrot_diff": 1, "sample_diff": 16, "time_diff_s": 0.32, "gps_distance_m": 3.5, "original_speed": "1538", "wheel_diameter_mm": 711.0003997802734}}, {"type": "Feature", "geometry": {"type": "LineString", "coordinates": [[4.917660884166672, 52.372694706019516], [4.917715213985908, 52.3726794399097]]}, "properties": {"Speed": 12.6, "road_quality": 2, "marker": 7, "trip_id": "Febru_Trip1", "hrot_diff": 1, "sample_diff": 16, "time_diff_s": 0.32, "gps_distance_m": 4.1, "original_speed": "1515", "wheel_diameter_mm": 711.0003997802734}}, {"type": "Feature", "geometry": {"type": "LineString", "coordinates": [[4.917715213985908, 52.3726794399097], [4.9177385232043624, 52.372658266314275]]}, "properties": {"Speed": 12.6, "road_quality": 3, "marker": 7, "trip_id": "Febru_Trip1", "hrot_diff": 1, "sample_diff": 16, "time_diff_s": 0.32, "gps_distance_m": 2.8, "original_speed": "1500", "wheel_diameter_mm": 711.0003997802734}}, {"type": "Feature", "geometry": {"type": "LineString", "coordinates": [[4.9177385232043624, 52.372658266314275], [4.917764226746949, 52.37262631797391]]}, "properties": {"Speed": 15.5, "road_quality": 3, "marker": 7, "trip_id": "Febru_Trip1", "hrot_diff": 1, "sample_diff": 13, "time_diff_s": 0.26, "gps_distance_m": 4.0, "original_speed": "1574", "wheel_diameter_mm": 711.0003997802734}}, {"type": "Feature", "geometry": {"type": "LineString", "coordinates": [[4.917764226746949, 52.37262631797391], [4.917785690121613, 52.372592268551955]]}, "properties": {"Speed": 12.6, "road_quality": 2, "marker": 7, "trip_id": "Febru_Trip1", "hrot_diff": 1, "sample_diff": 16, "time_diff_s": 0.32, "gps_distance_m": 4.1, "original_speed": "1785", "wheel_diameter_mm": 711.0003997802734}}, {"type": "Feature", "geometry": {"type": "LineString", "coordinates": [[4.917785690121613, 52.372592268551955], [4.917827351261031, 52.372563437425626]]}, "properties": {"Speed": 13.4, "road_quality": 2, "marker": 7, "trip_id": "Febru_Trip1", "hrot_diff": 1, "sample_diff": 15, "time_diff_s": 0.3, "gps_distance_m": 4.3, "original_speed": "1785", "wheel_diameter_mm": 711.0003997802734}}, {"type": "Feature", "geometry": {"type": "LineString", "coordinates": [[4.917827351261031, 52.372563437425626], [4.9178584956777485, 52.372535650623284]]}, "properties": {"Speed": 12.6, "road_quality": 2, "marker": 7, "trip_id": "Febru_Trip1", "hrot_diff": 1, "sample_diff": 16, "time_diff_s": 0.32, "gps_distance_m": 3.7, "original_speed": "1666", "wheel_diameter_mm": 711.0003997802734}}, {"type": "Feature", "geometry": {"type": "LineString", "coordinates": [[4.9178584956777485, 52.372535650623284], [4.91788914434643, 52.37251346275432]]}, "properties": {"Speed": 11.2, "road_quality": 2, "marker": 7, "trip_id": "Febru_Trip1", "hrot_diff": 1, "sample_diff": 18, "time_diff_s": 0.36, "gps_distance_m": 3.2, "original_speed": "1550", "wheel_diameter_mm": 711.0003997802734}}, {"type": "Feature", "geometry": {"type": "LineString", "coordinates": [[4.91788914434643, 52.37251346275432], [4.917937374588995, 52.37249757082441]]}, "properties": {"Speed": 11.8, "road_quality": 2, "marker": 7, "trip_id": "Febru_Trip1", "hrot_diff": 1, "sample_diff": 17, "time_diff_s": 0.34, "gps_distance_m": 3.7, "original_speed": "1526", "wheel_diameter_mm": 711.0003997802734}}, {"type": "Feature", "geometry": {"type": "LineString", "coordinates": [[4.917937374588995, 52.37249757082441], [4.917965125709973, 52.37247124826481]]}, "properties": {"Speed": 14.4, "road_quality": 2, "marker": 7, "trip_id": "Febru_Trip1", "hrot_diff": 1, "sample_diff": 14, "time_diff_s": 0.28, "gps_distance_m": 3.5, "original_speed": "1550", "wheel_diameter_mm": 711.0003997802734}}, {"type": "Feature", "geometry": {"type": "LineString", "coordinates": [[4.917965125709973, 52.37247124826481], [4.917951911607998, 52.37243962957297]]}, "properties": {"Speed": 12.6, "road_quality": 2, "marker": 7, "trip_id": "Febru_Trip1", "hrot_diff": 1, "sample_diff": 16, "time_diff_s": 0.32, "gps_distance_m": 3.6, "original_speed": "1626", "wheel_diameter_mm": 711.0003997802734}}, {"type": "Feature", "geometry": {"type": "LineString", "coordinates": [[4.917951911607998, 52.37243962957297], [4.917914439395459, 52.3724341293055]]}, "properties": {"Speed": 14.4, "road_quality": 2, "marker": 7, "trip_id": "Febru_Trip1", "hrot_diff": 1, "sample_diff": 14, "time_diff_s": 0.28, "gps_distance_m": 2.6, "original_speed": "1724", "wheel_diameter_mm": 711.0003997802734}}, {"type": "Feature", "geometry": {"type": "LineString", "coordinates": [[4.917914439395459, 52.3724341293055], [4.917856356504224, 52.37240656368089]]}, "properties": {"Speed": 15.5, "road_quality": 2, "marker": 7, "trip_id": "Febru_Trip1", "hrot_diff": 1, "sample_diff": 13, "time_diff_s": 0.26, "gps_distance_m": 5.0, "original_speed": "2000", "wheel_diameter_mm": 711.0003997802734}}, {"type": "Feature", "geometry": {"type": "LineString", "coordinates": [[4.917856356504224, 52.37240656368089], [4.917792755536901, 52.372383148822806]]}, "properties": {"Speed": 18.3, "road_quality": 2, "marker": 7, "trip_id": "Febru_Trip1", "hrot_diff": 1, "sample_diff": 11, "time_diff_s": 0.22, "gps_distance_m": 5.0, "original_speed": "2232", "wheel_diameter_mm": 711.0003997802734}}, {"type": "Feature", "geometry": {"type": "LineString", "coordinates": [[4.917792755536901, 52.372383148822806], [4.91773968166381, 52.372350732903286]]}, "properties": {"Speed": 18.3, "road_quality": 2, "marker": 7, "trip_id": "Febru_Trip1", "hrot_diff": 1, "sample_diff": 11, "time_diff_s": 0.22, "gps_distance_m": 5.1, "original_speed": "2586", "wheel_diameter_mm": 711.0003997802734}}, {"type": "Feature", "geometry": {"type": "LineString", "coordinates": [[4.91773968166381, 52.372350732903286], [4.9132576811175985, 52.371053982048494]]}, "properties": {"Speed": 0.1, "road_quality": 2, "marker": 7, "trip_id": "Febru_Trip1", "hrot_diff": 1, "sample_diff": 2843, "time_diff_s": 56.86, "gps_distance_m": 336.7, "original_speed": "2727", "wheel_diameter_mm": 711.0003997802734}}, {"type": "Feature", "geometry": {"type": "LineString", "coordinates": [[4.9132576811175985, 52.371053982048494], [4.913206648644264, 52.371057433565674]]}, "properties": {"Speed": 9.6, "road_quality": 2, "marker": 7, "trip_id": "Febru_Trip1", "hrot_diff": 1, "sample_diff": 21, "time_diff_s": 0.42, "gps_distance_m": 3.5, "original_speed": "51", "wheel_diameter_mm": 711.0003997802734}}, {"type": "Feature", "geometry": {"type": "LineString", "coordinates": [[4.913206648644264, 52.371057433565674], [4.913170532946369, 52.3710590769665]]}, "properties": {"Speed": 10.6, "road_quality": 2, "marker": 7, "trip_id": "Febru_Trip1", "hrot_diff": 1, "sample_diff": 19, "time_diff_s": 0.38, "gps_distance_m": 2.5, "original_speed": "1401", "wheel_diameter_mm": 711.0003997802734}}, {"type": "Feature", "geometry": {"type": "LineString", "coordinates": [[4.913170532946369, 52.3710590769665], [4.913141324945805, 52.37105552469648]]}, "properties": {"Speed": 0.3, "road_quality": 1, "marker": 7, "trip_id": "Febru_Trip1", "hrot_diff": 1, "sample_diff": 776, "time_diff_s": 15.52, "gps_distance_m": 2.0, "original_speed": "1171", "wheel_diameter_mm": 711.0003997802734}}, {"type": "Feature", "geometry": {"type": "LineString", "coordinates": [[4.913141324945805, 52.37105552469648], [4.913136571115963, 52.37104376371638]]}, "properties": {"Speed": 6.1, "road_quality": 2, "marker": 7, "trip_id": "Febru_Trip1", "hrot_diff": 1, "sample_diff": 33, "time_diff_s": 0.66, "gps_distance_m": 1.3, "original_speed": "61", "wheel_diameter_mm": 711.0003997802734}}, {"type": "Feature", "geometry": {"type": "LineString", "coordinates": [[4.913136571115963, 52.37104376371638], [4.913112249337777, 52.371034597509905]]}, "properties": {"Speed": 8.7, "road_quality": 2, "marker": 7, "trip_id": "Febru_Trip1", "hrot_diff": 1, "sample_diff": 23, "time_diff_s": 0.46, "gps_distance_m": 1.9, "original_speed": "847", "wheel_diameter_mm": 711.0003997802734}}, {"type": "Feature", "geometry": {"type": "LineString", "coordinates": [[4.913112249337777, 52.371034597509905], [4.913078831317928, 52.37101576397974]]}, "properties": {"Speed": 11.2, "road_quality": 2, "marker": 7, "trip_id": "Febru_Trip1", "hrot_diff": 1, "sample_diff": 18, "time_diff_s": 0.36, "gps_distance_m": 3.1, "original_speed": "1153", "wheel_diameter_mm": 711.0003997802734}}, {"type": "Feature", "geometry": {"type": "LineString", "coordinates": [[4.913078831317928, 52.37101576397974], [4.913043216719152, 52.37099051476542]]}, "properties": {"Speed": 13.4, "road_quality": 2, "marker": 7, "trip_id": "Febru_Trip1", "hrot_diff": 1, "sample_diff": 15, "time_diff_s": 0.3, "gps_distance_m": 3.7, "original_speed": "1626", "wheel_diameter_mm": 711.0003997802734}}, {"type": "Feature", "geometry": {"type": "LineString", "coordinates": [[4.913043216719152, 52.37099051476542], [4.913002443424416, 52.37095593597215]]}, "properties": {"Speed": 18.3, "road_quality": 2, "marker": 7, "trip_id": "Febru_Trip1", "hrot_diff": 1, "sample_diff": 11, "time_diff_s": 0.22, "gps_distance_m": 4.7, "original_speed": "2100", "wheel_diameter_mm": 711.0003997802734}}, {"type": "Feature", "geometry": {"type": "LineString", "coordinates": [[4.913002443424416, 52.37095593597215], [4.9129717481105075, 52.370914160261215]]}, "properties": {"Speed": 15.5, "road_quality": 2, "marker": 7, "trip_id": "Febru_Trip1", "hrot_diff": 1, "sample_diff": 13, "time_diff_s": 0.26, "gps_distance_m": 5.1, "original_speed": "2272", "wheel_diameter_mm": 711.0003997802734}}, {"type": "Feature", "geometry": {"type": "LineString", "coordinates": [[4.9129717481105075, 52.370914160261215], [4.912940393711147, 52.370874164194134]]}, "properties": {"Speed": 18.3, "road_quality": 2, "marker": 7, "trip_id": "Febru_Trip1", "hrot_diff": 1, "sample_diff": 11, "time_diff_s": 0.22, "gps_distance_m": 4.9, "original_speed": "2252", "wheel_diameter_mm": 711.0003997802734}}, {"type": "Feature", "geometry": {"type": "LineString", "coordinates": [[4.912940393711147, 52.370874164194134], [4.912903495818385, 52.370837248445376]]}, "properties": {"Speed": 18.3, "road_quality": 2, "marker": 7, "trip_id": "Febru_Trip1", "hrot_diff": 1, "sample_diff": 11, "time_diff_s": 0.22, "gps_distance_m": 4.8, "original_speed": "2155", "wheel_diameter_mm": 711.0003997802734}}, {"type": "Feature", "geometry": {"type": "LineString", "coordinates": [[4.912903495818385, 52.370837248445376], [4.91286037490465, 52.37080724035289]]}, "properties": {"Speed": 16.8, "road_quality": 2, "marker": 7, "trip_id": "Febru_Trip1", "hrot_diff": 1, "sample_diff": 12, "time_diff_s": 0.24, "gps_distance_m": 4.4, "original_speed": "2314", "wheel_diameter_mm": 711.0003997802734}}, {"type": "Feature", "geometry": {"type": "LineString", "coordinates": [[4.91286037490465, 52.37080724035289], [4.9128145153661125, 52.370771493409]]}, "properties": {"Speed": 20.1, "road_quality": 2, "marker": 7, "trip_id": "Febru_Trip1", "hrot_diff": 1, "sample_diff": 10, "time_diff_s": 0.2, "gps_distance_m": 5.0, "original_speed": "2380", "wheel_diameter_mm": 711.0003997802734}}, {"type": "Feature", "geometry": {"type": "LineString", "coordinates": [[4.9128145153661125, 52.370771493409], [4.912757394093313, 52.370736928794116]]}, "properties": {"Speed": 18.3, "road_quality": 2, "marker": 7, "trip_id": "Febru_Trip1", "hrot_diff": 1, "sample_diff": 11, "time_diff_s": 0.22, "gps_distance_m": 5.5, "original_speed": "2500", "wheel_diameter_mm": 711.0003997802734}}, {"type": "Feature", "geometry": {"type": "LineString", "coordinates": [[4.912757394093313, 52.370736928794116], [4.912699414774975, 52.37070172353892]]}, "properties": {"Speed": 18.3, "road_quality": 2, "marker": 7, "trip_id": "Febru_Trip1", "hrot_diff": 1, "sample_diff": 11, "time_diff_s": 0.22, "gps_distance_m": 5.6, "original_speed": "2654", "wheel_diameter_mm": 711.0003997802734}}, {"type": "Feature", "geometry": {"type": "LineString", "coordinates": [[4.912699414774975, 52.37070172353892], [4.912636895252767, 52.37066638095709]]}, "properties": {"Speed": 28.7, "road_quality": 2, "marker": 7, "trip_id": "Febru_Trip1", "hrot_diff": 1, "sample_diff": 7, "time_diff_s": 0.14, "gps_distance_m": 5.8, "original_speed": "2727", "wheel_diameter_mm": 711.0003997802734}}, {"type": "Feature", "geometry": {"type": "LineString", "coordinates": [[4.912636895252767, 52.37066638095709], [4.912580019149336, 52.3706308067706]]}, "properties": {"Speed": 19.0, "road_quality": 2, "marker": 7, "trip_id": "Febru_Trip1", "hrot_diff": 1, "sample_diff": 10, "time_diff_s": 0.212, "gps_distance_m": 5.5, "original_speed": "2777", "wheel_diameter_mm": 711.0003997802734}}, {"type": "Feature", "geometry": {"type": "LineString", "coordinates": [[4.912580019149336, 52.3706308067706], [4.9125193655042185, 52.370592693675604]]}, "properties": {"Speed": 18.3, "road_quality": 2, "marker": 7, "trip_id": "Febru_Trip1", "hrot_diff": 1, "sample_diff": 11, "time_diff_s": 0.22, "gps_distance_m": 5.9, "original_speed": "2752", "wheel_diameter_mm": 711.0003997802734}}, {"type": "Feature", "geometry": {"type": "LineString", "coordinates": [[4.9125193655042185, 52.370592693675604], [4.912461818282657, 52.37055077334976]]}, "properties": {"Speed": 20.8, "road_quality": 2, "marker": 7, "trip_id": "Febru_Trip1", "hrot_diff": 3, "sample_diff": 29, "time_diff_s": 0.58, "gps_distance_m": 6.1, "original_speed": "2777", "wheel_diameter_mm": 711.0003997802734}}, {"type": "Feature", "geometry": {"type": "LineString", "coordinates": [[4.912461818282657, 52.37055077334976], [4.91240375017054, 52.37051332533074]]}, "properties": {"Speed": 33.5, "road_quality": 2, "marker": 6, "trip_id": "Febru_Trip1", "hrot_diff": 1, "sample_diff": 6, "time_diff_s": 0.12, "gps_distance_m": 5.7, "original_speed": "-1", "wheel_diameter_mm": 711.0003997802734}}, {"type": "Feature", "geometry": {"type": "LineString", "coordinates": [[4.91240375017054, 52.37051332533074], [4.912341806161979, 52.370475258711956]]}, "properties": {"Speed": 15.5, "road_quality": 2, "marker": 6, "trip_id": "Febru_Trip1", "hrot_diff": 1, "sample_diff": 13, "time_diff_s": 0.26, "gps_distance_m": 6.0, "original_speed": "-1", "wheel_diameter_mm": 711.0003997802734}}, {"type": "Feature", "geometry": {"type": "LineString", "coordinates": [[4.912341806161979, 52.370475258711956], [4.912282300418049, 52.37043332495857]]}, "properties": {"Speed": 16.8, "road_quality": 2, "marker": 7, "trip_id": "Febru_Trip1", "hrot_diff": 1, "sample_diff": 12, "time_diff_s": 0.24, "gps_distance_m": 6.2, "original_speed": "2857", "wheel_diameter_mm": 711.0003997802734}}, {"type": "Feature", "geometry": {"type": "LineString", "coordinates": [[4.912282300418049, 52.37043332495857], [4.912218491988848, 52.37039892590969]]}, "properties": {"Speed": 20.1, "road_quality": 2, "marker": 7, "trip_id": "Febru_Trip1", "hrot_diff": 1, "sample_diff": 10, "time_diff_s": 0.2, "gps_distance_m": 5.8, "original_speed": "2702", "wheel_diameter_mm": 711.0003997802734}}, {"type": "Feature", "geometry": {"type": "LineString", "coordinates": [[4.912218491988848, 52.37039892590969], [4.91215679217775, 52.37036819215491]]}, "properties": {"Speed": 25.1, "road_quality": 2, "marker": 7, "trip_id": "Febru_Trip1", "hrot_diff": 1, "sample_diff": 8, "time_diff_s": 0.16, "gps_distance_m": 5.4, "original_speed": "2631", "wheel_diameter_mm": 711.0003997802734}}, {"type": "Feature", "geometry": {"type": "LineString", "coordinates": [[4.91215679217775, 52.37036819215491], [4.912103315351055, 52.370337895984484]]}, "properties": {"Speed": 16.8, "road_quality": 2, "marker": 7, "trip_id": "Febru_Trip1", "hrot_diff": 1, "sample_diff": 12, "time_diff_s": 0.24, "gps_distance_m": 5.0, "original_speed": "2450", "wheel_diameter_mm": 711.0003997802734}}, {"type": "Feature", "geometry": {"type": "LineString", "coordinates": [[4.912103315351055, 52.370337895984484], [4.9120520314387495, 52.3703080311616]]}, "properties": {"Speed": 18.3, "road_quality": 2, "marker": 7, "trip_id": "Febru_Trip1", "hrot_diff": 1, "sample_diff": 11, "time_diff_s": 0.22, "gps_distance_m": 4.8, "original_speed": "2336", "wheel_diameter_mm": 711.0003997802734}}, {"type": "Feature", "geometry": {"type": "LineString", "coordinates": [[4.9120520314387495, 52.3703080311616], [4.912005464928919, 52.37027961911453]]}, "properties": {"Speed": 15.5, "road_quality": 2, "marker": 7, "trip_id": "Febru_Trip1", "hrot_diff": 1, "sample_diff": 13, "time_diff_s": 0.26, "gps_distance_m": 4.5, "original_speed": "2232", "wheel_diameter_mm": 711.0003997802734}}, {"type": "Feature", "geometry": {"type": "LineString", "coordinates": [[4.912005464928919, 52.37027961911453], [4.911960588904884, 52.370252242625966]]}, "properties": {"Speed": 15.5, "road_quality": 2, "marker": 7, "trip_id": "Febru_Trip1", "hrot_diff": 1, "sample_diff": 13, "time_diff_s": 0.26, "gps_distance_m": 4.3, "original_speed": "2083", "wheel_diameter_mm": 711.0003997802734}}, {"type": "Feature", "geometry": {"type": "LineString", "coordinates": [[4.911960588904884, 52.370252242625966], [4.911921716613249, 52.37022301829713]]}, "properties": {"Speed": 14.4, "road_quality": 2, "marker": 7, "trip_id": "Febru_Trip1", "hrot_diff": 1, "sample_diff": 14, "time_diff_s": 0.28, "gps_distance_m": 4.2, "original_speed": "2000", "wheel_diameter_mm": 711.0003997802734}}, {"type": "Feature", "geometry": {"type": "LineString", "coordinates": [[4.911921716613249, 52.37022301829713], [4.911899131302745, 52.37018988940279]]}, "properties": {"Speed": 14.4, "road_quality": 2, "marker": 7, "trip_id": "Febru_Trip1", "hrot_diff": 1, "sample_diff": 14, "time_diff_s": 0.28, "gps_distance_m": 4.0, "original_speed": "1941", "wheel_diameter_mm": 711.0003997802734}}, {"type": "Feature", "geometry": {"type": "LineString", "coordinates": [[4.911899131302745, 52.37018988940279], [4.911898431389924, 52.370152361469685]]}, "properties": {"Speed": 18.3, "road_quality": 2, "marker": 7, "trip_id": "Febru_Trip1", "hrot_diff": 1, "sample_diff": 11, "time_diff_s": 0.22, "gps_distance_m": 4.2, "original_speed": "1923", "wheel_diameter_mm": 711.0003997802734}}, {"type": "Feature", "geometry": {"type": "LineString", "coordinates": [[4.911898431389924, 52.370152361469685], [4.91191971814687, 52.37011411992344]]}, "properties": {"Speed": 16.8, "road_quality": 2, "marker": 7, "trip_id": "Febru_Trip1", "hrot_diff": 1, "sample_diff": 12, "time_diff_s": 0.24, "gps_distance_m": 4.5, "original_speed": "2032", "wheel_diameter_mm": 711.0003997802734}}, {"type": "Feature", "geometry": {"type": "LineString", "coordinates": [[4.91191971814687, 52.37011411992344], [4.911962842990741, 52.3700829074031]]}, "properties": {"Speed": 16.8, "road_quality": 2, "marker": 7, "trip_id": "Febru_Trip1", "hrot_diff": 1, "sample_diff": 12, "time_diff_s": 0.24, "gps_distance_m": 4.5, "original_speed": "1980", "wheel_diameter_mm": 711.0003997802734}}, {"type": "Feature", "geometry": {"type": "LineString", "coordinates": [[4.911962842990741, 52.3700829074031], [4.912018057041448, 52.37006125019678]]}, "properties": {"Speed": 16.8, "road_quality": 2, "marker": 7, "trip_id": "Febru_Trip1", "hrot_diff": 1, "sample_diff": 12, "time_diff_s": 0.24, "gps_distance_m": 4.5, "original_speed": "2016", "wheel_diameter_mm": 711.0003997802734}}, {"type": "Feature", "geometry": {"type": "LineString", "coordinates": [[4.912018057041448, 52.37006125019678], [4.912075313430011, 52.37004453025148]]}, "properties": {"Speed": 15.5, "road_quality": 2, "marker": 7, "trip_id": "Febru_Trip1", "hrot_diff": 1, "sample_diff": 13, "time_diff_s": 0.26, "gps_distance_m": 4.3, "original_speed": "1960", "wheel_diameter_mm": 711.0003997802734}}, {"type": "Feature", "geometry": {"type": "LineString", "coordinates": [[4.912075313430011, 52.37004453025148], [4.9121250496367725, 52.37002943122736]]}, "properties": {"Speed": 16.8, "road_quality": 2, "marker": 7, "trip_id": "Febru_Trip1", "hrot_diff": 1, "sample_diff": 12, "time_diff_s": 0.24, "gps_distance_m": 3.8, "original_speed": "1851", "wheel_diameter_mm": 711.0003997802734}}, {"type": "Feature", "geometry": {"type": "LineString", "coordinates": [[4.9121250496367725, 52.37002943122736], [4.9121707110555075, 52.37000948750205]]}, "properties": {"Speed": 16.8, "road_quality": 3, "marker": 7, "trip_id": "Febru_Trip1", "hrot_diff": 1, "sample_diff": 12, "time_diff_s": 0.24, "gps_distance_m": 3.8, "original_speed": "1834", "wheel_diameter_mm": 711.0003997802734}}, {"type": "Feature", "geometry": {"type": "LineString", "coordinates": [[4.9121707110555075, 52.37000948750205], [4.9122147694599505, 52.36998752426473]]}, "properties": {"Speed": 14.4, "road_quality": 2, "marker": 7, "trip_id": "Febru_Trip1", "hrot_diff": 1, "sample_diff": 14, "time_diff_s": 0.28, "gps_distance_m": 3.9, "original_speed": "1886", "wheel_diameter_mm": 711.0003997802734}}, {"type": "Feature", "geometry": {"type": "LineString", "coordinates": [[4.9122147694599505, 52.36998752426473], [4.912251816436893, 52.3699603991158]]}, "properties": {"Speed": 15.5, "road_quality": 2, "marker": 7, "trip_id": "Febru_Trip1", "hrot_diff": 1, "sample_diff": 13, "time_diff_s": 0.26, "gps_distance_m": 3.9, "original_speed": "1851", "wheel_diameter_mm": 711.0003997802734}}, {"type": "Feature", "geometry": {"type": "LineString", "coordinates": [[4.912251816436893, 52.3699603991158], [4.912292601575025, 52.36993380682951]]}, "properties": {"Speed": 16.8, "road_quality": 2, "marker": 7, "trip_id": "Febru_Trip1", "hrot_diff": 1, "sample_diff": 12, "time_diff_s": 0.24, "gps_distance_m": 4.1, "original_speed": "1904", "wheel_diameter_mm": 711.0003997802734}}, {"type": "Feature", "geometry": {"type": "LineString", "coordinates": [[4.912292601575025, 52.36993380682951], [4.9123301153443215, 52.369903263162406]]}, "properties": {"Speed": 15.5, "road_quality": 3, "marker": 7, "trip_id": "Febru_Trip1", "hrot_diff": 1, "sample_diff": 13, "time_diff_s": 0.26, "gps_distance_m": 4.2, "original_speed": "2016", "wheel_diameter_mm": 711.0003997802734}}, {"type": "Feature", "geometry": {"type": "LineString", "coordinates": [[4.9123301153443215, 52.369903263162406], [4.912367873321774, 52.369871991629395]]}, "properties": {"Speed": 16.8, "road_quality": 3, "marker": 7, "trip_id": "Febru_Trip1", "hrot_diff": 1, "sample_diff": 12, "time_diff_s": 0.24, "gps_distance_m": 4.3, "original_speed": "2016", "wheel_diameter_mm": 711.0003997802734}}, {"type": "Feature", "geometry": {"type": "LineString", "coordinates": [[4.912367873321774, 52.369871991629395], [4.912408195979206, 52.36984205393994]]}, "properties": {"Speed": 14.4, "road_quality": 2, "marker": 7, "trip_id": "Febru_Trip1", "hrot_diff": 1, "sample_diff": 14, "time_diff_s": 0.28, "gps_distance_m": 4.3, "original_speed": "2066", "wheel_diameter_mm": 711.0003997802734}}, {"type": "Feature", "geometry": {"type": "LineString", "coordinates": [[4.912408195979206, 52.36984205393994], [4.91244863301398, 52.369812729723165]]}, "properties": {"Speed": 16.8, "road_quality": 2, "marker": 7, "trip_id": "Febru_Trip1", "hrot_diff": 1, "sample_diff": 12, "time_diff_s": 0.24, "gps_distance_m": 4.3, "original_speed": "2000", "wheel_diameter_mm": 711.0003997802734}}, {"type": "Feature", "geometry": {"type": "LineString", "coordinates": [[4.91244863301398, 52.369812729723165], [4.912473286860519, 52.36977570604244]]}, "properties": {"Speed": 18.3, "road_quality": 2, "marker": 7, "trip_id": "Febru_Trip1", "hrot_diff": 1, "sample_diff": 11, "time_diff_s": 0.22, "gps_distance_m": 4.4, "original_speed": "2173", "wheel_diameter_mm": 711.0003997802734}}, {"type": "Feature", "geometry": {"type": "LineString", "coordinates": [[4.912473286860519, 52.36977570604244], [4.91247265746085, 52.369736491650784]]}, "properties": {"Speed": 15.5, "road_quality": 2, "marker": 7, "trip_id": "Febru_Trip1", "hrot_diff": 1, "sample_diff": 13, "time_diff_s": 0.26, "gps_distance_m": 4.4, "original_speed": "2100", "wheel_diameter_mm": 711.0003997802734}}, {"type": "Feature", "geometry": {"type": "LineString", "coordinates": [[4.91247265746085, 52.369736491650784], [4.912436102243349, 52.36969953253412]]}, "properties": {"Speed": 14.4, "road_quality": 2, "marker": 7, "trip_id": "Febru_Trip1", "hrot_diff": 1, "sample_diff": 14, "time_diff_s": 0.28, "gps_distance_m": 4.8, "original_speed": "2016", "wheel_diameter_mm": 711.0003997802734}}, {"type": "Feature", "geometry": {"type": "LineString", "coordinates": [[4.912436102243349, 52.36969953253412], [4.912395204349224, 52.369669260981766]]}, "properties": {"Speed": 15.5, "road_quality": 2, "marker": 7, "trip_id": "Febru_Trip1", "hrot_diff": 1, "sample_diff": 13, "time_diff_s": 0.26, "gps_distance_m": 4.4, "original_speed": "2016", "wheel_diameter_mm": 711.0003997802734}}, {"type": "Feature", "geometry": {"type": "LineString", "coordinates": [[4.912395204349224, 52.369669260981766], [4.912354232170449, 52.36964680544718]]}, "properties": {"Speed": 16.8, "road_quality": 2, "marker": 7, "trip_id": "Febru_Trip1", "hrot_diff": 1, "sample_diff": 12, "time_diff_s": 0.24, "gps_distance_m": 3.7, "original_speed": "2000", "wheel_diameter_mm": 711.0003997802734}}, {"type": "Feature", "geometry": {"type": "LineString", "coordinates": [[4.912354232170449, 52.36964680544718], [4.912303771690449, 52.36961794522993]]}, "properties": {"Speed": 16.8, "road_quality": 2, "marker": 7, "trip_id": "Febru_Trip1", "hrot_diff": 1, "sample_diff": 12, "time_diff_s": 0.24, "gps_distance_m": 4.7, "original_speed": "2118", "wheel_diameter_mm": 711.0003997802734}}, {"type": "Feature", "geometry": {"type": "LineString", "coordinates": [[4.912303771690449, 52.36961794522993], [4.912279156311671, 52.36959739039669]]}, "properties": {"Speed": 16.8, "road_quality": 2, "marker": 7, "trip_id": "Febru_Trip1", "hrot_diff": 1, "sample_diff": 12, "time_diff_s": 0.24, "gps_distance_m": 2.8, "original_speed": "1923", "wheel_diameter_mm": 711.0003997802734}}, {"type": "Feature", "geometry": {"type": "LineString", "coordinates": [[4.912279156311671, 52.36959739039669], [4.912257041136919, 52.36957277547284]]}, "properties": {"Speed": 15.5, "road_quality": 2, "marker": 7, "trip_id": "Febru_Trip1", "hrot_diff": 1, "sample_diff": 13, "time_diff_s": 0.26, "gps_distance_m": 3.1, "original_speed": "1801", "wheel_diameter_mm": 711.0003997802734}}, {"type": "Feature", "geometry": {"type": "LineString", "coordinates": [[4.912257041136919, 52.36957277547284], [4.912239599012282, 52.36953915572855]]}, "properties": {"Speed": 14.4, "road_quality": 2, "marker": 7, "trip_id": "Febru_Trip1", "hrot_diff": 1, "sample_diff": 14, "time_diff_s": 0.28, "gps_distance_m": 3.9, "original_speed": "1769", "wheel_diameter_mm": 711.0003997802734}}, {"type": "Feature", "geometry": {"type": "LineString", "coordinates": [[4.912239599012282, 52.36953915572855], [4.912220753988554, 52.369510965827125]]}, "properties": {"Speed": 14.4, "road_quality": 2, "marker": 7, "trip_id": "Febru_Trip1", "hrot_diff": 1, "sample_diff": 14, "time_diff_s": 0.28, "gps_distance_m": 3.4, "original_speed": "1818", "wheel_diameter_mm": 711.0003997802734}}, {"type": "Feature", "geometry": {"type": "LineString", "coordinates": [[4.912220753988554, 52.369510965827125], [4.912236322695287, 52.369477630744406]]}, "properties": {"Speed": 12.6, "road_quality": 2, "marker": 7, "trip_id": "Febru_Trip1", "hrot_diff": 1, "sample_diff": 16, "time_diff_s": 0.32, "gps_distance_m": 3.9, "original_speed": "1923", "wheel_diameter_mm": 711.0003997802734}}, {"type": "Feature", "geometry": {"type": "LineString", "coordinates": [[4.912236322695287, 52.369477630744406], [4.9122800219105525, 52.3694481926626]]}, "properties": {"Speed": 15.5, "road_quality": 2, "marker": 7, "trip_id": "Febru_Trip1", "hrot_diff": 1, "sample_diff": 13, "time_diff_s": 0.26, "gps_distance_m": 4.4, "original_speed": "1834", "wheel_diameter_mm": 711.0003997802734}}, {"type": "Feature", "geometry": {"type": "LineString", "coordinates": [[4.9122800219105525, 52.3694481926626], [4.912331604620602, 52.36943014816437]]}, "properties": {"Speed": 15.5, "road_quality": 2, "marker": 7, "trip_id": "Febru_Trip1", "hrot_diff": 1, "sample_diff": 13, "time_diff_s": 0.26, "gps_distance_m": 4.0, "original_speed": "1904", "wheel_diameter_mm": 711.0003997802734}}, {"type": "Feature", "geometry": {"type": "LineString", "coordinates": [[4.912331604620602, 52.36943014816437], [4.912379879613011, 52.369411370922535]]}, "properties": {"Speed": 14.4, "road_quality": 2, "marker": 7, "trip_id": "Febru_Trip1", "hrot_diff": 1, "sample_diff": 14, "time_diff_s": 0.28, "gps_distance_m": 3.9, "original_speed": "1851", "wheel_diameter_mm": 711.0003997802734}}, {"type": "Feature", "geometry": {"type": "LineString", "coordinates": [[4.912379879613011, 52.369411370922535], [4.912430669999081, 52.36939035104458]]}, "properties": {"Speed": 14.4, "road_quality": 2, "marker": 7, "trip_id": "Febru_Trip1", "hrot_diff": 1, "sample_diff": 14, "time_diff_s": 0.28, "gps_distance_m": 4.2, "original_speed": "2000", "wheel_diameter_mm": 711.0003997802734}}, {"type": "Feature", "geometry": {"type": "LineString", "coordinates": [[4.912430669999081, 52.36939035104458], [4.912479187225872, 52.36936621117601]]}, "properties": {"Speed": 20.1, "road_quality": 2, "marker": 7, "trip_id": "Febru_Trip1", "hrot_diff": 1, "sample_diff": 10, "time_diff_s": 0.2, "gps_distance_m": 4.2, "original_speed": "2066", "wheel_diameter_mm": 711.0003997802734}}, {"type": "Feature", "geometry": {"type": "LineString", "coordinates": [[4.912479187225872, 52.36936621117601], [4.912538496010737, 52.36934198113506]]}, "properties": {"Speed": 18.3, "road_quality": 2, "marker": 7, "trip_id": "Febru_Trip1", "hrot_diff": 1, "sample_diff": 11, "time_diff_s": 0.22, "gps_distance_m": 4.8, "original_speed": "2314", "wheel_diameter_mm": 711.0003997802734}}, {"type": "Feature", "geometry": {"type": "LineString", "coordinates": [[4.912538496010737, 52.36934198113506], [4.912600710519264, 52.36931702863711]]}, "properties": {"Speed": 15.5, "road_quality": 2, "marker": 7, "trip_id": "Febru_Trip1", "hrot_diff": 1, "sample_diff": 13, "time_diff_s": 0.26, "gps_distance_m": 5.1, "original_speed": "2314", "wheel_diameter_mm": 711.0003997802734}}, {"type": "Feature", "geometry": {"type": "LineString", "coordinates": [[4.912600710519264, 52.36931702863711], [4.912662600059091, 52.369293472283736]]}, "properties": {"Speed": 18.3, "road_quality": 2, "marker": 7, "trip_id": "Febru_Trip1", "hrot_diff": 1, "sample_diff": 11, "time_diff_s": 0.22, "gps_distance_m": 5.0, "original_speed": "2475", "wheel_diameter_mm": 711.0003997802734}}, {"type": "Feature", "geometry": {"type": "LineString", "coordinates": [[4.912662600059091, 52.369293472283736], [4.9127220929883375, 52.36927119904721]]}, "properties": {"Speed": 20.1, "road_quality": 2, "marker": 7, "trip_id": "Febru_Trip1", "hrot_diff": 1, "sample_diff": 10, "time_diff_s": 0.2, "gps_distance_m": 4.7, "original_speed": "2403", "wheel_diameter_mm": 711.0003997802734}}, {"type": "Feature", "geometry": {"type": "LineString", "coordinates": [[4.9127220929883375, 52.36927119904721], [4.912793067415145, 52.36924787518531]]}, "properties": {"Speed": 18.3, "road_quality": 2, "marker": 7, "trip_id": "Febru_Trip1", "hrot_diff": 1, "sample_diff": 11, "time_diff_s": 0.22, "gps_distance_m": 5.5, "original_speed": "2475", "wheel_diameter_mm": 711.0003997802734}}, {"type": "Feature", "geometry": {"type": "LineString", "coordinates": [[4.912793067415145, 52.36924787518531], [4.912857924412688, 52.369223925721215]]}, "properties": {"Speed": 20.1, "road_quality": 2, "marker": 7, "trip_id": "Febru_Trip1", "hrot_diff": 1, "sample_diff": 10, "time_diff_s": 0.2, "gps_distance_m": 5.1, "original_speed": "2450", "wheel_diameter_mm": 711.0003997802734}}, {"type": "Feature", "geometry": {"type": "LineString", "coordinates": [[4.912857924412688, 52.369223925721215], [4.912920026535676, 52.369200417812145]]}, "properties": {"Speed": 18.3, "road_quality": 2, "marker": 7, "trip_id": "Febru_Trip1", "hrot_diff": 1, "sample_diff": 11, "time_diff_s": 0.22, "gps_distance_m": 5.0, "original_speed": "2314", "wheel_diameter_mm": 711.0003997802734}}, {"type": "Feature", "geometry": {"type": "LineString", "coordinates": [[4.912920026535676, 52.369200417812145], [4.912983297838788, 52.369183269565596]]}, "properties": {"Speed": 16.8, "road_quality": 2, "marker": 7, "trip_id": "Febru_Trip1", "hrot_diff": 1, "sample_diff": 12, "time_diff_s": 0.24, "gps_distance_m": 4.7, "original_speed": "2380", "wheel_diameter_mm": 711.0003997802734}}, {"type": "Feature", "geometry": {"type": "LineString", "coordinates": [[4.912983297838788, 52.369183269565596], [4.913044103441722, 52.369164139630314]]}, "properties": {"Speed": 18.3, "road_quality": 2, "marker": 7, "trip_id": "Febru_Trip1", "hrot_diff": 1, "sample_diff": 11, "time_diff_s": 0.22, "gps_distance_m": 4.6, "original_speed": "2173", "wheel_diameter_mm": 711.0003997802734}}, {"type": "Feature", "geometry": {"type": "LineString", "coordinates": [[4.913044103441722, 52.369164139630314], [4.913097146897472, 52.36914263344334]]}, "properties": {"Speed": 22.3, "road_quality": 2, "marker": 7, "trip_id": "Febru_Trip1", "hrot_diff": 1, "sample_diff": 9, "time_diff_s": 0.18, "gps_distance_m": 4.3, "original_speed": "2118", "wheel_diameter_mm": 711.0003997802734}}, {"type": "Feature", "geometry": {"type": "LineString", "coordinates": [[4.913097146897472, 52.36914263344334], [4.913150250973328, 52.369113755098155]]}, "properties": {"Speed": 18.3, "road_quality": 2, "marker": 7, "trip_id": "Febru_Trip1", "hrot_diff": 1, "sample_diff": 11, "time_diff_s": 0.22, "gps_distance_m": 4.8, "original_speed": "2293", "wheel_diameter_mm": 711.0003997802734}}, {"type": "Feature", "geometry": {"type": "LineString", "coordinates": [[4.913150250973328, 52.369113755098155], [4.9132139654641005, 52.36908915631786]]}, "properties": {"Speed": 19.5, "road_quality": 2, "marker": 7, "trip_id": "Febru_Trip1", "hrot_diff": 1, "sample_diff": 10, "time_diff_s": 0.206, "gps_distance_m": 5.1, "original_speed": "2380", "wheel_diameter_mm": 711.0003997802734}}, {"type": "Feature", "geometry": {"type": "LineString", "coordinates": [[4.9132139654641005, 52.36908915631786], [4.9132771465671174, 52.369061821037384]]}, "properties": {"Speed": 25.1, "road_quality": 2, "marker": 7, "trip_id": "Febru_Trip1", "hrot_diff": 1, "sample_diff": 8, "time_diff_s": 0.16, "gps_distance_m": 5.3, "original_speed": "2403", "wheel_diameter_mm": 711.0003997802734}}, {"type": "Feature", "geometry": {"type": "LineString", "coordinates": [[4.9132771465671174, 52.369061821037384], [4.913347030413006, 52.36904207294179]]}, "properties": {"Speed": 16.8, "road_quality": 2, "marker": 7, "trip_id": "Febru_Trip1", "hrot_diff": 1, "sample_diff": 12, "time_diff_s": 0.24, "gps_distance_m": 5.2, "original_speed": "2450", "wheel_diameter_mm": 711.0003997802734}}, {"type": "Feature", "geometry": {"type": "LineString", "coordinates": [[4.913347030413006, 52.36904207294179], [4.913415409703687, 52.36901927547322]]}, "properties": {"Speed": 20.1, "road_quality": 2, "marker": 7, "trip_id": "Febru_Trip1", "hrot_diff": 1, "sample_diff": 10, "time_diff_s": 0.2, "gps_distance_m": 5.3, "original_speed": "2500", "wheel_diameter_mm": 711.0003997802734}}, {"type": "Feature", "geometry": {"type": "LineString", "coordinates": [[4.913415409703687, 52.36901927547322], [4.913474733711068, 52.36899557239088]]}, "properties": {"Speed": 25.1, "road_quality": 2, "marker": 7, "trip_id": "Febru_Trip1", "hrot_diff": 1, "sample_diff": 8, "time_diff_s": 0.16, "gps_distance_m": 4.8, "original_speed": "2358", "wheel_diameter_mm": 711.0003997802734}}, {"type": "Feature", "geometry": {"type": "LineString", "coordinates": [[4.913474733711068, 52.36899557239088], [4.9135362647432315, 52.368968689215016]]}, "properties": {"Speed": 18.3, "road_quality": 2, "marker": 7, "trip_id": "Febru_Trip1", "hrot_diff": 1, "sample_diff": 11, "time_diff_s": 0.22, "gps_distance_m": 5.1, "original_speed": "2293", "wheel_diameter_mm": 711.0003997802734}}, {"type": "Feature", "geometry": {"type": "LineString", "coordinates": [[4.9135362647432315, 52.368968689215016], [4.913593880370768, 52.368946681716054]]}, "properties": {"Speed": 20.1, "road_quality": 2, "marker": 7, "trip_id": "Febru_Trip1", "hrot_diff": 1, "sample_diff": 10, "time_diff_s": 0.2, "gps_distance_m": 4.6, "original_speed": "2212", "wheel_diameter_mm": 711.0003997802734}}, {"type": "Feature", "geometry": {"type": "LineString", "coordinates": [[4.913593880370768, 52.368946681716054], [4.913652400509725, 52.36892870172955]]}, "properties": {"Speed": 15.5, "road_quality": 2, "marker": 7, "trip_id": "Febru_Trip1", "hrot_diff": 1, "sample_diff": 13, "time_diff_s": 0.26, "gps_distance_m": 4.4, "original_speed": "2192", "wheel_diameter_mm": 711.0003997802734}}, {"type": "Feature", "geometry": {"type": "LineString", "coordinates": [[4.913652400509725, 52.36892870172955], [4.913708238417618, 52.36891218943528]]}, "properties": {"Speed": 16.8, "road_quality": 2, "marker": 7, "trip_id": "Febru_Trip1", "hrot_diff": 1, "sample_diff": 12, "time_diff_s": 0.24, "gps_distance_m": 4.2, "original_speed": "2100", "wheel_diameter_mm": 711.0003997802734}}, {"type": "Feature", "geometry": {"type": "LineString", "coordinates": [[4.913708238417618, 52.36891218943528], [4.913764530542471, 52.36889332893558]]}, "properties": {"Speed": 16.8, "road_quality": 2, "marker": 7, "trip_id": "Febru_Trip1", "hrot_diff": 1, "sample_diff": 12, "time_diff_s": 0.24, "gps_distance_m": 4.4, "original_speed": "2000", "wheel_diameter_mm": 711.0003997802734}}, {"type": "Feature", "geometry": {"type": "LineString", "coordinates": [[4.913764530542471, 52.36889332893558], [4.913815687453234, 52.36887577107869]]}, "properties": {"Speed": 16.8, "road_quality": 2, "marker": 7, "trip_id": "Febru_Trip1", "hrot_diff": 1, "sample_diff": 12, "time_diff_s": 0.24, "gps_distance_m": 4.0, "original_speed": "1904", "wheel_diameter_mm": 711.0003997802734}}, {"type": "Feature", "geometry": {"type": "LineString", "coordinates": [[4.913815687453234, 52.36887577107869], [4.913867532374108, 52.36886235996264]]}, "properties": {"Speed": 12.6, "road_quality": 2, "marker": 7, "trip_id": "Febru_Trip1", "hrot_diff": 1, "sample_diff": 16, "time_diff_s": 0.32, "gps_distance_m": 3.8, "original_speed": "1904", "wheel_diameter_mm": 711.0003997802734}}, {"type": "Feature", "geometry": {"type": "LineString", "coordinates": [[4.913867532374108, 52.36886235996264], [4.913912025669297, 52.36884274172534]]}, "properties": {"Speed": 13.4, "road_quality": 2, "marker": 7, "trip_id": "Febru_Trip1", "hrot_diff": 1, "sample_diff": 15, "time_diff_s": 0.3, "gps_distance_m": 3.7, "original_speed": "1739", "wheel_diameter_mm": 711.0003997802734}}, {"type": "Feature", "geometry": {"type": "LineString", "coordinates": [[4.913912025669297, 52.36884274172534], [4.913952494825775, 52.36882893079521]]}, "properties": {"Speed": 12.6, "road_quality": 2, "marker": 7, "trip_id": "Febru_Trip1", "hrot_diff": 1, "sample_diff": 16, "time_diff_s": 0.32, "gps_distance_m": 3.1, "original_speed": "1626", "wheel_diameter_mm": 711.0003997802734}}, {"type": "Feature", "geometry": {"type": "LineString", "coordinates": [[4.913952494825775, 52.36882893079521], [4.913977797839506, 52.36880589862906]]}, "properties": {"Speed": 13.4, "road_quality": 2, "marker": 7, "trip_id": "Febru_Trip1", "hrot_diff": 1, "sample_diff": 15, "time_diff_s": 0.3, "gps_distance_m": 3.1, "original_speed": "1652", "wheel_diameter_mm": 711.0003997802734}}, {"type": "Feature", "geometry": {"type": "LineString", "coordinates": [[4.913977797839506, 52.36880589862906], [4.913969300815744, 52.368778106667136]]}, "properties": {"Speed": 9.6, "road_quality": 2, "marker": 7, "trip_id": "Febru_Trip1", "hrot_diff": 1, "sample_diff": 21, "time_diff_s": 0.42, "gps_distance_m": 3.1, "original_speed": "1363", "wheel_diameter_mm": 711.0003997802734}}, {"type": "Feature", "geometry": {"type": "LineString", "coordinates": [[4.913969300815744, 52.368778106667136], [4.9139601911670985, 52.36876753820678]]}, "properties": {"Speed": 12.6, "road_quality": 2, "marker": 7, "trip_id": "Febru_Trip1", "hrot_diff": 1, "sample_diff": 16, "time_diff_s": 0.32, "gps_distance_m": 1.3, "original_speed": "1327", "wheel_diameter_mm": 711.0003997802734}}, {"type": "Feature", "geometry": {"type": "LineString", "coordinates": [[4.9139601911670985, 52.36876753820678], [4.913926102505886, 52.368737043083144]]}, "properties": {"Speed": 12.6, "road_quality": 2, "marker": 7, "trip_id": "Febru_Trip1", "hrot_diff": 1, "sample_diff": 16, "time_diff_s": 0.32, "gps_distance_m": 4.1, "original_speed": "1550", "wheel_diameter_mm": 711.0003997802734}}, {"type": "Feature", "geometry": {"type": "LineString", "coordinates": [[4.913926102505886, 52.368737043083144], [4.913890165296001, 52.36870844356883]]}, "properties": {"Speed": 12.6, "road_quality": 2, "marker": 7, "trip_id": "Febru_Trip1", "hrot_diff": 1, "sample_diff": 16, "time_diff_s": 0.32, "gps_distance_m": 4.0, "original_speed": "1574", "wheel_diameter_mm": 711.0003997802734}}, {"type": "Feature", "geometry": {"type": "LineString", "coordinates": [[4.913890165296001, 52.36870844356883], [4.9138751090752715, 52.36868181749652]]}, "properties": {"Speed": 11.8, "road_quality": 2, "marker": 7, "trip_id": "Febru_Trip1", "hrot_diff": 1, "sample_diff": 17, "time_diff_s": 0.34, "gps_distance_m": 3.1, "original_speed": "1587", "wheel_diameter_mm": 711.0003997802734}}, {"type": "Feature", "geometry": {"type": "LineString", "coordinates": [[4.9138751090752715, 52.36868181749652], [4.913855549454348, 52.36865729847796]]}, "properties": {"Speed": 13.4, "road_quality": 2, "marker": 7, "trip_id": "Febru_Trip1", "hrot_diff": 1, "sample_diff": 15, "time_diff_s": 0.3, "gps_distance_m": 3.0, "original_speed": "1574", "wheel_diameter_mm": 711.0003997802734}}, {"type": "Feature", "geometry": {"type": "LineString", "coordinates": [[4.913855549454348, 52.36865729847796], [4.913840999907, 52.368642651712214]]}, "properties": {"Speed": 13.4, "road_quality": 3, "marker": 7, "trip_id": "Febru_Trip1", "hrot_diff": 1, "sample_diff": 15, "time_diff_s": 0.3, "gps_distance_m": 1.9, "original_speed": "1500", "wheel_diameter_mm": 711.0003997802734}}, {"type": "Feature", "geometry": {"type": "LineString", "coordinates": [[4.913840999907, 52.368642651712214], [4.913806692106788, 52.36861005185628]]}, "properties": {"Speed": 14.4, "road_quality": 3, "marker": 7, "trip_id": "Febru_Trip1", "hrot_diff": 1, "sample_diff": 14, "time_diff_s": 0.28, "gps_distance_m": 4.3, "original_speed": "1666", "wheel_diameter_mm": 711.0003997802734}}, {"type": "Feature", "geometry": {"type": "LineString", "coordinates": [[4.913806692106788, 52.36861005185628], [4.913774506049436, 52.368580319886696]]}, "properties": {"Speed": 13.4, "road_quality": 2, "marker": 7, "trip_id": "Febru_Trip1", "hrot_diff": 1, "sample_diff": 15, "time_diff_s": 0.3, "gps_distance_m": 4.0, "original_speed": "1739", "wheel_diameter_mm": 711.0003997802734}}, {"type": "Feature", "geometry": {"type": "LineString", "coordinates": [[4.913774506049436, 52.368580319886696], [4.913747380319734, 52.368551118069675]]}, "properties": {"Speed": 16.8, "road_quality": 3, "marker": 7, "trip_id": "Febru_Trip1", "hrot_diff": 1, "sample_diff": 12, "time_diff_s": 0.24, "gps_distance_m": 3.7, "original_speed": "1724", "wheel_diameter_mm": 711.0003997802734}}, {"type": "Feature", "geometry": {"type": "LineString", "coordinates": [[4.913747380319734, 52.368551118069675], [4.913714510299182, 52.368522336800275]]}, "properties": {"Speed": 18.3, "road_quality": 3, "marker": 7, "trip_id": "Febru_Trip1", "hrot_diff": 1, "sample_diff": 11, "time_diff_s": 0.22, "gps_distance_m": 3.9, "original_speed": "2016", "wheel_diameter_mm": 711.0003997802734}}, {"type": "Feature", "geometry": {"type": "LineString", "coordinates": [[4.913714510299182, 52.368522336800275], [4.913676569986451, 52.36848191272695]]}, "properties": {"Speed": 20.1, "road_quality": 2, "marker": 7, "trip_id": "Febru_Trip1", "hrot_diff": 1, "sample_diff": 10, "time_diff_s": 0.2, "gps_distance_m": 5.2, "original_speed": "2272", "wheel_diameter_mm": 711.0003997802734}}, {"type": "Feature", "geometry": {"type": "LineString", "coordinates": [[4.913676569986451, 52.36848191272695], [4.913640584750056, 52.36844237071647]]}, "properties": {"Speed": 16.8, "road_quality": 2, "marker": 7, "trip_id": "Febru_Trip1", "hrot_diff": 1, "sample_diff": 12, "time_diff_s": 0.24, "gps_distance_m": 5.0, "original_speed": "2475", "wheel_diameter_mm": 711.0003997802734}}, {"type": "Feature", "geometry": {"type": "LineString", "coordinates": [[4.913640584750056, 52.36844237071647], [4.913606776839744, 52.36839945193629]]}, "properties": {"Speed": 18.3, "road_quality": 2, "marker": 7, "trip_id": "Febru_Trip1", "hrot_diff": 1, "sample_diff": 11, "time_diff_s": 0.22, "gps_distance_m": 5.3, "original_speed": "2403", "wheel_diameter_mm": 711.0003997802734}}, {"type": "Feature", "geometry": {"type": "LineString", "coordinates": [[4.913606776839744, 52.36839945193629], [4.913571212517764, 52.36836165817978]]}, "properties": {"Speed": 22.3, "road_quality": 2, "marker": 7, "trip_id": "Febru_Trip1", "hrot_diff": 1, "sample_diff": 9, "time_diff_s": 0.18, "gps_distance_m": 4.8, "original_speed": "2232", "wheel_diameter_mm": 711.0003997802734}}, {"type": "Feature", "geometry": {"type": "LineString", "coordinates": [[4.913571212517764, 52.36836165817978], [4.913541823419661, 52.36832496126108]]}, "properties": {"Speed": 16.8, "road_quality": 2, "marker": 7, "trip_id": "Febru_Trip1", "hrot_diff": 1, "sample_diff": 12, "time_diff_s": 0.24, "gps_distance_m": 4.5, "original_speed": "2427", "wheel_diameter_mm": 711.0003997802734}}, {"type": "Feature", "geometry": {"type": "LineString", "coordinates": [[4.913541823419661, 52.36832496126108], [4.9135142016865565, 52.36828099953207]]}, "properties": {"Speed": 20.1, "road_quality": 2, "marker": 7, "trip_id": "Febru_Trip1", "hrot_diff": 1, "sample_diff": 10, "time_diff_s": 0.2, "gps_distance_m": 5.2, "original_speed": "2403", "wheel_diameter_mm": 711.0003997802734}}, {"type": "Feature", "geometry": {"type": "LineString", "coordinates": [[4.9135142016865565, 52.36828099953207], [4.913474744197679, 52.36824271081855]]}, "properties": {"Speed": 25.1, "road_quality": 2, "marker": 7, "trip_id": "Febru_Trip1", "hrot_diff": 1, "sample_diff": 8, "time_diff_s": 0.16, "gps_distance_m": 5.0, "original_speed": "2336", "wheel_diameter_mm": 711.0003997802734}}, {"type": "Feature", "geometry": {"type": "LineString", "coordinates": [[4.913474744197679, 52.36824271081855], [4.913433356790918, 52.36821174401736]]}, "properties": {"Speed": 22.3, "road_quality": 2, "marker": 7, "trip_id": "Febru_Trip1", "hrot_diff": 1, "sample_diff": 9, "time_diff_s": 0.18, "gps_distance_m": 4.4, "original_speed": "2403", "wheel_diameter_mm": 711.0003997802734}}, {"type": "Feature", "geometry": {"type": "LineString", "coordinates": [[4.913433356790918, 52.36821174401736], [4.913387684806295, 52.368179333144894]]}, "properties": {"Speed": 20.1, "road_quality": 2, "marker": 7, "trip_id": "Febru_Trip1", "hrot_diff": 1, "sample_diff": 10, "time_diff_s": 0.2, "gps_distance_m": 4.8, "original_speed": "2427", "wheel_diameter_mm": 711.0003997802734}}, {"type": "Feature", "geometry": {"type": "LineString", "coordinates": [[4.913387684806295, 52.368179333144894], [4.913330060274524, 52.36815598703787]]}, "properties": {"Speed": 18.3, "road_quality": 2, "marker": 7, "trip_id": "Febru_Trip1", "hrot_diff": 1, "sample_diff": 11, "time_diff_s": 0.22, "gps_distance_m": 4.7, "original_speed": "2380", "wheel_diameter_mm": 711.0003997802734}}, {"type": "Feature", "geometry": {"type": "LineString", "coordinates": [[4.913330060274524, 52.36815598703787], [4.913264399909898, 52.36813070240089]]}, "properties": {"Speed": 20.1, "road_quality": 2, "marker": 7, "trip_id": "Febru_Trip1", "hrot_diff": 1, "sample_diff": 10, "time_diff_s": 0.2, "gps_distance_m": 5.3, "original_speed": "2403", "wheel_diameter_mm": 711.0003997802734}}, {"type": "Feature", "geometry": {"type": "LineString", "coordinates": [[4.913264399909898, 52.36813070240089], [4.913229846373958, 52.36809538808737]]}, "properties": {"Speed": 18.3, "road_quality": 2, "marker": 7, "trip_id": "Febru_Trip1", "hrot_diff": 1, "sample_diff": 11, "time_diff_s": 0.22, "gps_distance_m": 4.6, "original_speed": "2500", "wheel_diameter_mm": 711.0003997802734}}, {"type": "Feature", "geometry": {"type": "LineString", "coordinates": [[4.913229846373958, 52.36809538808737], [4.913200212956779, 52.36804851710001]]}, "properties": {"Speed": 25.1, "road_quality": 2, "marker": 7, "trip_id": "Febru_Trip1", "hrot_diff": 1, "sample_diff": 8, "time_diff_s": 0.16, "gps_distance_m": 5.6, "original_speed": "2631", "wheel_diameter_mm": 711.0003997802734}}, {"type": "Feature", "geometry": {"type": "LineString", "coordinates": [[4.913200212956779, 52.36804851710001], [4.913158873775952, 52.36800229953403]]}, "properties": {"Speed": 15.5, "road_quality": 2, "marker": 7, "trip_id": "Febru_Trip1", "hrot_diff": 1, "sample_diff": 13, "time_diff_s": 0.26, "gps_distance_m": 5.9, "original_speed": "2702", "wheel_diameter_mm": 711.0003997802734}}, {"type": "Feature", "geometry": {"type": "LineString", "coordinates": [[4.913158873775952, 52.36800229953403], [4.913135692144764, 52.367949340953096]]}, "properties": {"Speed": 18.3, "road_quality": 2, "marker": 7, "trip_id": "Febru_Trip1", "hrot_diff": 1, "sample_diff": 11, "time_diff_s": 0.22, "gps_distance_m": 6.1, "original_speed": "2678", "wheel_diameter_mm": 711.0003997802734}}, {"type": "Feature", "geometry": {"type": "LineString", "coordinates": [[4.913135692144764, 52.367949340953096], [4.913091642126355, 52.36790506129568]]}, "properties": {"Speed": 25.1, "road_quality": 2, "marker": 7, "trip_id": "Febru_Trip1", "hrot_diff": 1, "sample_diff": 8, "time_diff_s": 0.16, "gps_distance_m": 5.8, "original_speed": "2631", "wheel_diameter_mm": 711.0003997802734}}, {"type": "Feature", "geometry": {"type": "LineString", "coordinates": [[4.913091642126355, 52.36790506129568], [4.913056169942112, 52.3678637697081]]}, "properties": {"Speed": 18.3, "road_quality": 2, "marker": 7, "trip_id": "Febru_Trip1", "hrot_diff": 1, "sample_diff": 11, "time_diff_s": 0.22, "gps_distance_m": 5.2, "original_speed": "2586", "wheel_diameter_mm": 711.0003997802734}}, {"type": "Feature", "geometry": {"type": "LineString", "coordinates": [[4.913056169942112, 52.3678637697081], [4.913019467595478, 52.367824559507]]}, "properties": {"Speed": 22.3, "road_quality": 2, "marker": 7, "trip_id": "Febru_Trip1", "hrot_diff": 1, "sample_diff": 9, "time_diff_s": 0.18, "gps_distance_m": 5.0, "original_speed": "2631", "wheel_diameter_mm": 711.0003997802734}}, {"type": "Feature", "geometry": {"type": "LineString", "coordinates": [[4.913019467595478, 52.367824559507], [4.9129783377794425, 52.36777630516584]]}, "properties": {"Speed": 18.3, "road_quality": 2, "marker": 7, "trip_id": "Febru_Trip1", "hrot_diff": 1, "sample_diff": 11, "time_diff_s": 0.22, "gps_distance_m": 6.0, "original_speed": "2608", "wheel_diameter_mm": 711.0003997802734}}, {"type": "Feature", "geometry": {"type": "LineString", "coordinates": [[4.9129783377794425, 52.36777630516584], [4.912944438605365, 52.36773231499661]]}, "properties": {"Speed": 18.3, "road_quality": 2, "marker": 7, "trip_id": "Febru_Trip1", "hrot_diff": 1, "sample_diff": 11, "time_diff_s": 0.22, "gps_distance_m": 5.4, "original_speed": "2631", "wheel_diameter_mm": 711.0003997802734}}, {"type": "Feature", "geometry": {"type": "LineString", "coordinates": [[4.912944438605365, 52.36773231499661], [4.912910926280648, 52.36769025155908]]}, "properties": {"Speed": 28.7, "road_quality": 2, "marker": 7, "trip_id": "Febru_Trip1", "hrot_diff": 1, "sample_diff": 7, "time_diff_s": 0.14, "gps_distance_m": 5.2, "original_speed": "2608", "wheel_diameter_mm": 711.0003997802734}}, {"type": "Feature", "geometry": {"type": "LineString", "coordinates": [[4.912910926280648, 52.36769025155908], [4.912871997075738, 52.36764796438981]]}, "properties": {"Speed": 18.3, "road_quality": 2, "marker": 7, "trip_id": "Febru_Trip1", "hrot_diff": 1, "sample_diff": 11, "time_diff_s": 0.22, "gps_distance_m": 5.4, "original_speed": "2631", "wheel_diameter_mm": 711.0003997802734}}, {"type": "Feature", "geometry": {"type": "LineString", "coordinates": [[4.912871997075738, 52.36764796438981], [4.912834261550701, 52.3676069738151]]}, "properties": {"Speed": 16.8, "road_quality": 2, "marker": 7, "trip_id": "Febru_Trip1", "hrot_diff": 1, "sample_diff": 12, "time_diff_s": 0.24, "gps_distance_m": 5.2, "original_speed": "2678", "wheel_diameter_mm": 711.0003997802734}}, {"type": "Feature", "geometry": {"type": "LineString", "coordinates": [[4.912834261550701, 52.3676069738151], [4.912793547449211, 52.367562747768766]]}, "properties": {"Speed": 25.1, "road_quality": 2, "marker": 7, "trip_id": "Febru_Trip1", "hrot_diff": 1, "sample_diff": 8, "time_diff_s": 0.16, "gps_distance_m": 5.6, "original_speed": "2678", "wheel_diameter_mm": 711.0003997802734}}, {"type": "Feature", "geometry": {"type": "LineString", "coordinates": [[4.912793547449211, 52.367562747768766], [4.9127533378792965, 52.36751906974601]]}, "properties": {"Speed": 18.3, "road_quality": 2, "marker": 7, "trip_id": "Febru_Trip1", "hrot_diff": 1, "sample_diff": 11, "time_diff_s": 0.22, "gps_distance_m": 5.6, "original_speed": "2654", "wheel_diameter_mm": 711.0003997802734}}, {"type": "Feature", "geometry": {"type": "LineString", "coordinates": [[4.9127533378792965, 52.36751906974601], [4.912714124796049, 52.36747709001262]]}, "properties": {"Speed": 22.3, "road_quality": 2, "marker": 7, "trip_id": "Febru_Trip1", "hrot_diff": 1, "sample_diff": 9, "time_diff_s": 0.18, "gps_distance_m": 5.4, "original_speed": "2631", "wheel_diameter_mm": 711.0003997802734}}, {"type": "Feature", "geometry": {"type": "LineString", "coordinates": [[4.912714124796049, 52.36747709001262], [4.912672667087828, 52.36743371604564]]}, "properties": {"Speed": 18.3, "road_quality": 2, "marker": 7, "trip_id": "Febru_Trip1", "hrot_diff": 1, "sample_diff": 11, "time_diff_s": 0.22, "gps_distance_m": 5.6, "original_speed": "2631", "wheel_diameter_mm": 711.0003997802734}}, {"type": "Feature", "geometry": {"type": "LineString", "coordinates": [[4.912672667087828, 52.36743371604564], [4.912630759345319, 52.367389871249436]]}, "properties": {"Speed": 16.8, "road_quality": 2, "marker": 7, "trip_id": "Febru_Trip1", "hrot_diff": 1, "sample_diff": 12, "time_diff_s": 0.24, "gps_distance_m": 5.6, "original_speed": "2608", "wheel_diameter_mm": 711.0003997802734}}, {"type": "Feature", "geometry": {"type": "LineString", "coordinates": [[4.912630759345319, 52.367389871249436], [4.912595828314042, 52.36735332558403]]}, "properties": {"Speed": 28.7, "road_quality": 2, "marker": 7, "trip_id": "Febru_Trip1", "hrot_diff": 1, "sample_diff": 7, "time_diff_s": 0.14, "gps_distance_m": 4.7, "original_speed": "2654", "wheel_diameter_mm": 711.0003997802734}}, {"type": "Feature", "geometry": {"type": "LineString", "coordinates": [[4.912595828314042, 52.36735332558403], [4.912548467708579, 52.367303775819586]]}, "properties": {"Speed": 18.3, "road_quality": 2, "marker": 7, "trip_id": "Febru_Trip1", "hrot_diff": 1, "sample_diff": 11, "time_diff_s": 0.22, "gps_distance_m": 6.4, "original_speed": "2678", "wheel_diameter_mm": 711.0003997802734}}, {"type": "Feature", "geometry": {"type": "LineString", "coordinates": [[4.912548467708579, 52.367303775819586], [4.912506152962451, 52.367259040296375]]}, "properties": {"Speed": 22.3, "road_quality": 2, "marker": 7, "trip_id": "Febru_Trip1", "hrot_diff": 1, "sample_diff": 9, "time_diff_s": 0.18, "gps_distance_m": 5.7, "original_speed": "2542", "wheel_diameter_mm": 711.0003997802734}}, {"type": "Feature", "geometry": {"type": "LineString", "coordinates": [[4.912506152962451, 52.367259040296375], [4.912467965786265, 52.36721829322057]]}, "properties": {"Speed": 18.3, "road_quality": 2, "marker": 7, "trip_id": "Febru_Trip1", "hrot_diff": 1, "sample_diff": 11, "time_diff_s": 0.22, "gps_distance_m": 5.2, "original_speed": "2564", "wheel_diameter_mm": 711.0003997802734}}, {"type": "Feature", "geometry": {"type": "LineString", "coordinates": [[4.912467965786265, 52.36721829322057], [4.91243171993648, 52.36717805302677]]}, "properties": {"Speed": 18.3, "road_quality": 2, "marker": 7, "trip_id": "Febru_Trip1", "hrot_diff": 1, "sample_diff": 11, "time_diff_s": 0.22, "gps_distance_m": 5.1, "original_speed": "2403", "wheel_diameter_mm": 711.0003997802734}}, {"type": "Feature", "geometry": {"type": "LineString", "coordinates": [[4.91243171993648, 52.36717805302677], [4.912395605933307, 52.3671381899332]]}, "properties": {"Speed": 18.3, "road_quality": 2, "marker": 7, "trip_id": "Febru_Trip1", "hrot_diff": 1, "sample_diff": 11, "time_diff_s": 0.22, "gps_distance_m": 5.1, "original_speed": "2272", "wheel_diameter_mm": 711.0003997802734}}, {"type": "Feature", "geometry": {"type": "LineString", "coordinates": [[4.912395605933307, 52.3671381899332], [4.912361247632261, 52.36710026480615]]}, "properties": {"Speed": 18.3, "road_quality": 2, "marker": 7, "trip_id": "Febru_Trip1", "hrot_diff": 1, "sample_diff": 11, "time_diff_s": 0.22, "gps_distance_m": 4.8, "original_speed": "2252", "wheel_diameter_mm": 711.0003997802734}}, {"type": "Feature", "geometry": {"type": "LineString", "coordinates": [[4.912361247632261, 52.36710026480615], [4.91232760016492, 52.367063124324154]]}, "properties": {"Speed": 18.3, "road_quality": 2, "marker": 7, "trip_id": "Febru_Trip1", "hrot_diff": 1, "sample_diff": 11, "time_diff_s": 0.22, "gps_distance_m": 4.7, "original_speed": "2155", "wheel_diameter_mm": 711.0003997802734}}, {"type": "Feature", "geometry": {"type": "LineString", "coordinates": [[4.91232760016492, 52.367063124324154], [4.912296051964809, 52.367028300929526]]}, "properties": {"Speed": 14.4, "road_quality": 2, "marker": 7, "trip_id": "Febru_Trip1", "hrot_diff": 1, "sample_diff": 14, "time_diff_s": 0.28, "gps_distance_m": 4.4, "original_speed": "2083", "wheel_diameter_mm": 711.0003997802734}}, {"type": "Feature", "geometry": {"type": "LineString", "coordinates": [[4.912296051964809, 52.367028300929526], [4.912266541967714, 52.366995727385024]]}, "properties": {"Speed": 15.5, "road_quality": 2, "marker": 7, "trip_id": "Febru_Trip1", "hrot_diff": 1, "sample_diff": 13, "time_diff_s": 0.26, "gps_distance_m": 4.1, "original_speed": "1980", "wheel_diameter_mm": 711.0003997802734}}, {"type": "Feature", "geometry": {"type": "LineString", "coordinates": [[4.912266541967714, 52.366995727385024], [4.912244048857045, 52.36697069833146]]}, "properties": {"Speed": 15.5, "road_quality": 2, "marker": 7, "trip_id": "Febru_Trip1", "hrot_diff": 1, "sample_diff": 13, "time_diff_s": 0.26, "gps_distance_m": 3.2, "original_speed": "2000", "wheel_diameter_mm": 711.0003997802734}}, {"type": "Feature", "geometry": {"type": "LineString", "coordinates": [[4.912244048857045, 52.36697069833146], [4.91221496056518, 52.36693959543314]]}, "properties": {"Speed": 20.1, "road_quality": 2, "marker": 7, "trip_id": "Febru_Trip1", "hrot_diff": 1, "sample_diff": 10, "time_diff_s": 0.2, "gps_distance_m": 4.0, "original_speed": "2032", "wheel_diameter_mm": 711.0003997802734}}, {"type": "Feature", "geometry": {"type": "LineString", "coordinates": [[4.91221496056518, 52.36693959543314], [4.912181520580601, 52.36690383932812]]}, "properties": {"Speed": 18.3, "road_quality": 2, "marker": 7, "trip_id": "Febru_Trip1", "hrot_diff": 1, "sample_diff": 11, "time_diff_s": 0.22, "gps_distance_m": 4.6, "original_speed": "2155", "wheel_diameter_mm": 711.0003997802734}}, {"type": "Feature", "geometry": {"type": "LineString", "coordinates": [[4.912181520580601, 52.36690383932812], [4.912143627284071, 52.36686332149822]]}, "properties": {"Speed": 16.8, "road_quality": 2, "marker": 7, "trip_id": "Febru_Trip1", "hrot_diff": 1, "sample_diff": 12, "time_diff_s": 0.24, "gps_distance_m": 5.2, "original_speed": "2192", "wheel_diameter_mm": 711.0003997802734}}, {"type": "Feature", "geometry": {"type": "LineString", "coordinates": [[4.912143627284071, 52.36686332149822], [4.9121124613145195, 52.36682999692275]]}, "properties": {"Speed": 16.8, "road_quality": 2, "marker": 7, "trip_id": "Febru_Trip1", "hrot_diff": 1, "sample_diff": 12, "time_diff_s": 0.24, "gps_distance_m": 4.3, "original_speed": "2100", "wheel_diameter_mm": 711.0003997802734}}, {"type": "Feature", "geometry": {"type": "LineString", "coordinates": [[4.9121124613145195, 52.36682999692275], [4.91208067064029, 52.366795960861865]]}, "properties": {"Speed": 15.5, "road_quality": 2, "marker": 7, "trip_id": "Febru_Trip1", "hrot_diff": 1, "sample_diff": 13, "time_diff_s": 0.26, "gps_distance_m": 4.4, "original_speed": "2049", "wheel_diameter_mm": 711.0003997802734}}, {"type": "Feature", "geometry": {"type": "LineString", "coordinates": [[4.91208067064029, 52.366795960861865], [4.911964443717893, 52.3667930263048]]}, "properties": {"Speed": 15.5, "road_quality": 2, "marker": 7, "trip_id": "Febru_Trip1", "hrot_diff": 1, "sample_diff": 13, "time_diff_s": 0.26, "gps_distance_m": 7.9, "original_speed": "1980", "wheel_diameter_mm": 711.0003997802734}}, {"type": "Feature", "geometry": {"type": "LineString", "coordinates": [[4.911964443717893, 52.3667930263048], [4.911933556852672, 52.36676172983333]]}, "properties": {"Speed": 11.8, "road_quality": 2, "marker": 7, "trip_id": "Febru_Trip1", "hrot_diff": 1, "sample_diff": 17, "time_diff_s": 0.34, "gps_distance_m": 4.1, "original_speed": "1904", "wheel_diameter_mm": 711.0003997802734}}, {"type": "Feature", "geometry": {"type": "LineString", "coordinates": [[4.911933556852672, 52.36676172983333], [4.911906625170554, 52.36673574991849]]}, "properties": {"Speed": 11.8, "road_quality": 2, "marker": 7, "trip_id": "Febru_Trip1", "hrot_diff": 1, "sample_diff": 17, "time_diff_s": 0.34, "gps_distance_m": 3.4, "original_speed": "1652", "wheel_diameter_mm": 711.0003997802734}}, {"type": "Feature", "geometry": {"type": "LineString", "coordinates": [[4.911906625170554, 52.36673574991849], [4.911888164191067, 52.3667179413818]]}, "properties": {"Speed": 7.7, "road_quality": 2, "marker": 7, "trip_id": "Febru_Trip1", "hrot_diff": 1, "sample_diff": 26, "time_diff_s": 0.52, "gps_distance_m": 2.3, "original_speed": "1304", "wheel_diameter_mm": 711.0003997802734}}, {"type": "Feature", "geometry": {"type": "LineString", "coordinates": [[4.911888164191067, 52.3667179413818], [4.911870524854408, 52.366700925452406]]}, "properties": {"Speed": 6.3, "road_quality": 2, "marker": 7, "trip_id": "Febru_Trip1", "hrot_diff": 1, "sample_diff": 32, "time_diff_s": 0.64, "gps_distance_m": 2.2, "original_speed": "1094", "wheel_diameter_mm": 711.0003997802734}}, {"type": "Feature", "geometry": {"type": "LineString", "coordinates": [[4.911870524854408, 52.366700925452406], [4.91185771884906, 52.366689238466634]]}, "properties": {"Speed": 6.1, "road_quality": 2, "marker": 7, "trip_id": "Febru_Trip1", "hrot_diff": 1, "sample_diff": 33, "time_diff_s": 0.66, "gps_distance_m": 1.6, "original_speed": "943", "wheel_diameter_mm": 711.0003997802734}}, {"type": "Feature", "geometry": {"type": "LineString", "coordinates": [[4.91185771884906, 52.366689238466634], [4.911844328920182, 52.36667698809229]]}, "properties": {"Speed": 0.8, "road_quality": 2, "marker": 7, "trip_id": "Febru_Trip1", "hrot_diff": 1, "sample_diff": 267, "time_diff_s": 5.34, "gps_distance_m": 1.6, "original_speed": "617", "wheel_diameter_mm": 711.0003997802734}}, {"type": "Feature", "geometry": {"type": "LineString", "coordinates": [[4.911844328920182, 52.36667698809229], [4.911834499500571, 52.36666522698324]]}, "properties": {"Speed": 5.4, "road_quality": 2, "marker": 7, "trip_id": "Febru_Trip1", "hrot_diff": 1, "sample_diff": 37, "time_diff_s": 0.74, "gps_distance_m": 1.5, "original_speed": "170", "wheel_diameter_mm": 711.0003997802734}}, {"type": "Feature", "geometry": {"type": "LineString", "coordinates": [[4.911834499500571, 52.36666522698324], [4.91182102602948, 52.36665513009164]]}, "properties": {"Speed": 7.7, "road_quality": 2, "marker": 7, "trip_id": "Febru_Trip1", "hrot_diff": 1, "sample_diff": 26, "time_diff_s": 0.52, "gps_distance_m": 1.4, "original_speed": "826", "wheel_diameter_mm": 711.0003997802734}}, {"type": "Feature", "geometry": {"type": "LineString", "coordinates": [[4.91182102602948, 52.36665513009164], [4.91179618235631, 52.366636512308276]]}, "properties": {"Speed": 11.8, "road_quality": 2, "marker": 7, "trip_id": "Febru_Trip1", "hrot_diff": 1, "sample_diff": 17, "time_diff_s": 0.34, "gps_distance_m": 2.7, "original_speed": "1171", "wheel_diameter_mm": 711.0003997802734}}, {"type": "Feature", "geometry": {"type": "LineString", "coordinates": [[4.91179618235631, 52.366636512308276], [4.911767303769651, 52.36661487084033]]}, "properties": {"Speed": 12.6, "road_quality": 2, "marker": 7, "trip_id": "Febru_Trip1", "hrot_diff": 1, "sample_diff": 16, "time_diff_s": 0.32, "gps_distance_m": 3.1, "original_speed": "1363", "wheel_diameter_mm": 711.0003997802734}}, {"type": "Feature", "geometry": {"type": "LineString", "coordinates": [[4.911767303769651, 52.36661487084033], [4.911735970033984, 52.366591389622855]]}, "properties": {"Speed": 12.6, "road_quality": 2, "marker": 7, "trip_id": "Febru_Trip1", "hrot_diff": 1, "sample_diff": 16, "time_diff_s": 0.32, "gps_distance_m": 3.4, "original_speed": "1481", "wheel_diameter_mm": 711.0003997802734}}, {"type": "Feature", "geometry": {"type": "LineString", "coordinates": [[4.911735970033984, 52.366591389622855], [4.9117013029021965, 52.36656946865491]]}, "properties": {"Speed": 12.6, "road_quality": 2, "marker": 7, "trip_id": "Febru_Trip1", "hrot_diff": 1, "sample_diff": 16, "time_diff_s": 0.32, "gps_distance_m": 3.4, "original_speed": "1562", "wheel_diameter_mm": 711.0003997802734}}, {"type": "Feature", "geometry": {"type": "LineString", "coordinates": [[4.9117013029021965, 52.36656946865491], [4.911673176980968, 52.36654312141288]]}, "properties": {"Speed": 13.4, "road_quality": 2, "marker": 7, "trip_id": "Febru_Trip1", "hrot_diff": 1, "sample_diff": 15, "time_diff_s": 0.3, "gps_distance_m": 3.5, "original_speed": "1550", "wheel_diameter_mm": 711.0003997802734}}, {"type": "Feature", "geometry": {"type": "LineString", "coordinates": [[4.911673176980968, 52.36654312141288], [4.911659720680665, 52.36651572868494]]}, "properties": {"Speed": 11.8, "road_quality": 2, "marker": 7, "trip_id": "Febru_Trip1", "hrot_diff": 1, "sample_diff": 17, "time_diff_s": 0.34, "gps_distance_m": 3.2, "original_speed": "1574", "wheel_diameter_mm": 711.0003997802734}}, {"type": "Feature", "geometry": {"type": "LineString", "coordinates": [[4.911659720680665, 52.36651572868494], [4.91163810704299, 52.366489603656]]}, "properties": {"Speed": 13.4, "road_quality": 2, "marker": 7, "trip_id": "Febru_Trip1", "hrot_diff": 1, "sample_diff": 15, "time_diff_s": 0.3, "gps_distance_m": 3.3, "original_speed": "1485", "wheel_diameter_mm": 711.0003997802734}}, {"type": "Feature", "geometry": {"type": "LineString", "coordinates": [[4.91163810704299, 52.366489603656], [4.911621701678107, 52.366463812123]]}, "properties": {"Speed": 12.6, "road_quality": 2, "marker": 7, "trip_id": "Febru_Trip1", "hrot_diff": 1, "sample_diff": 16, "time_diff_s": 0.32, "gps_distance_m": 3.1, "original_speed": "1485", "wheel_diameter_mm": 711.0003997802734}}, {"type": "Feature", "geometry": {"type": "LineString", "coordinates": [[4.911621701678107, 52.366463812123], [4.911605431179614, 52.36643688540859]]}, "properties": {"Speed": 13.4, "road_quality": 2, "marker": 7, "trip_id": "Febru_Trip1", "hrot_diff": 1, "sample_diff": 15, "time_diff_s": 0.3, "gps_distance_m": 3.2, "original_speed": "1500", "wheel_diameter_mm": 711.0003997802734}}, {"type": "Feature", "geometry": {"type": "LineString", "coordinates": [[4.911605431179614, 52.36643688540859], [4.9115881492570255, 52.366407899657695]]}, "properties": {"Speed": 15.5, "road_quality": 2, "marker": 7, "trip_id": "Febru_Trip1", "hrot_diff": 1, "sample_diff": 13, "time_diff_s": 0.26, "gps_distance_m": 3.4, "original_speed": "1666", "wheel_diameter_mm": 711.0003997802734}}, {"type": "Feature", "geometry": {"type": "LineString", "coordinates": [[4.9115881492570255, 52.366407899657695], [4.911565317079121, 52.36638163404535]]}, "properties": {"Speed": 14.4, "road_quality": 2, "marker": 7, "trip_id": "Febru_Trip1", "hrot_diff": 1, "sample_diff": 14, "time_diff_s": 0.28, "gps_distance_m": 3.3, "original_speed": "1785", "wheel_diameter_mm": 711.0003997802734}}, {"type": "Feature", "geometry": {"type": "LineString", "coordinates": [[4.911565317079121, 52.36638163404535], [4.911546399491725, 52.36635819698767]]}, "properties": {"Speed": 15.5, "road_quality": 2, "marker": 7, "trip_id": "Febru_Trip1", "hrot_diff": 1, "sample_diff": 13, "time_diff_s": 0.26, "gps_distance_m": 2.9, "original_speed": "1904", "wheel_diameter_mm": 711.0003997802734}}, {"type": "Feature", "geometry": {"type": "LineString", "coordinates": [[4.911546399491725, 52.36635819698767], [4.911438604592511, 52.366377198513476]]}, "properties": {"Speed": 18.3, "road_quality": 2, "marker": 7, "trip_id": "Febru_Trip1", "hrot_diff": 1, "sample_diff": 11, "time_diff_s": 0.22, "gps_distance_m": 7.6, "original_speed": "2000", "wheel_diameter_mm": 711.0003997802734}}, {"type": "Feature", "geometry": {"type": "LineString", "coordinates": [[4.911438604592511, 52.366377198513476], [4.911383416548784, 52.36636061795091]]}, "properties": {"Speed": 18.3, "road_quality": 2, "marker": 7, "trip_id": "Febru_Trip1", "hrot_diff": 1, "sample_diff": 11, "time_diff_s": 0.22, "gps_distance_m": 4.2, "original_speed": "2155", "wheel_diameter_mm": 711.0003997802734}}, {"type": "Feature", "geometry": {"type": "LineString", "coordinates": [[4.911383416548784, 52.36636061795091], [4.9113310284454945, 52.36634635182887]]}, "properties": {"Speed": 18.3, "road_quality": 2, "marker": 7, "trip_id": "Febru_Trip1", "hrot_diff": 1, "sample_diff": 11, "time_diff_s": 0.22, "gps_distance_m": 3.9, "original_speed": "2192", "wheel_diameter_mm": 711.0003997802734}}, {"type": "Feature", "geometry": {"type": "LineString", "coordinates": [[4.9113310284454945, 52.36634635182887], [4.911284162488887, 52.36631627394203]]}, "properties": {"Speed": 16.8, "road_quality": 2, "marker": 7, "trip_id": "Febru_Trip1", "hrot_diff": 1, "sample_diff": 12, "time_diff_s": 0.24, "gps_distance_m": 4.6, "original_speed": "2293", "wheel_diameter_mm": 711.0003997802734}}, {"type": "Feature", "geometry": {"type": "LineString", "coordinates": [[4.911284162488887, 52.36631627394203], [4.911256724116894, 52.36627431630611]]}, "properties": {"Speed": 18.3, "road_quality": 2, "marker": 7, "trip_id": "Febru_Trip1", "hrot_diff": 1, "sample_diff": 11, "time_diff_s": 0.22, "gps_distance_m": 5.0, "original_speed": "2358", "wheel_diameter_mm": 711.0003997802734}}, {"type": "Feature", "geometry": {"type": "LineString", "coordinates": [[4.911256724116894, 52.36627431630611], [4.911225710175851, 52.366227064403326]]}, "properties": {"Speed": 20.1, "road_quality": 2, "marker": 7, "trip_id": "Febru_Trip1", "hrot_diff": 1, "sample_diff": 10, "time_diff_s": 0.2, "gps_distance_m": 5.7, "original_speed": "2358", "wheel_diameter_mm": 711.0003997802734}}, {"type": "Feature", "geometry": {"type": "LineString", "coordinates": [[4.911225710175851, 52.366227064403326], [4.911202671835169, 52.36618105763358]]}, "properties": {"Speed": 18.3, "road_quality": 2, "marker": 7, "trip_id": "Febru_Trip1", "hrot_diff": 1, "sample_diff": 11, "time_diff_s": 0.22, "gps_distance_m": 5.3, "original_speed": "2427", "wheel_diameter_mm": 711.0003997802734}}, {"type": "Feature", "geometry": {"type": "LineString", "coordinates": [[4.911202671835169, 52.36618105763358], [4.911176839973719, 52.3661326915095]]}, "properties": {"Speed": 20.1, "road_quality": 2, "marker": 7, "trip_id": "Febru_Trip1", "hrot_diff": 1, "sample_diff": 10, "time_diff_s": 0.2, "gps_distance_m": 5.7, "original_speed": "2475", "wheel_diameter_mm": 711.0003997802734}}, {"type": "Feature", "geometry": {"type": "LineString", "coordinates": [[4.911176839973719, 52.3661326915095], [4.9112857143029025, 52.36600938971129]]}, "properties": {"Speed": 18.3, "road_quality": 2, "marker": 7, "trip_id": "Febru_Trip1", "hrot_diff": 1, "sample_diff": 11, "time_diff_s": 0.22, "gps_distance_m": 15.6, "original_speed": "2475", "wheel_diameter_mm": 711.0003997802734}}, {"type": "Feature", "geometry": {"type": "LineString", "coordinates": [[4.9112857143029025, 52.36600938971129], [4.91124030837736, 52.365969636736665]]}, "properties": {"Speed": 25.1, "road_quality": 2, "marker": 7, "trip_id": "Febru_Trip1", "hrot_diff": 1, "sample_diff": 8, "time_diff_s": 0.16, "gps_distance_m": 5.4, "original_speed": "2521", "wheel_diameter_mm": 711.0003997802734}}, {"type": "Feature", "geometry": {"type": "LineString", "coordinates": [[4.91124030837736, 52.365969636736665], [4.911184092312667, 52.365934020444605]]}, "properties": {"Speed": 18.3, "road_quality": 2, "marker": 7, "trip_id": "Febru_Trip1", "hrot_diff": 1, "sample_diff": 11, "time_diff_s": 0.22, "gps_distance_m": 5.5, "original_speed": "2564", "wheel_diameter_mm": 711.0003997802734}}, {"type": "Feature", "geometry": {"type": "LineString", "coordinates": [[4.911184092312667, 52.365934020444605], [4.911142519024353, 52.3658967095554]]}, "properties": {"Speed": 25.1, "road_quality": 2, "marker": 7, "trip_id": "Febru_Trip1", "hrot_diff": 1, "sample_diff": 8, "time_diff_s": 0.16, "gps_distance_m": 5.0, "original_speed": "2542", "wheel_diameter_mm": 711.0003997802734}}, {"type": "Feature", "geometry": {"type": "LineString", "coordinates": [[4.911142519024353, 52.3658967095554], [4.911094989449447, 52.365859177131505]]}, "properties": {"Speed": 18.3, "road_quality": 2, "marker": 7, "trip_id": "Febru_Trip1", "hrot_diff": 1, "sample_diff": 11, "time_diff_s": 0.22, "gps_distance_m": 5.3, "original_speed": "2586", "wheel_diameter_mm": 711.0003997802734}}, {"type": "Feature", "geometry": {"type": "LineString", "coordinates": [[4.911094989449447, 52.365859177131505], [4.9110516702898845, 52.36581685279372]]}, "properties": {"Speed": 18.3, "road_quality": 2, "marker": 7, "trip_id": "Febru_Trip1", "hrot_diff": 1, "sample_diff": 11, "time_diff_s": 0.22, "gps_distance_m": 5.5, "original_speed": "2608", "wheel_diameter_mm": 711.0003997802734}}, {"type": "Feature", "geometry": {"type": "LineString", "coordinates": [[4.9110516702898845, 52.36581685279372], [4.911010583552874, 52.36577764681578]]}, "properties": {"Speed": 25.1, "road_quality": 2, "marker": 7, "trip_id": "Febru_Trip1", "hrot_diff": 1, "sample_diff": 8, "time_diff_s": 0.16, "gps_distance_m": 5.2, "original_speed": "2631", "wheel_diameter_mm": 711.0003997802734}}, {"type": "Feature", "geometry": {"type": "LineString", "coordinates": [[4.911010583552874, 52.36577764681578], [4.910964239610915, 52.36573361607314]]}, "properties": {"Speed": 18.3, "road_quality": 2, "marker": 7, "trip_id": "Febru_Trip1", "hrot_diff": 1, "sample_diff": 11, "time_diff_s": 0.22, "gps_distance_m": 5.8, "original_speed": "2586", "wheel_diameter_mm": 711.0003997802734}}, {"type": "Feature", "geometry": {"type": "LineString", "coordinates": [[4.910964239610915, 52.36573361607314], [4.910919587198665, 52.36569978870277]]}, "properties": {"Speed": 22.3, "road_quality": 2, "marker": 7, "trip_id": "Febru_Trip1", "hrot_diff": 1, "sample_diff": 9, "time_diff_s": 0.18, "gps_distance_m": 4.8, "original_speed": "2631", "wheel_diameter_mm": 711.0003997802734}}, {"type": "Feature", "geometry": {"type": "LineString", "coordinates": [[4.910919587198665, 52.36569978870277], [4.9108713589225, 52.365647641866694]]}, "properties": {"Speed": 16.8, "road_quality": 2, "marker": 7, "trip_id": "Febru_Trip1", "hrot_diff": 1, "sample_diff": 12, "time_diff_s": 0.24, "gps_distance_m": 6.7, "original_speed": "2586", "wheel_diameter_mm": 711.0003997802734}}, {"type": "Feature", "geometry": {"type": "LineString", "coordinates": [[4.9108713589225, 52.365647641866694], [4.910829291226057, 52.365605425110765]]}, "properties": {"Speed": 16.8, "road_quality": 2, "marker": 7, "trip_id": "Febru_Trip1", "hrot_diff": 1, "sample_diff": 12, "time_diff_s": 0.24, "gps_distance_m": 5.5, "original_speed": "2564", "wheel_diameter_mm": 711.0003997802734}}, {"type": "Feature", "geometry": {"type": "LineString", "coordinates": [[4.910829291226057, 52.365605425110765], [4.910798004387214, 52.36555690456338]]}, "properties": {"Speed": 18.3, "road_quality": 2, "marker": 7, "trip_id": "Febru_Trip1", "hrot_diff": 1, "sample_diff": 11, "time_diff_s": 0.22, "gps_distance_m": 5.8, "original_speed": "2450", "wheel_diameter_mm": 711.0003997802734}}, {"type": "Feature", "geometry": {"type": "LineString", "coordinates": [[4.910798004387214, 52.36555690456338], [4.910765663417833, 52.36551240235703]]}, "properties": {"Speed": 20.1, "road_quality": 2, "marker": 7, "trip_id": "Febru_Trip1", "hrot_diff": 1, "sample_diff": 10, "time_diff_s": 0.2, "gps_distance_m": 5.4, "original_speed": "2427", "wheel_diameter_mm": 711.0003997802734}}, {"type": "Feature", "geometry": {"type": "LineString", "coordinates": [[4.910765663417833, 52.36551240235703], [4.910738612931335, 52.365477707218666]]}, "properties": {"Speed": 18.3, "road_quality": 2, "marker": 7, "trip_id": "Febru_Trip1", "hrot_diff": 1, "sample_diff": 11, "time_diff_s": 0.22, "gps_distance_m": 4.3, "original_speed": "2314", "wheel_diameter_mm": 711.0003997802734}}, {"type": "Feature", "geometry": {"type": "LineString", "coordinates": [[4.910738612931335, 52.365477707218666], [4.910703916821909, 52.365438171814986]]}, "properties": {"Speed": 18.3, "road_quality": 2, "marker": 7, "trip_id": "Febru_Trip1", "hrot_diff": 1, "sample_diff": 11, "time_diff_s": 0.22, "gps_distance_m": 5.0, "original_speed": "2293", "wheel_diameter_mm": 711.0003997802734}}, {"type": "Feature", "geometry": {"type": "LineString", "coordinates": [[4.910703916821909, 52.365438171814986], [4.9106711906611995, 52.36540241967893]]}, "properties": {"Speed": 15.5, "road_quality": 2, "marker": 7, "trip_id": "Febru_Trip1", "hrot_diff": 1, "sample_diff": 13, "time_diff_s": 0.26, "gps_distance_m": 4.6, "original_speed": "2192", "wheel_diameter_mm": 711.0003997802734}}, {"type": "Feature", "geometry": {"type": "LineString", "coordinates": [[4.9106711906611995, 52.36540241967893], [4.910646448728776, 52.3653663615139]]}, "properties": {"Speed": 14.4, "road_quality": 2, "marker": 7, "trip_id": "Febru_Trip1", "hrot_diff": 1, "sample_diff": 14, "time_diff_s": 0.28, "gps_distance_m": 4.3, "original_speed": "2118", "wheel_diameter_mm": 711.0003997802734}}, {"type": "Feature", "geometry": {"type": "LineString", "coordinates": [[4.910646448728776, 52.3653663615139], [4.910623530521843, 52.36533580604551]]}, "properties": {"Speed": 14.4, "road_quality": 2, "marker": 7, "trip_id": "Febru_Trip1", "hrot_diff": 1, "sample_diff": 14, "time_diff_s": 0.28, "gps_distance_m": 3.7, "original_speed": "1923", "wheel_diameter_mm": 711.0003997802734}}, {"type": "Feature", "geometry": {"type": "LineString", "coordinates": [[4.910623530521843, 52.36533580604551], [4.910602929975206, 52.36530066781675]]}, "properties": {"Speed": 14.4, "road_quality": 2, "marker": 7, "trip_id": "Febru_Trip1", "hrot_diff": 1, "sample_diff": 14, "time_diff_s": 0.28, "gps_distance_m": 4.2, "original_speed": "1709", "wheel_diameter_mm": 711.0003997802734}}, {"type": "Feature", "geometry": {"type": "LineString", "coordinates": [[4.910602929975206, 52.36530066781675], [4.91057961965577, 52.36527219836003]]}, "properties": {"Speed": 11.2, "road_quality": 2, "marker": 7, "trip_id": "Febru_Trip1", "hrot_diff": 1, "sample_diff": 18, "time_diff_s": 0.36, "gps_distance_m": 3.5, "original_speed": "1587", "wheel_diameter_mm": 711.0003997802734}}, {"type": "Feature", "geometry": {"type": "LineString", "coordinates": [[4.91057961965577, 52.36527219836003], [4.910561769708513, 52.36524732708055]]}, "properties": {"Speed": 11.8, "road_quality": 2, "marker": 7, "trip_id": "Febru_Trip1", "hrot_diff": 1, "sample_diff": 17, "time_diff_s": 0.34, "gps_distance_m": 3.0, "original_speed": "1456", "wheel_diameter_mm": 711.0003997802734}}, {"type": "Feature", "geometry": {"type": "LineString", "coordinates": [[4.910561769708513, 52.36524732708055], [4.910543570495811, 52.36522141520356]]}, "properties": {"Speed": 11.2, "road_quality": 2, "marker": 7, "trip_id": "Febru_Trip1", "hrot_diff": 1, "sample_diff": 18, "time_diff_s": 0.36, "gps_distance_m": 3.1, "original_speed": "1401", "wheel_diameter_mm": 711.0003997802734}}, {"type": "Feature", "geometry": {"type": "LineString", "coordinates": [[4.910543570495811, 52.36522141520356], [4.910526262777234, 52.36519616409796]]}, "properties": {"Speed": 11.2, "road_quality": 2, "marker": 7, "trip_id": "Febru_Trip1", "hrot_diff": 1, "sample_diff": 18, "time_diff_s": 0.36, "gps_distance_m": 3.0, "original_speed": "1363", "wheel_diameter_mm": 711.0003997802734}}, {"type": "Feature", "geometry": {"type": "LineString", "coordinates": [[4.910526262777234, 52.36519616409796], [4.910510330535314, 52.365170358928395]]}, "properties": {"Speed": 11.8, "road_quality": 2, "marker": 7, "trip_id": "Febru_Trip1", "hrot_diff": 1, "sample_diff": 17, "time_diff_s": 0.34, "gps_distance_m": 3.1, "original_speed": "1428", "wheel_diameter_mm": 711.0003997802734}}, {"type": "Feature", "geometry": {"type": "LineString", "coordinates": [[4.910510330535314, 52.365170358928395], [4.910483736078946, 52.36514286075888]]}, "properties": {"Speed": 14.4, "road_quality": 2, "marker": 7, "trip_id": "Febru_Trip1", "hrot_diff": 1, "sample_diff": 14, "time_diff_s": 0.28, "gps_distance_m": 3.6, "original_speed": "1612", "wheel_diameter_mm": 711.0003997802734}}, {"type": "Feature", "geometry": {"type": "LineString", "coordinates": [[4.910483736078946, 52.36514286075888], [4.910450758200605, 52.36511761733982]]}, "properties": {"Speed": 15.5, "road_quality": 2, "marker": 7, "trip_id": "Febru_Trip1", "hrot_diff": 1, "sample_diff": 13, "time_diff_s": 0.26, "gps_distance_m": 3.6, "original_speed": "1818", "wheel_diameter_mm": 711.0003997802734}}, {"type": "Feature", "geometry": {"type": "LineString", "coordinates": [[4.910450758200605, 52.36511761733982], [4.910430935977165, 52.36509052567943]]}, "properties": {"Speed": 16.8, "road_quality": 2, "marker": 7, "trip_id": "Febru_Trip1", "hrot_diff": 1, "sample_diff": 12, "time_diff_s": 0.24, "gps_distance_m": 3.3, "original_speed": "1941", "wheel_diameter_mm": 711.0003997802734}}, {"type": "Feature", "geometry": {"type": "LineString", "coordinates": [[4.910430935977165, 52.36509052567943], [4.910402749079284, 52.36506581283603]]}, "properties": {"Speed": 22.3, "road_quality": 2, "marker": 7, "trip_id": "Febru_Trip1", "hrot_diff": 1, "sample_diff": 9, "time_diff_s": 0.18, "gps_distance_m": 3.3, "original_speed": "1984", "wheel_diameter_mm": 711.0003997802734}}, {"type": "Feature", "geometry": {"type": "LineString", "coordinates": [[4.910402749079284, 52.36506581283603], [4.910364591747119, 52.36504276330105]]}, "properties": {"Speed": 18.3, "road_quality": 2, "marker": 7, "trip_id": "Febru_Trip1", "hrot_diff": 1, "sample_diff": 11, "time_diff_s": 0.22, "gps_distance_m": 3.6, "original_speed": "2212", "wheel_diameter_mm": 711.0003997802734}}, {"type": "Feature", "geometry": {"type": "LineString", "coordinates": [[4.910364591747119, 52.36504276330105], [4.910314634579769, 52.36502492315083]]}, "properties": {"Speed": 16.8, "road_quality": 2, "marker": 7, "trip_id": "Febru_Trip1", "hrot_diff": 1, "sample_diff": 12, "time_diff_s": 0.24, "gps_distance_m": 3.9, "original_speed": "2272", "wheel_diameter_mm": 711.0003997802734}}, {"type": "Feature", "geometry": {"type": "LineString", "coordinates": [[4.910314634579769, 52.36502492315083], [4.910258998192856, 52.36501527919508]]}, "properties": {"Speed": 16.8, "road_quality": 2, "marker": 7, "trip_id": "Febru_Trip1", "hrot_diff": 1, "sample_diff": 12, "time_diff_s": 0.24, "gps_distance_m": 3.9, "original_speed": "2100", "wheel_diameter_mm": 711.0003997802734}}, {"type": "Feature", "geometry": {"type": "LineString", "coordinates": [[4.910258998192856, 52.36501527919508], [4.910070693841764, 52.36502829075686]]}, "properties": {"Speed": 15.5, "road_quality": 2, "marker": 7, "trip_id": "Febru_Trip1", "hrot_diff": 1, "sample_diff": 13, "time_diff_s": 0.26, "gps_distance_m": 12.9, "original_speed": "2136", "wheel_diameter_mm": 711.0003997802734}}, {"type": "Feature", "geometry": {"type": "LineString", "coordinates": [[4.910070693841764, 52.36502829075686], [4.910012254236304, 52.36501814343858]]}, "properties": {"Speed": 16.8, "road_quality": 2, "marker": 7, "trip_id": "Febru_Trip1", "hrot_diff": 1, "sample_diff": 12, "time_diff_s": 0.24, "gps_distance_m": 4.1, "original_speed": "2136", "wheel_diameter_mm": 711.0003997802734}}, {"type": "Feature", "geometry": {"type": "LineString", "coordinates": [[4.910012254236304, 52.36501814343858], [4.9099491462167855, 52.365011570371195]]}, "properties": {"Speed": 18.3, "road_quality": 2, "marker": 7, "trip_id": "Febru_Trip1", "hrot_diff": 1, "sample_diff": 11, "time_diff_s": 0.22, "gps_distance_m": 4.3, "original_speed": "2100", "wheel_diameter_mm": 711.0003997802734}}, {"type": "Feature", "geometry": {"type": "LineString", "coordinates": [[4.9099491462167855, 52.365011570371195], [4.909887686100757, 52.365003002583755]]}, "properties": {"Speed": 20.1, "road_quality": 2, "marker": 7, "trip_id": "Febru_Trip1", "hrot_diff": 1, "sample_diff": 10, "time_diff_s": 0.2, "gps_distance_m": 4.3, "original_speed": "2252", "wheel_diameter_mm": 711.0003997802734}}, {"type": "Feature", "geometry": {"type": "LineString", "coordinates": [[4.909887686100757, 52.365003002583755], [4.909820651481624, 52.3649900648022]]}, "properties": {"Speed": 15.5, "road_quality": 2, "marker": 7, "trip_id": "Febru_Trip1", "hrot_diff": 1, "sample_diff": 13, "time_diff_s": 0.26, "gps_distance_m": 4.8, "original_speed": "2212", "wheel_diameter_mm": 711.0003997802734}}, {"type": "Feature", "geometry": {"type": "LineString", "coordinates": [[4.909820651481624, 52.3649900648022], [4.909757922568928, 52.36497365438267]]}, "properties": {"Speed": 18.3, "road_quality": 2, "marker": 7, "trip_id": "Febru_Trip1", "hrot_diff": 1, "sample_diff": 11, "time_diff_s": 0.22, "gps_distance_m": 4.6, "original_speed": "2232", "wheel_diameter_mm": 711.0003997802734}}, {"type": "Feature", "geometry": {"type": "LineString", "coordinates": [[4.909757922568928, 52.36497365438267], [4.909688024762659, 52.36496259884269]]}, "properties": {"Speed": 18.3, "road_quality": 2, "marker": 7, "trip_id": "Febru_Trip1", "hrot_diff": 1, "sample_diff": 11, "time_diff_s": 0.22, "gps_distance_m": 4.9, "original_speed": "2293", "wheel_diameter_mm": 711.0003997802734}}, {"type": "Feature", "geometry": {"type": "LineString", "coordinates": [[4.909688024762659, 52.36496259884269], [4.909618737838508, 52.364948437078276]]}, "properties": {"Speed": 18.3, "road_quality": 2, "marker": 7, "trip_id": "Febru_Trip1", "hrot_diff": 1, "sample_diff": 11, "time_diff_s": 0.22, "gps_distance_m": 5.0, "original_speed": "2272", "wheel_diameter_mm": 711.0003997802734}}, {"type": "Feature", "geometry": {"type": "LineString", "coordinates": [[4.909618737838508, 52.364948437078276], [4.909548524781829, 52.36493411035782]]}, "properties": {"Speed": 16.8, "road_quality": 2, "marker": 7, "trip_id": "Febru_Trip1", "hrot_diff": 1, "sample_diff": 12, "time_diff_s": 0.24, "gps_distance_m": 5.0, "original_speed": "2252", "wheel_diameter_mm": 711.0003997802734}}, {"type": "Feature", "geometry": {"type": "LineString", "coordinates": [[4.909548524781829, 52.36493411035782], [4.909481881222295, 52.364920300041916]]}, "properties": {"Speed": 20.1, "road_quality": 2, "marker": 7, "trip_id": "Febru_Trip1", "hrot_diff": 1, "sample_diff": 10, "time_diff_s": 0.2, "gps_distance_m": 4.8, "original_speed": "2272", "wheel_diameter_mm": 711.0003997802734}}, {"type": "Feature", "geometry": {"type": "LineString", "coordinates": [[4.909481881222295, 52.364920300041916], [4.909414316545771, 52.36491342399155]]}, "properties": {"Speed": 18.3, "road_quality": 2, "marker": 7, "trip_id": "Febru_Trip1", "hrot_diff": 1, "sample_diff": 11, "time_diff_s": 0.22, "gps_distance_m": 4.7, "original_speed": "2358", "wheel_diameter_mm": 711.0003997802734}}, {"type": "Feature", "geometry": {"type": "LineString", "coordinates": [[4.909414316545771, 52.36491342399155], [4.909349776770269, 52.364899420079226]]}, "properties": {"Speed": 22.3, "road_quality": 2, "marker": 7, "trip_id": "Febru_Trip1", "hrot_diff": 1, "sample_diff": 9, "time_diff_s": 0.18, "gps_distance_m": 4.7, "original_speed": "2358", "wheel_diameter_mm": 711.0003997802734}}, {"type": "Feature", "geometry": {"type": "LineString", "coordinates": [[4.909349776770269, 52.364899420079226], [4.909282268978961, 52.36488419748303]]}, "properties": {"Speed": 20.1, "road_quality": 2, "marker": 7, "trip_id": "Febru_Trip1", "hrot_diff": 1, "sample_diff": 10, "time_diff_s": 0.2, "gps_distance_m": 4.9, "original_speed": "2314", "wheel_diameter_mm": 711.0003997802734}}, {"type": "Feature", "geometry": {"type": "LineString", "coordinates": [[4.909282268978961, 52.36488419748303], [4.909215375581685, 52.36486879312455]]}, "properties": {"Speed": 18.3, "road_quality": 2, "marker": 7, "trip_id": "Febru_Trip1", "hrot_diff": 1, "sample_diff": 11, "time_diff_s": 0.22, "gps_distance_m": 4.9, "original_speed": "2293", "wheel_diameter_mm": 711.0003997802734}}, {"type": "Feature", "geometry": {"type": "LineString", "coordinates": [[4.909215375581685, 52.36486879312455], [4.909149689302429, 52.36485748316387]]}, "properties": {"Speed": 18.3, "road_quality": 2, "marker": 7, "trip_id": "Febru_Trip1", "hrot_diff": 1, "sample_diff": 11, "time_diff_s": 0.22, "gps_distance_m": 4.6, "original_speed": "2293", "wheel_diameter_mm": 711.0003997802734}}, {"type": "Feature", "geometry": {"type": "LineString", "coordinates": [[4.909149689302429, 52.36485748316387], [4.909104665700292, 52.36485363528569]]}, "properties": {"Speed": 16.8, "road_quality": 2, "marker": 7, "trip_id": "Febru_Trip1", "hrot_diff": 1, "sample_diff": 12, "time_diff_s": 0.24, "gps_distance_m": 3.1, "original_speed": "2272", "wheel_diameter_mm": 711.0003997802734}}, {"type": "Feature", "geometry": {"type": "LineString", "coordinates": [[4.909104665700292, 52.36485363528569], [4.909031622195268, 52.364843092146444]]}, "properties": {"Speed": 20.1, "road_quality": 2, "marker": 7, "trip_id": "Febru_Trip1", "hrot_diff": 1, "sample_diff": 10, "time_diff_s": 0.2, "gps_distance_m": 5.1, "original_speed": "2272", "wheel_diameter_mm": 711.0003997802734}}, {"type": "Feature", "geometry": {"type": "LineString", "coordinates": [[4.909031622195268, 52.364843092146444], [4.908945080718749, 52.3648280701626]]}, "properties": {"Speed": 20.1, "road_quality": 2, "marker": 7, "trip_id": "Febru_Trip1", "hrot_diff": 1, "sample_diff": 10, "time_diff_s": 0.2, "gps_distance_m": 6.1, "original_speed": "2293", "wheel_diameter_mm": 711.0003997802734}}, {"type": "Feature", "geometry": {"type": "LineString", "coordinates": [[4.908945080718749, 52.3648280701626], [4.90887433787749, 52.3648147501095]]}, "properties": {"Speed": 16.8, "road_quality": 2, "marker": 7, "trip_id": "Febru_Trip1", "hrot_diff": 1, "sample_diff": 12, "time_diff_s": 0.24, "gps_distance_m": 5.0, "original_speed": "2358", "wheel_diameter_mm": 711.0003997802734}}, {"type": "Feature", "geometry": {"type": "LineString", "coordinates": [[4.90887433787749, 52.3648147501095], [4.908812942767429, 52.36480806112759]]}, "properties": {"Speed": 20.1, "road_quality": 2, "marker": 7, "trip_id": "Febru_Trip1", "hrot_diff": 1, "sample_diff": 10, "time_diff_s": 0.2, "gps_distance_m": 4.2, "original_speed": "2358", "wheel_diameter_mm": 711.0003997802734}}, {"type": "Feature", "geometry": {"type": "LineString", "coordinates": [[4.908812942767429, 52.36480806112759], [4.908740726792117, 52.36479344791567]]}, "properties": {"Speed": 16.8, "road_quality": 2, "marker": 7, "trip_id": "Febru_Trip1", "hrot_diff": 1, "sample_diff": 12, "time_diff_s": 0.24, "gps_distance_m": 5.2, "original_speed": "2380", "wheel_diameter_mm": 711.0003997802734}}, {"type": "Feature", "geometry": {"type": "LineString", "coordinates": [[4.908740726792117, 52.36479344791567], [4.9086712126283505, 52.364783641396706]]}, "properties": {"Speed": 22.3, "road_quality": 2, "marker": 7, "trip_id": "Febru_Trip1", "hrot_diff": 1, "sample_diff": 9, "time_diff_s": 0.18, "gps_distance_m": 4.8, "original_speed": "2358", "wheel_diameter_mm": 711.0003997802734}}, {"type": "Feature", "geometry": {"type": "LineString", "coordinates": [[4.9086712126283505, 52.364783641396706], [4.908598857916958, 52.36476914844654]]}, "properties": {"Speed": 18.3, "road_quality": 2, "marker": 7, "trip_id": "Febru_Trip1", "hrot_diff": 1, "sample_diff": 11, "time_diff_s": 0.22, "gps_distance_m": 5.2, "original_speed": "2358", "wheel_diameter_mm": 711.0003997802734}}, {"type": "Feature", "geometry": {"type": "LineString", "coordinates": [[4.908598857916958, 52.36476914844654], [4.90854097432219, 52.36475730303947]]}, "properties": {"Speed": 18.3, "road_quality": 2, "marker": 7, "trip_id": "Febru_Trip1", "hrot_diff": 1, "sample_diff": 11, "time_diff_s": 0.22, "gps_distance_m": 4.1, "original_speed": "2293", "wheel_diameter_mm": 711.0003997802734}}, {"type": "Feature", "geometry": {"type": "LineString", "coordinates": [[4.90854097432219, 52.36475730303947], [4.908493310681902, 52.36475076687002]]}, "properties": {"Speed": 20.1, "road_quality": 2, "marker": 7, "trip_id": "Febru_Trip1", "hrot_diff": 1, "sample_diff": 10, "time_diff_s": 0.2, "gps_distance_m": 3.3, "original_speed": "2380", "wheel_diameter_mm": 711.0003997802734}}, {"type": "Feature", "geometry": {"type": "LineString", "coordinates": [[4.908493310681902, 52.36475076687002], [4.908414077670818, 52.36474011607215]]}, "properties": {"Speed": 20.1, "road_quality": 2, "marker": 7, "trip_id": "Febru_Trip1", "hrot_diff": 1, "sample_diff": 10, "time_diff_s": 0.2, "gps_distance_m": 5.5, "original_speed": "2314", "wheel_diameter_mm": 711.0003997802734}}, {"type": "Feature", "geometry": {"type": "LineString", "coordinates": [[4.908414077670818, 52.36474011607215], [4.908346961418131, 52.36472181146331]]}, "properties": {"Speed": 18.3, "road_quality": 2, "marker": 7, "trip_id": "Febru_Trip1", "hrot_diff": 1, "sample_diff": 11, "time_diff_s": 0.22, "gps_distance_m": 5.0, "original_speed": "2358", "wheel_diameter_mm": 711.0003997802734}}, {"type": "Feature", "geometry": {"type": "LineString", "coordinates": [[4.908346961418131, 52.36472181146331], [4.908275437994801, 52.36470637679887]]}, "properties": {"Speed": 18.3, "road_quality": 2, "marker": 7, "trip_id": "Febru_Trip1", "hrot_diff": 1, "sample_diff": 11, "time_diff_s": 0.22, "gps_distance_m": 5.2, "original_speed": "2380", "wheel_diameter_mm": 711.0003997802734}}, {"type": "Feature", "geometry": {"type": "LineString", "coordinates": [[4.908275437994801, 52.36470637679887], [4.90821075693866, 52.36469374973449]]}, "properties": {"Speed": 16.8, "road_quality": 2, "marker": 7, "trip_id": "Febru_Trip1", "hrot_diff": 1, "sample_diff": 12, "time_diff_s": 0.24, "gps_distance_m": 4.6, "original_speed": "2336", "wheel_diameter_mm": 711.0003997802734}}, {"type": "Feature", "geometry": {"type": "LineString", "coordinates": [[4.90821075693866, 52.36469374973449], [4.90813828019195, 52.36467650420439]]}, "properties": {"Speed": 20.1, "road_quality": 2, "marker": 7, "trip_id": "Febru_Trip1", "hrot_diff": 1, "sample_diff": 10, "time_diff_s": 0.2, "gps_distance_m": 5.3, "original_speed": "2336", "wheel_diameter_mm": 711.0003997802734}}, {"type": "Feature", "geometry": {"type": "LineString", "coordinates": [[4.90813828019195, 52.36467650420439], [4.908068786564252, 52.36465458361082]]}, "properties": {"Speed": 25.1, "road_quality": 2, "marker": 7, "trip_id": "Febru_Trip1", "hrot_diff": 1, "sample_diff": 8, "time_diff_s": 0.16, "gps_distance_m": 5.3, "original_speed": "2358", "wheel_diameter_mm": 711.0003997802734}}, {"type": "Feature", "geometry": {"type": "LineString", "coordinates": [[4.908068786564252, 52.36465458361082], [4.908005132068693, 52.36465319931483]]}, "properties": {"Speed": 18.3, "road_quality": 2, "marker": 7, "trip_id": "Febru_Trip1", "hrot_diff": 1, "sample_diff": 11, "time_diff_s": 0.22, "gps_distance_m": 4.3, "original_speed": "2450", "wheel_diameter_mm": 711.0003997802734}}, {"type": "Feature", "geometry": {"type": "LineString", "coordinates": [[4.908005132068693, 52.36465319931483], [4.907929167216938, 52.36464196985574]]}, "properties": {"Speed": 22.3, "road_quality": 2, "marker": 7, "trip_id": "Febru_Trip1", "hrot_diff": 1, "sample_diff": 9, "time_diff_s": 0.18, "gps_distance_m": 5.3, "original_speed": "2403", "wheel_diameter_mm": 711.0003997802734}}, {"type": "Feature", "geometry": {"type": "LineString", "coordinates": [[4.907929167216938, 52.36464196985574], [4.907856124044228, 52.36463119345986]]}, "properties": {"Speed": 18.3, "road_quality": 2, "marker": 7, "trip_id": "Febru_Trip1", "hrot_diff": 1, "sample_diff": 11, "time_diff_s": 0.22, "gps_distance_m": 5.1, "original_speed": "2450", "wheel_diameter_mm": 711.0003997802734}}, {"type": "Feature", "geometry": {"type": "LineString", "coordinates": [[4.907856124044228, 52.36463119345986], [4.907782725889306, 52.36461359075495]]}, "properties": {"Speed": 18.3, "road_quality": 3, "marker": 7, "trip_id": "Febru_Trip1", "hrot_diff": 1, "sample_diff": 11, "time_diff_s": 0.22, "gps_distance_m": 5.4, "original_speed": "2380", "wheel_diameter_mm": 711.0003997802734}}, {"type": "Feature", "geometry": {"type": "LineString", "coordinates": [[4.907782725889306, 52.36461359075495], [4.907718500563108, 52.36459761744312]]}, "properties": {"Speed": 25.1, "road_quality": 3, "marker": 7, "trip_id": "Febru_Trip1", "hrot_diff": 1, "sample_diff": 8, "time_diff_s": 0.16, "gps_distance_m": 4.7, "original_speed": "2358", "wheel_diameter_mm": 711.0003997802734}}, {"type": "Feature", "geometry": {"type": "LineString", "coordinates": [[4.907718500563108, 52.36459761744312], [4.9076396609714745, 52.36459219822379]]}, "properties": {"Speed": 16.8, "road_quality": 3, "marker": 7, "trip_id": "Febru_Trip1", "hrot_diff": 1, "sample_diff": 10, "time_diff_s": 0.24, "gps_distance_m": 5.4, "original_speed": "2564", "wheel_diameter_mm": 711.0003997802734}}, {"type": "Feature", "geometry": {"type": "LineString", "coordinates": [[4.9076396609714745, 52.36459219822379], [4.907559913253354, 52.36457495115994]]}, "properties": {"Speed": 13.4, "road_quality": 2, "marker": 6, "trip_id": "Febru_Trip1", "hrot_diff": 1, "sample_diff": 15, "time_diff_s": 0.3, "gps_distance_m": 5.7, "original_speed": "-1", "wheel_diameter_mm": 711.0003997802734}}, {"type": "Feature", "geometry": {"type": "LineString", "coordinates": [[4.907559913253354, 52.36457495115994], [4.907471304599354, 52.36455959237332]]}, "properties": {"Speed": 28.7, "road_quality": 3, "marker": 6, "trip_id": "Febru_Trip1", "hrot_diff": 1, "sample_diff": 7, "time_diff_s": 0.14, "gps_distance_m": 6.3, "original_speed": "-1", "wheel_diameter_mm": 711.0003997802734}}, {"type": "Feature", "geometry": {"type": "LineString", "coordinates": [[4.907471304599354, 52.36455959237332], [4.9073952966320675, 52.364537949474695]]}, "properties": {"Speed": 19.5, "road_quality": 3, "marker": 6, "trip_id": "Febru_Trip1", "hrot_diff": 3, "sample_diff": 31, "time_diff_s": 0.62, "gps_distance_m": 5.7, "original_speed": "-1", "wheel_diameter_mm": 711.0003997802734}}, {"type": "Feature", "geometry": {"type": "LineString", "coordinates": [[4.9073952966320675, 52.364537949474695], [4.907321700748019, 52.36451763028365]]}, "properties": {"Speed": 7.7, "road_quality": 2, "marker": 6, "trip_id": "Febru_Trip1", "hrot_diff": 1, "sample_diff": 26, "time_diff_s": 0.52, "gps_distance_m": 5.5, "original_speed": "-1", "wheel_diameter_mm": 711.0003997802734}}, {"type": "Feature", "geometry": {"type": "LineString", "coordinates": [[4.907321700748019, 52.36451763028365], [4.906548285475939, 52.36443088523935]]}, "properties": {"Speed": 0.4, "road_quality": 2, "marker": 6, "trip_id": "Febru_Trip1", "hrot_diff": 1, "sample_diff": 457, "time_diff_s": 9.14, "gps_distance_m": 53.4, "original_speed": "-1", "wheel_diameter_mm": 711.0003997802734}}, {"type": "Feature", "geometry": {"type": "LineString", "coordinates": [[4.906548285475939, 52.36443088523935], [4.906492815428524, 52.36441494525294]]}, "properties": {"Speed": 11.8, "road_quality": 2, "marker": 7, "trip_id": "Febru_Trip1", "hrot_diff": 1, "sample_diff": 17, "time_diff_s": 0.34, "gps_distance_m": 4.2, "original_speed": "107", "wheel_diameter_mm": 711.0003997802734}}, {"type": "Feature", "geometry": {"type": "LineString", "coordinates": [[4.906492815428524, 52.36441494525294], [4.906440813024286, 52.36440190242701]]}, "properties": {"Speed": 13.4, "road_quality": 2, "marker": 7, "trip_id": "Febru_Trip1", "hrot_diff": 1, "sample_diff": 15, "time_diff_s": 0.3, "gps_distance_m": 3.8, "original_speed": "364", "wheel_diameter_mm": 711.0003997802734}}, {"type": "Feature", "geometry": {"type": "LineString", "coordinates": [[4.906440813024286, 52.36440190242701], [4.906408983759415, 52.36439435972731]]}, "properties": {"Speed": 11.8, "road_quality": 2, "marker": 7, "trip_id": "Febru_Trip1", "hrot_diff": 1, "sample_diff": 17, "time_diff_s": 0.34, "gps_distance_m": 2.3, "original_speed": "1612", "wheel_diameter_mm": 711.0003997802734}}, {"type": "Feature", "geometry": {"type": "LineString", "coordinates": [[4.906408983759415, 52.36439435972731], [4.906375112544993, 52.364384272689776]]}, "properties": {"Speed": 6.9, "road_quality": 2, "marker": 7, "trip_id": "Febru_Trip1", "hrot_diff": 1, "sample_diff": 29, "time_diff_s": 0.58, "gps_distance_m": 2.6, "original_speed": "1239", "wheel_diameter_mm": 711.0003997802734}}, {"type": "Feature", "geometry": {"type": "LineString", "coordinates": [[4.906375112544993, 52.364384272689776], [4.906355994878666, 52.364376805760976]]}, "properties": {"Speed": 7.2, "road_quality": 2, "marker": 7, "trip_id": "Febru_Trip1", "hrot_diff": 1, "sample_diff": 28, "time_diff_s": 0.56, "gps_distance_m": 1.5, "original_speed": "819", "wheel_diameter_mm": 711.0003997802734}}, {"type": "Feature", "geometry": {"type": "LineString", "coordinates": [[4.906355994878666, 52.364376805760976], [4.906335720955329, 52.36436818763546]]}, "properties": {"Speed": 6.9, "road_quality": 2, "marker": 7, "trip_id": "Febru_Trip1", "hrot_diff": 1, "sample_diff": 29, "time_diff_s": 0.58, "gps_distance_m": 1.7, "original_speed": "813", "wheel_diameter_mm": 711.0003997802734}}, {"type": "Feature", "geometry": {"type": "LineString", "coordinates": [[4.906335720955329, 52.36436818763546], [4.906306366181032, 52.36436080097845]]}, "properties": {"Speed": 7.4, "road_quality": 2, "marker": 7, "trip_id": "Febru_Trip1", "hrot_diff": 1, "sample_diff": 27, "time_diff_s": 0.54, "gps_distance_m": 2.2, "original_speed": "892", "wheel_diameter_mm": 711.0003997802734}}, {"type": "Feature", "geometry": {"type": "LineString", "coordinates": [[4.906306366181032, 52.36436080097845], [4.906264896694755, 52.36434965537257]]}, "properties": {"Speed": 0.1, "road_quality": 1, "marker": 7, "trip_id": "Febru_Trip1", "hrot_diff": 1, "sample_diff": 1476, "time_diff_s": 29.52, "gps_distance_m": 3.1, "original_speed": "909", "wheel_diameter_mm": 711.0003997802734}}, {"type": "Feature", "geometry": {"type": "LineString", "coordinates": [[4.906264896694755, 52.36434965537257], [4.906229244740065, 52.36433859090798]]}, "properties": {"Speed": 6.3, "road_quality": 2, "marker": 7, "trip_id": "Febru_Trip1", "hrot_diff": 1, "sample_diff": 32, "time_diff_s": 0.64, "gps_distance_m": 2.7, "original_speed": "63", "wheel_diameter_mm": 711.0003997802734}}, {"type": "Feature", "geometry": {"type": "LineString", "coordinates": [[4.906229244740065, 52.36433859090798], [4.90619753624562, 52.36433050564438]]}, "properties": {"Speed": 14.4, "road_quality": 2, "marker": 7, "trip_id": "Febru_Trip1", "hrot_diff": 1, "sample_diff": 14, "time_diff_s": 0.28, "gps_distance_m": 2.3, "original_speed": "974", "wheel_diameter_mm": 711.0003997802734}}, {"type": "Feature", "geometry": {"type": "LineString", "coordinates": [[4.90619753624562, 52.36433050564438], [4.90615196080618, 52.36431955418186]]}, "properties": {"Speed": 11.8, "road_quality": 2, "marker": 7, "trip_id": "Febru_Trip1", "hrot_diff": 1, "sample_diff": 17, "time_diff_s": 0.34, "gps_distance_m": 3.3, "original_speed": "1470", "wheel_diameter_mm": 711.0003997802734}}, {"type": "Feature", "geometry": {"type": "LineString", "coordinates": [[4.90615196080618, 52.36431955418186], [4.906096402239924, 52.36430353542076]]}, "properties": {"Speed": 18.3, "road_quality": 2, "marker": 7, "trip_id": "Febru_Trip1", "hrot_diff": 1, "sample_diff": 11, "time_diff_s": 0.22, "gps_distance_m": 4.2, "original_speed": "1652", "wheel_diameter_mm": 711.0003997802734}}, {"type": "Feature", "geometry": {"type": "LineString", "coordinates": [[4.906096402239924, 52.36430353542076], [4.906049129459092, 52.3642791324806]]}, "properties": {"Speed": 15.5, "road_quality": 2, "marker": 7, "trip_id": "Febru_Trip1", "hrot_diff": 1, "sample_diff": 13, "time_diff_s": 0.26, "gps_distance_m": 4.2, "original_speed": "2016", "wheel_diameter_mm": 711.0003997802734}}, {"type": "Feature", "geometry": {"type": "LineString", "coordinates": [[4.906049129459092, 52.3642791324806], [4.906035312698903, 52.3642487767403]]}, "properties": {"Speed": 13.4, "road_quality": 2, "marker": 7, "trip_id": "Febru_Trip1", "hrot_diff": 1, "sample_diff": 15, "time_diff_s": 0.3, "gps_distance_m": 3.5, "original_speed": "2100", "wheel_diameter_mm": 711.0003997802734}}, {"type": "Feature", "geometry": {"type": "LineString", "coordinates": [[4.906035312698903, 52.3642487767403], [4.905995062803231, 52.36423030943874]]}, "properties": {"Speed": 12.6, "road_quality": 2, "marker": 7, "trip_id": "Febru_Trip1", "hrot_diff": 1, "sample_diff": 16, "time_diff_s": 0.32, "gps_distance_m": 3.4, "original_speed": "1834", "wheel_diameter_mm": 711.0003997802734}}, {"type": "Feature", "geometry": {"type": "LineString", "coordinates": [[4.905995062803231, 52.36423030943874], [4.9059129305549, 52.36422867641738]]}, "properties": {"Speed": 12.6, "road_quality": 2, "marker": 7, "trip_id": "Febru_Trip1", "hrot_diff": 1, "sample_diff": 16, "time_diff_s": 0.32, "gps_distance_m": 5.6, "original_speed": "1769", "wheel_diameter_mm": 711.0003997802734}}, {"type": "Feature", "geometry": {"type": "LineString", "coordinates": [[4.9059129305549, 52.36422867641738], [4.905863988487389, 52.36420399616647]]}, "properties": {"Speed": 14.4, "road_quality": 2, "marker": 7, "trip_id": "Febru_Trip1", "hrot_diff": 1, "sample_diff": 14, "time_diff_s": 0.28, "gps_distance_m": 4.3, "original_speed": "1785", "wheel_diameter_mm": 711.0003997802734}}, {"type": "Feature", "geometry": {"type": "LineString", "coordinates": [[4.905863988487389, 52.36420399616647], [4.905801185010675, 52.3641948281083]]}, "properties": {"Speed": 18.3, "road_quality": 2, "marker": 7, "trip_id": "Febru_Trip1", "hrot_diff": 1, "sample_diff": 11, "time_diff_s": 0.22, "gps_distance_m": 4.4, "original_speed": "2155", "wheel_diameter_mm": 711.0003997802734}}, {"type": "Feature", "geometry": {"type": "LineString", "coordinates": [[4.905801185010675, 52.3641948281083], [4.905725421925018, 52.364193603659594]]}, "properties": {"Speed": 18.3, "road_quality": 2, "marker": 7, "trip_id": "Febru_Trip1", "hrot_diff": 1, "sample_diff": 11, "time_diff_s": 0.22, "gps_distance_m": 5.1, "original_speed": "2358", "wheel_diameter_mm": 711.0003997802734}}, {"type": "Feature", "geometry": {"type": "LineString", "coordinates": [[4.905725421925018, 52.364193603659594], [4.905647856489254, 52.36417551473624]]}, "properties": {"Speed": 16.8, "road_quality": 2, "marker": 7, "trip_id": "Febru_Trip1", "hrot_diff": 1, "sample_diff": 12, "time_diff_s": 0.24, "gps_distance_m": 5.6, "original_speed": "2252", "wheel_diameter_mm": 711.0003997802734}}, {"type": "Feature", "geometry": {"type": "LineString", "coordinates": [[4.905647856489254, 52.36417551473624], [4.905590645597047, 52.36414542513645]]}, "properties": {"Speed": 16.8, "road_quality": 2, "marker": 7, "trip_id": "Febru_Trip1", "hrot_diff": 1, "sample_diff": 12, "time_diff_s": 0.24, "gps_distance_m": 5.1, "original_speed": "2192", "wheel_diameter_mm": 711.0003997802734}}, {"type": "Feature", "geometry": {"type": "LineString", "coordinates": [[4.905590645597047, 52.36414542513645], [4.905514683155125, 52.36414810291595]]}, "properties": {"Speed": 18.3, "road_quality": 2, "marker": 7, "trip_id": "Febru_Trip1", "hrot_diff": 1, "sample_diff": 11, "time_diff_s": 0.22, "gps_distance_m": 5.2, "original_speed": "2212", "wheel_diameter_mm": 711.0003997802734}}, {"type": "Feature", "geometry": {"type": "LineString", "coordinates": [[4.905514683155125, 52.36414810291595], [4.905447172856825, 52.36413181726952]]}, "properties": {"Speed": 18.3, "road_quality": 2, "marker": 7, "trip_id": "Febru_Trip1", "hrot_diff": 1, "sample_diff": 11, "time_diff_s": 0.22, "gps_distance_m": 4.9, "original_speed": "2272", "wheel_diameter_mm": 711.0003997802734}}, {"type": "Feature", "geometry": {"type": "LineString", "coordinates": [[4.905447172856825, 52.36413181726952], [4.90538028802622, 52.36411897637416]]}, "properties": {"Speed": 18.3, "road_quality": 2, "marker": 7, "trip_id": "Febru_Trip1", "hrot_diff": 1, "sample_diff": 11, "time_diff_s": 0.22, "gps_distance_m": 4.8, "original_speed": "2212", "wheel_diameter_mm": 711.0003997802734}}, {"type": "Feature", "geometry": {"type": "LineString", "coordinates": [[4.90538028802622, 52.36411897637416], [4.905316103236386, 52.364106240037344]]}, "properties": {"Speed": 20.1, "road_quality": 2, "marker": 7, "trip_id": "Febru_Trip1", "hrot_diff": 1, "sample_diff": 10, "time_diff_s": 0.2, "gps_distance_m": 4.6, "original_speed": "2212", "wheel_diameter_mm": 711.0003997802734}}, {"type": "Feature", "geometry": {"type": "LineString", "coordinates": [[4.905316103236386, 52.364106240037344], [4.905251594042149, 52.36410449216287]]}, "properties": {"Speed": 18.3, "road_quality": 2, "marker": 7, "trip_id": "Febru_Trip1", "hrot_diff": 1, "sample_diff": 11, "time_diff_s": 0.22, "gps_distance_m": 4.4, "original_speed": "2192", "wheel_diameter_mm": 711.0003997802734}}, {"type": "Feature", "geometry": {"type": "LineString", "coordinates": [[4.905251594042149, 52.36410449216287], [4.905186444828198, 52.36409688208359]]}, "properties": {"Speed": 22.3, "road_quality": 2, "marker": 7, "trip_id": "Febru_Trip1", "hrot_diff": 1, "sample_diff": 9, "time_diff_s": 0.18, "gps_distance_m": 4.5, "original_speed": "2272", "wheel_diameter_mm": 711.0003997802734}}, {"type": "Feature", "geometry": {"type": "LineString", "coordinates": [[4.905186444828198, 52.36409688208359], [4.9051150001001735, 52.36408350174534]]}, "properties": {"Speed": 16.8, "road_quality": 2, "marker": 7, "trip_id": "Febru_Trip1", "hrot_diff": 1, "sample_diff": 12, "time_diff_s": 0.24, "gps_distance_m": 5.1, "original_speed": "2336", "wheel_diameter_mm": 711.0003997802734}}, {"type": "Feature", "geometry": {"type": "LineString", "coordinates": [[4.9051150001001735, 52.36408350174534], [4.9050678480228385, 52.364065563822216]]}, "properties": {"Speed": 16.8, "road_quality": 2, "marker": 7, "trip_id": "Febru_Trip1", "hrot_diff": 1, "sample_diff": 12, "time_diff_s": 0.24, "gps_distance_m": 3.8, "original_speed": "2380", "wheel_diameter_mm": 711.0003997802734}}, {"type": "Feature", "geometry": {"type": "LineString", "coordinates": [[4.9050678480228385, 52.364065563822216], [4.904990274185463, 52.36405071959732]]}, "properties": {"Speed": 16.8, "road_quality": 2, "marker": 7, "trip_id": "Febru_Trip1", "hrot_diff": 1, "sample_diff": 12, "time_diff_s": 0.24, "gps_distance_m": 5.5, "original_speed": "2475", "wheel_diameter_mm": 711.0003997802734}}, {"type": "Feature", "geometry": {"type": "LineString", "coordinates": [[4.904990274185463, 52.36405071959732], [4.904916418896233, 52.36403616967563]]}, "properties": {"Speed": 16.8, "road_quality": 2, "marker": 7, "trip_id": "Febru_Trip1", "hrot_diff": 1, "sample_diff": 12, "time_diff_s": 0.24, "gps_distance_m": 5.3, "original_speed": "2542", "wheel_diameter_mm": 711.0003997802734}}, {"type": "Feature", "geometry": {"type": "LineString", "coordinates": [[4.904916418896233, 52.36403616967563], [4.90484195305834, 52.36402077037066]]}, "properties": {"Speed": 22.3, "road_quality": 2, "marker": 7, "trip_id": "Febru_Trip1", "hrot_diff": 1, "sample_diff": 9, "time_diff_s": 0.18, "gps_distance_m": 5.3, "original_speed": "2358", "wheel_diameter_mm": 711.0003997802734}}, {"type": "Feature", "geometry": {"type": "LineString", "coordinates": [[4.90484195305834, 52.36402077037066], [4.9047695710546035, 52.36400893198061]]}, "properties": {"Speed": 22.3, "road_quality": 2, "marker": 7, "trip_id": "Febru_Trip1", "hrot_diff": 1, "sample_diff": 9, "time_diff_s": 0.18, "gps_distance_m": 5.1, "original_speed": "2380", "wheel_diameter_mm": 711.0003997802734}}, {"type": "Feature", "geometry": {"type": "LineString", "coordinates": [[4.9047695710546035, 52.36400893198061], [4.904699513362825, 52.36400156981345]]}, "properties": {"Speed": 16.8, "road_quality": 2, "marker": 7, "trip_id": "Febru_Trip1", "hrot_diff": 1, "sample_diff": 12, "time_diff_s": 0.24, "gps_distance_m": 4.8, "original_speed": "2314", "wheel_diameter_mm": 711.0003997802734}}, {"type": "Feature", "geometry": {"type": "LineString", "coordinates": [[4.904699513362825, 52.36400156981345], [4.9046440899695, 52.363992722286504]]}, "properties": {"Speed": 20.1, "road_quality": 2, "marker": 7, "trip_id": "Febru_Trip1", "hrot_diff": 1, "sample_diff": 10, "time_diff_s": 0.2, "gps_distance_m": 3.9, "original_speed": "2293", "wheel_diameter_mm": 711.0003997802734}}, {"type": "Feature", "geometry": {"type": "LineString", "coordinates": [[4.9046440899695, 52.363992722286504], [4.904565301299332, 52.363995980549326]]}, "properties": {"Speed": 16.8, "road_quality": 2, "marker": 7, "trip_id": "Febru_Trip1", "hrot_diff": 1, "sample_diff": 12, "time_diff_s": 0.24, "gps_distance_m": 5.4, "original_speed": "2500", "wheel_diameter_mm": 711.0003997802734}}, {"type": "Feature", "geometry": {"type": "LineString", "coordinates": [[4.904565301299332, 52.363995980549326], [4.904492359678788, 52.36397912374101]]}, "properties": {"Speed": 25.1, "road_quality": 2, "marker": 7, "trip_id": "Febru_Trip1", "hrot_diff": 1, "sample_diff": 8, "time_diff_s": 0.16, "gps_distance_m": 5.3, "original_speed": "2427", "wheel_diameter_mm": 711.0003997802734}}, {"type": "Feature", "geometry": {"type": "LineString", "coordinates": [[4.904492359678788, 52.36397912374101], [4.904420008218017, 52.36395285942699]]}, "properties": {"Speed": 20.1, "road_quality": 2, "marker": 7, "trip_id": "Febru_Trip1", "hrot_diff": 1, "sample_diff": 10, "time_diff_s": 0.2, "gps_distance_m": 5.7, "original_speed": "2521", "wheel_diameter_mm": 711.0003997802734}}, {"type": "Feature", "geometry": {"type": "LineString", "coordinates": [[4.904420008218017, 52.36395285942699], [4.904343554430833, 52.36393596255691]]}, "properties": {"Speed": 25.1, "road_quality": 2, "marker": 7, "trip_id": "Febru_Trip1", "hrot_diff": 1, "sample_diff": 8, "time_diff_s": 0.16, "gps_distance_m": 5.5, "original_speed": "2564", "wheel_diameter_mm": 711.0003997802734}}, {"type": "Feature", "geometry": {"type": "LineString", "coordinates": [[4.904343554430833, 52.36393596255691], [4.90426733036326, 52.36392814956873]]}, "properties": {"Speed": 16.8, "road_quality": 2, "marker": 7, "trip_id": "Febru_Trip1", "hrot_diff": 1, "sample_diff": 12, "time_diff_s": 0.24, "gps_distance_m": 5.2, "original_speed": "2631", "wheel_diameter_mm": 711.0003997802734}}, {"type": "Feature", "geometry": {"type": "LineString", "coordinates": [[4.90426733036326, 52.36392814956873], [4.904194478395172, 52.3639233045423]]}, "properties": {"Speed": 18.3, "road_quality": 2, "marker": 7, "trip_id": "Febru_Trip1", "hrot_diff": 1, "sample_diff": 11, "time_diff_s": 0.22, "gps_distance_m": 5.0, "original_speed": "2500", "wheel_diameter_mm": 711.0003997802734}}, {"type": "Feature", "geometry": {"type": "LineString", "coordinates": [[4.904194478395172, 52.3639233045423], [4.904112935291661, 52.363906920627414]]}, "properties": {"Speed": 18.3, "road_quality": 2, "marker": 7, "trip_id": "Febru_Trip1", "hrot_diff": 1, "sample_diff": 11, "time_diff_s": 0.22, "gps_distance_m": 5.8, "original_speed": "2475", "wheel_diameter_mm": 711.0003997802734}}, {"type": "Feature", "geometry": {"type": "LineString", "coordinates": [[4.904112935291661, 52.363906920627414], [4.9040416665637, 52.36389718630758]]}, "properties": {"Speed": 20.1, "road_quality": 2, "marker": 7, "trip_id": "Febru_Trip1", "hrot_diff": 1, "sample_diff": 10, "time_diff_s": 0.2, "gps_distance_m": 5.0, "original_speed": "2380", "wheel_diameter_mm": 711.0003997802734}}, {"type": "Feature", "geometry": {"type": "LineString", "coordinates": [[4.9040416665637, 52.36389718630758], [4.903973502977047, 52.36388538595813]]}, "properties": {"Speed": 16.8, "road_quality": 2, "marker": 7, "trip_id": "Febru_Trip1", "hrot_diff": 1, "sample_diff": 12, "time_diff_s": 0.24, "gps_distance_m": 4.8, "original_speed": "2358", "wheel_diameter_mm": 711.0003997802734}}, {"type": "Feature", "geometry": {"type": "LineString", "coordinates": [[4.903973502977047, 52.36388538595813], [4.903902741216487, 52.363874348184815]]}, "properties": {"Speed": 18.3, "road_quality": 2, "marker": 7, "trip_id": "Febru_Trip1", "hrot_diff": 1, "sample_diff": 11, "time_diff_s": 0.22, "gps_distance_m": 5.0, "original_speed": "2336", "wheel_diameter_mm": 711.0003997802734}}, {"type": "Feature", "geometry": {"type": "LineString", "coordinates": [[4.903902741216487, 52.363874348184815], [4.903831088864306, 52.36386558756187]]}, "properties": {"Speed": 20.1, "road_quality": 2, "marker": 7, "trip_id": "Febru_Trip1", "hrot_diff": 1, "sample_diff": 10, "time_diff_s": 0.2, "gps_distance_m": 5.0, "original_speed": "2336", "wheel_diameter_mm": 711.0003997802734}}, {"type": "Feature", "geometry": {"type": "LineString", "coordinates": [[4.903831088864306, 52.36386558756187], [4.903765291661644, 52.363850393757495]]}, "properties": {"Speed": 18.3, "road_quality": 2, "marker": 7, "trip_id": "Febru_Trip1", "hrot_diff": 1, "sample_diff": 11, "time_diff_s": 0.22, "gps_distance_m": 4.8, "original_speed": "2427", "wheel_diameter_mm": 711.0003997802734}}, {"type": "Feature", "geometry": {"type": "LineString", "coordinates": [[4.903765291661644, 52.363850393757495], [4.903683686098169, 52.36383368805495]]}, "properties": {"Speed": 25.1, "road_quality": 2, "marker": 7, "trip_id": "Febru_Trip1", "hrot_diff": 1, "sample_diff": 8, "time_diff_s": 0.16, "gps_distance_m": 5.8, "original_speed": "2450", "wheel_diameter_mm": 711.0003997802734}}, {"type": "Feature", "geometry": {"type": "LineString", "coordinates": [[4.903683686098169, 52.36383368805495], [4.903605216642454, 52.36382308545159]]}, "properties": {"Speed": 18.3, "road_quality": 2, "marker": 7, "trip_id": "Febru_Trip1", "hrot_diff": 1, "sample_diff": 11, "time_diff_s": 0.22, "gps_distance_m": 5.5, "original_speed": "2500", "wheel_diameter_mm": 711.0003997802734}}, {"type": "Feature", "geometry": {"type": "LineString", "coordinates": [[4.903605216642454, 52.36382308545159], [4.903536743399764, 52.36381120275123]]}, "properties": {"Speed": 18.3, "road_quality": 2, "marker": 7, "trip_id": "Febru_Trip1", "hrot_diff": 1, "sample_diff": 11, "time_diff_s": 0.22, "gps_distance_m": 4.8, "original_speed": "2403", "wheel_diameter_mm": 711.0003997802734}}, {"type": "Feature", "geometry": {"type": "LineString", "coordinates": [[4.903536743399764, 52.36381120275123], [4.903469707882463, 52.36379532994623]]}, "properties": {"Speed": 16.8, "road_quality": 2, "marker": 7, "trip_id": "Febru_Trip1", "hrot_diff": 1, "sample_diff": 12, "time_diff_s": 0.24, "gps_distance_m": 4.9, "original_speed": "2358", "wheel_diameter_mm": 711.0003997802734}}, {"type": "Feature", "geometry": {"type": "LineString", "coordinates": [[4.903469707882463, 52.36379532994623], [4.903401576422609, 52.36378019086205]]}, "properties": {"Speed": 18.3, "road_quality": 2, "marker": 7, "trip_id": "Febru_Trip1", "hrot_diff": 1, "sample_diff": 11, "time_diff_s": 0.22, "gps_distance_m": 4.9, "original_speed": "2173", "wheel_diameter_mm": 711.0003997802734}}, {"type": "Feature", "geometry": {"type": "LineString", "coordinates": [[4.903401576422609, 52.36378019086205], [4.903343044016082, 52.36376568680947]]}, "properties": {"Speed": 20.1, "road_quality": 2, "marker": 7, "trip_id": "Febru_Trip1", "hrot_diff": 1, "sample_diff": 10, "time_diff_s": 0.2, "gps_distance_m": 4.3, "original_speed": "2192", "wheel_diameter_mm": 711.0003997802734}}, {"type": "Feature", "geometry": {"type": "LineString", "coordinates": [[4.903343044016082, 52.36376568680947], [4.9032802092809336, 52.36375245227299]]}, "properties": {"Speed": 16.8, "road_quality": 2, "marker": 7, "trip_id": "Febru_Trip1", "hrot_diff": 1, "sample_diff": 12, "time_diff_s": 0.24, "gps_distance_m": 4.5, "original_speed": "2083", "wheel_diameter_mm": 711.0003997802734}}, {"type": "Feature", "geometry": {"type": "LineString", "coordinates": [[4.9032802092809336, 52.36375245227299], [4.903219990059553, 52.363741005613754]]}, "properties": {"Speed": 15.5, "road_quality": 2, "marker": 7, "trip_id": "Febru_Trip1", "hrot_diff": 1, "sample_diff": 13, "time_diff_s": 0.26, "gps_distance_m": 4.3, "original_speed": "1904", "wheel_diameter_mm": 711.0003997802734}}, {"type": "Feature", "geometry": {"type": "LineString", "coordinates": [[4.903219990059553, 52.363741005613754], [4.903162789254418, 52.36373435301]]}, "properties": {"Speed": 13.4, "road_quality": 2, "marker": 7, "trip_id": "Febru_Trip1", "hrot_diff": 1, "sample_diff": 15, "time_diff_s": 0.3, "gps_distance_m": 4.0, "original_speed": "1769", "wheel_diameter_mm": 711.0003997802734}}, {"type": "Feature", "geometry": {"type": "LineString", "coordinates": [[4.903162789254418, 52.36373435301], [4.9031156474212665, 52.36373108646778]]}, "properties": {"Speed": 14.4, "road_quality": 2, "marker": 7, "trip_id": "Febru_Trip1", "hrot_diff": 1, "sample_diff": 14, "time_diff_s": 0.28, "gps_distance_m": 3.2, "original_speed": "1639", "wheel_diameter_mm": 711.0003997802734}}, {"type": "Feature", "geometry": {"type": "LineString", "coordinates": [[4.9031156474212665, 52.36373108646778], [4.903067023313017, 52.363719999132606]]}, "properties": {"Speed": 14.4, "road_quality": 2, "marker": 7, "trip_id": "Febru_Trip1", "hrot_diff": 1, "sample_diff": 14, "time_diff_s": 0.28, "gps_distance_m": 3.5, "original_speed": "1709", "wheel_diameter_mm": 711.0003997802734}}, {"type": "Feature", "geometry": {"type": "LineString", "coordinates": [[4.903067023313017, 52.363719999132606], [4.903028980351641, 52.36369910130483]]}, "properties": {"Speed": 16.8, "road_quality": 2, "marker": 7, "trip_id": "Febru_Trip1", "hrot_diff": 1, "sample_diff": 12, "time_diff_s": 0.24, "gps_distance_m": 3.5, "original_speed": "1980", "wheel_diameter_mm": 711.0003997802734}}, {"type": "Feature", "geometry": {"type": "LineString", "coordinates": [[4.903028980351641, 52.36369910130483], [4.902941449967163, 52.36369185724111]]}, "properties": {"Speed": 22.3, "road_quality": 2, "marker": 7, "trip_id": "Febru_Trip1", "hrot_diff": 1, "sample_diff": 9, "time_diff_s": 0.18, "gps_distance_m": 6.0, "original_speed": "2252", "wheel_diameter_mm": 711.0003997802734}}, {"type": "Feature", "geometry": {"type": "LineString", "coordinates": [[4.902941449967163, 52.36369185724111], [4.902863574546691, 52.36367630984985]]}, "properties": {"Speed": 16.8, "road_quality": 2, "marker": 7, "trip_id": "Febru_Trip1", "hrot_diff": 1, "sample_diff": 12, "time_diff_s": 0.24, "gps_distance_m": 5.6, "original_speed": "2450", "wheel_diameter_mm": 711.0003997802734}}, {"type": "Feature", "geometry": {"type": "LineString", "coordinates": [[4.902863574546691, 52.36367630984985], [4.902787630105675, 52.363667614924644]]}, "properties": {"Speed": 20.1, "road_quality": 2, "marker": 7, "trip_id": "Febru_Trip1", "hrot_diff": 1, "sample_diff": 10, "time_diff_s": 0.2, "gps_distance_m": 5.2, "original_speed": "2564", "wheel_diameter_mm": 711.0003997802734}}, {"type": "Feature", "geometry": {"type": "LineString", "coordinates": [[4.902787630105675, 52.363667614924644], [4.902714464309643, 52.36365410362336]]}, "properties": {"Speed": 15.5, "road_quality": 2, "marker": 7, "trip_id": "Febru_Trip1", "hrot_diff": 1, "sample_diff": 13, "time_diff_s": 0.26, "gps_distance_m": 5.2, "original_speed": "2403", "wheel_diameter_mm": 711.0003997802734}}, {"type": "Feature", "geometry": {"type": "LineString", "coordinates": [[4.902714464309643, 52.36365410362336], [4.902648353353957, 52.36364228904867]]}, "properties": {"Speed": 15.5, "road_quality": 2, "marker": 7, "trip_id": "Febru_Trip1", "hrot_diff": 1, "sample_diff": 13, "time_diff_s": 0.26, "gps_distance_m": 4.7, "original_speed": "2212", "wheel_diameter_mm": 711.0003997802734}}, {"type": "Feature", "geometry": {"type": "LineString", "coordinates": [[4.902648353353957, 52.36364228904867], [4.902588448893015, 52.363630245664694]]}, "properties": {"Speed": 15.5, "road_quality": 2, "marker": 7, "trip_id": "Febru_Trip1", "hrot_diff": 1, "sample_diff": 13, "time_diff_s": 0.26, "gps_distance_m": 4.3, "original_speed": "2173", "wheel_diameter_mm": 711.0003997802734}}, {"type": "Feature", "geometry": {"type": "LineString", "coordinates": [[4.902588448893015, 52.363630245664694], [4.9025252426463135, 52.36362062760619]]}, "properties": {"Speed": 16.8, "road_quality": 2, "marker": 7, "trip_id": "Febru_Trip1", "hrot_diff": 1, "sample_diff": 12, "time_diff_s": 0.24, "gps_distance_m": 4.4, "original_speed": "2118", "wheel_diameter_mm": 711.0003997802734}}, {"type": "Feature", "geometry": {"type": "LineString", "coordinates": [[4.9025252426463135, 52.36362062760619], [4.902471813617264, 52.36360697475743]]}, "properties": {"Speed": 14.4, "road_quality": 2, "marker": 7, "trip_id": "Febru_Trip1", "hrot_diff": 1, "sample_diff": 14, "time_diff_s": 0.28, "gps_distance_m": 3.9, "original_speed": "2000", "wheel_diameter_mm": 711.0003997802734}}, {"type": "Feature", "geometry": {"type": "LineString", "coordinates": [[4.902471813617264, 52.36360697475743], [4.902420421839634, 52.3635991029596]]}, "properties": {"Speed": 14.4, "road_quality": 2, "marker": 7, "trip_id": "Febru_Trip1", "hrot_diff": 1, "sample_diff": 14, "time_diff_s": 0.28, "gps_distance_m": 3.6, "original_speed": "1941", "wheel_diameter_mm": 711.0003997802734}}, {"type": "Feature", "geometry": {"type": "LineString", "coordinates": [[4.902420421839634, 52.3635991029596], [4.902370354884795, 52.36358437527308]]}, "properties": {"Speed": 9.1, "road_quality": 2, "marker": 7, "trip_id": "Febru_Trip1", "hrot_diff": 1, "sample_diff": 22, "time_diff_s": 0.44, "gps_distance_m": 3.8, "original_speed": "1442", "wheel_diameter_mm": 711.0003997802734}}, {"type": "Feature", "geometry": {"type": "LineString", "coordinates": [[4.902370354884795, 52.36358437527308], [4.9023401369884425, 52.363579285633826]]}, "properties": {"Speed": 13.4, "road_quality": 2, "marker": 7, "trip_id": "Febru_Trip1", "hrot_diff": 1, "sample_diff": 15, "time_diff_s": 0.3, "gps_distance_m": 2.1, "original_speed": "1229", "wheel_diameter_mm": 711.0003997802734}}, {"type": "Feature", "geometry": {"type": "LineString", "coordinates": [[4.9023401369884425, 52.363579285633826], [4.902298991210442, 52.36356672027935]]}, "properties": {"Speed": 12.6, "road_quality": 2, "marker": 7, "trip_id": "Febru_Trip1", "hrot_diff": 1, "sample_diff": 16, "time_diff_s": 0.32, "gps_distance_m": 3.1, "original_speed": "1500", "wheel_diameter_mm": 711.0003997802734}}, {"type": "Feature", "geometry": {"type": "LineString", "coordinates": [[4.902298991210442, 52.36356672027935], [4.902246387459875, 52.36355301599319]]}, "properties": {"Speed": 12.6, "road_quality": 2, "marker": 7, "trip_id": "Febru_Trip1", "hrot_diff": 1, "sample_diff": 16, "time_diff_s": 0.32, "gps_distance_m": 3.9, "original_speed": "1769", "wheel_diameter_mm": 711.0003997802734}}, {"type": "Feature", "geometry": {"type": "LineString", "coordinates": [[4.902246387459875, 52.36355301599319], [4.90219187475218, 52.36354495201572]]}, "properties": {"Speed": 14.4, "road_quality": 2, "marker": 7, "trip_id": "Febru_Trip1", "hrot_diff": 1, "sample_diff": 14, "time_diff_s": 0.28, "gps_distance_m": 3.8, "original_speed": "1801", "wheel_diameter_mm": 711.0003997802734}}, {"type": "Feature", "geometry": {"type": "LineString", "coordinates": [[4.90219187475218, 52.36354495201572], [4.902130191487002, 52.36353610448586]]}, "properties": {"Speed": 15.5, "road_quality": 2, "marker": 7, "trip_id": "Febru_Trip1", "hrot_diff": 1, "sample_diff": 13, "time_diff_s": 0.26, "gps_distance_m": 4.3, "original_speed": "1923", "wheel_diameter_mm": 711.0003997802734}}, {"type": "Feature", "geometry": {"type": "LineString", "coordinates": [[4.902130191487002, 52.36353610448586], [4.9020674713637895, 52.363527031652694]]}, "properties": {"Speed": 15.5, "road_quality": 2, "marker": 7, "trip_id": "Febru_Trip1", "hrot_diff": 1, "sample_diff": 13, "time_diff_s": 0.26, "gps_distance_m": 4.4, "original_speed": "2016", "wheel_diameter_mm": 711.0003997802734}}, {"type": "Feature", "geometry": {"type": "LineString", "coordinates": [[4.9020674713637895, 52.363527031652694], [4.902002828218807, 52.363517887728186]]}, "properties": {"Speed": 16.8, "road_quality": 2, "marker": 7, "trip_id": "Febru_Trip1", "hrot_diff": 1, "sample_diff": 12, "time_diff_s": 0.24, "gps_distance_m": 4.5, "original_speed": "2100", "wheel_diameter_mm": 711.0003997802734}}, {"type": "Feature", "geometry": {"type": "LineString", "coordinates": [[4.902002828218807, 52.363517887728186], [4.901938075008483, 52.363505177585076]]}, "properties": {"Speed": 16.8, "road_quality": 2, "marker": 7, "trip_id": "Febru_Trip1", "hrot_diff": 1, "sample_diff": 12, "time_diff_s": 0.24, "gps_distance_m": 4.6, "original_speed": "2118", "wheel_diameter_mm": 711.0003997802734}}, {"type": "Feature", "geometry": {"type": "LineString", "coordinates": [[4.901938075008483, 52.363505177585076], [4.901881237563286, 52.363491180046516]]}, "properties": {"Speed": 15.5, "road_quality": 2, "marker": 7, "trip_id": "Febru_Trip1", "hrot_diff": 1, "sample_diff": 13, "time_diff_s": 0.26, "gps_distance_m": 4.2, "original_speed": "1960", "wheel_diameter_mm": 711.0003997802734}}, {"type": "Feature", "geometry": {"type": "LineString", "coordinates": [[4.901881237563286, 52.363491180046516], [4.901828182358889, 52.363478725722565]]}, "properties": {"Speed": 16.8, "road_quality": 2, "marker": 7, "trip_id": "Febru_Trip1", "hrot_diff": 1, "sample_diff": 12, "time_diff_s": 0.24, "gps_distance_m": 3.9, "original_speed": "1886", "wheel_diameter_mm": 711.0003997802734}}, {"type": "Feature", "geometry": {"type": "LineString", "coordinates": [[4.901828182358889, 52.363478725722565], [4.901771660672142, 52.36347243714488]]}, "properties": {"Speed": 16.8, "road_quality": 2, "marker": 7, "trip_id": "Febru_Trip1", "hrot_diff": 1, "sample_diff": 12, "time_diff_s": 0.24, "gps_distance_m": 3.9, "original_speed": "1904", "wheel_diameter_mm": 711.0003997802734}}, {"type": "Feature", "geometry": {"type": "LineString", "coordinates": [[4.901771660672142, 52.36347243714488], [4.901711128885386, 52.363462844494805]]}, "properties": {"Speed": 15.5, "road_quality": 2, "marker": 7, "trip_id": "Febru_Trip1", "hrot_diff": 1, "sample_diff": 13, "time_diff_s": 0.26, "gps_distance_m": 4.2, "original_speed": "2016", "wheel_diameter_mm": 711.0003997802734}}, {"type": "Feature", "geometry": {"type": "LineString", "coordinates": [[4.901711128885386, 52.363462844494805], [4.9016472825709405, 52.36345399222421]]}, "properties": {"Speed": 16.8, "road_quality": 2, "marker": 7, "trip_id": "Febru_Trip1", "hrot_diff": 1, "sample_diff": 12, "time_diff_s": 0.24, "gps_distance_m": 4.4, "original_speed": "2083", "wheel_diameter_mm": 711.0003997802734}}, {"type": "Feature", "geometry": {"type": "LineString", "coordinates": [[4.9016472825709405, 52.36345399222421], [4.901580688053104, 52.36344880057404]]}, "properties": {"Speed": 18.3, "road_quality": 2, "marker": 7, "trip_id": "Febru_Trip1", "hrot_diff": 1, "sample_diff": 11, "time_diff_s": 0.22, "gps_distance_m": 4.6, "original_speed": "2083", "wheel_diameter_mm": 711.0003997802734}}, {"type": "Feature", "geometry": {"type": "LineString", "coordinates": [[4.901580688053104, 52.36344880057404], [4.901515258519218, 52.36344108351672]]}, "properties": {"Speed": 16.8, "road_quality": 2, "marker": 7, "trip_id": "Febru_Trip1", "hrot_diff": 1, "sample_diff": 12, "time_diff_s": 0.24, "gps_distance_m": 4.5, "original_speed": "2136", "wheel_diameter_mm": 711.0003997802734}}, {"type": "Feature", "geometry": {"type": "LineString", "coordinates": [[4.901515258519218, 52.36344108351672], [4.901439321902682, 52.36345123533855]]}, "properties": {"Speed": 20.1, "road_quality": 2, "marker": 7, "trip_id": "Febru_Trip1", "hrot_diff": 1, "sample_diff": 10, "time_diff_s": 0.2, "gps_distance_m": 5.3, "original_speed": "2272", "wheel_diameter_mm": 711.0003997802734}}, {"type": "Feature", "geometry": {"type": "LineString", "coordinates": [[4.901439321902682, 52.36345123533855], [4.901362800644823, 52.36344903948075]]}, "properties": {"Speed": 20.1, "road_quality": 2, "marker": 7, "trip_id": "Febru_Trip1", "hrot_diff": 1, "sample_diff": 10, "time_diff_s": 0.2, "gps_distance_m": 5.2, "original_speed": "2336", "wheel_diameter_mm": 711.0003997802734}}, {"type": "Feature", "geometry": {"type": "LineString", "coordinates": [[4.901362800644823, 52.36344903948075], [4.901308323404642, 52.36342286289861]]}, "properties": {"Speed": 16.8, "road_quality": 2, "marker": 7, "trip_id": "Febru_Trip1", "hrot_diff": 1, "sample_diff": 12, "time_diff_s": 0.24, "gps_distance_m": 4.7, "original_speed": "2358", "wheel_diameter_mm": 711.0003997802734}}, {"type": "Feature", "geometry": {"type": "LineString", "coordinates": [[4.901308323404642, 52.36342286289861], [4.901239860841769, 52.3634077047967]]}, "properties": {"Speed": 22.3, "road_quality": 2, "marker": 7, "trip_id": "Febru_Trip1", "hrot_diff": 1, "sample_diff": 9, "time_diff_s": 0.18, "gps_distance_m": 4.9, "original_speed": "2427", "wheel_diameter_mm": 711.0003997802734}}, {"type": "Feature", "geometry": {"type": "LineString", "coordinates": [[4.901239860841769, 52.3634077047967], [4.9011668420292835, 52.36338926012015]]}, "properties": {"Speed": 18.3, "road_quality": 2, "marker": 7, "trip_id": "Febru_Trip1", "hrot_diff": 1, "sample_diff": 11, "time_diff_s": 0.22, "gps_distance_m": 5.4, "original_speed": "2475", "wheel_diameter_mm": 711.0003997802734}}, {"type": "Feature", "geometry": {"type": "LineString", "coordinates": [[4.9011668420292835, 52.36338926012015], [4.901090148613099, 52.363374902079244]]}, "properties": {"Speed": 22.3, "road_quality": 2, "marker": 7, "trip_id": "Febru_Trip1", "hrot_diff": 1, "sample_diff": 9, "time_diff_s": 0.18, "gps_distance_m": 5.4, "original_speed": "2500", "wheel_diameter_mm": 711.0003997802734}}, {"type": "Feature", "geometry": {"type": "LineString", "coordinates": [[4.901090148613099, 52.363374902079244], [4.901016191059363, 52.363361706261664]]}, "properties": {"Speed": 22.3, "road_quality": 2, "marker": 7, "trip_id": "Febru_Trip1", "hrot_diff": 1, "sample_diff": 9, "time_diff_s": 0.18, "gps_distance_m": 5.2, "original_speed": "2450", "wheel_diameter_mm": 711.0003997802734}}, {"type": "Feature", "geometry": {"type": "LineString", "coordinates": [[4.901016191059363, 52.363361706261664], [4.9009400634982265, 52.36334799622292]]}, "properties": {"Speed": 16.8, "road_quality": 2, "marker": 7, "trip_id": "Febru_Trip1", "hrot_diff": 1, "sample_diff": 10, "time_diff_s": 0.24, "gps_distance_m": 5.4, "original_speed": "2542", "wheel_diameter_mm": 711.0003997802734}}, {"type": "Feature", "geometry": {"type": "LineString", "coordinates": [[4.9009400634982265, 52.36334799622292], [4.900869059421966, 52.36332914799058]]}, "properties": {"Speed": 16.8, "road_quality": 2, "marker": 7, "trip_id": "Febru_Trip1", "hrot_diff": 1, "sample_diff": 12, "time_diff_s": 0.24, "gps_distance_m": 5.3, "original_speed": "2475", "wheel_diameter_mm": 711.0003997802734}}, {"type": "Feature", "geometry": {"type": "LineString", "coordinates": [[4.900869059421966, 52.36332914799058], [4.900794548967908, 52.3633230992146]]}, "properties": {"Speed": 20.1, "road_quality": 2, "marker": 7, "trip_id": "Febru_Trip1", "hrot_diff": 1, "sample_diff": 10, "time_diff_s": 0.2, "gps_distance_m": 5.1, "original_speed": "2450", "wheel_diameter_mm": 711.0003997802734}}, {"type": "Feature", "geometry": {"type": "LineString", "coordinates": [[4.900794548967908, 52.3633230992146], [4.900701265658245, 52.363325970591674]]}, "properties": {"Speed": 20.1, "road_quality": 2, "marker": 7, "trip_id": "Febru_Trip1", "hrot_diff": 1, "sample_diff": 10, "time_diff_s": 0.2, "gps_distance_m": 6.3, "original_speed": "2403", "wheel_diameter_mm": 711.0003997802734}}, {"type": "Feature", "geometry": {"type": "LineString", "coordinates": [[4.900701265658245, 52.363325970591674], [4.900645813836258, 52.36330604853847]]}, "properties": {"Speed": 18.3, "road_quality": 2, "marker": 7, "trip_id": "Febru_Trip1", "hrot_diff": 1, "sample_diff": 11, "time_diff_s": 0.22, "gps_distance_m": 4.4, "original_speed": "2336", "wheel_diameter_mm": 711.0003997802734}}, {"type": "Feature", "geometry": {"type": "LineString", "coordinates": [[4.900645813836258, 52.36330604853847], [4.900577021857165, 52.36328811400207]]}, "properties": {"Speed": 22.3, "road_quality": 2, "marker": 7, "trip_id": "Febru_Trip1", "hrot_diff": 1, "sample_diff": 9, "time_diff_s": 0.18, "gps_distance_m": 5.1, "original_speed": "2212", "wheel_diameter_mm": 711.0003997802734}}, {"type": "Feature", "geometry": {"type": "LineString", "coordinates": [[4.900577021857165, 52.36328811400207], [4.900514218596147, 52.363274640358284]]}, "properties": {"Speed": 16.8, "road_quality": 2, "marker": 7, "trip_id": "Febru_Trip1", "hrot_diff": 1, "sample_diff": 12, "time_diff_s": 0.24, "gps_distance_m": 4.5, "original_speed": "2293", "wheel_diameter_mm": 711.0003997802734}}, {"type": "Feature", "geometry": {"type": "LineString", "coordinates": [[4.900514218596147, 52.363274640358284], [4.900449279222871, 52.363264325915466]]}, "properties": {"Speed": 18.3, "road_quality": 2, "marker": 7, "trip_id": "Febru_Trip1", "hrot_diff": 1, "sample_diff": 11, "time_diff_s": 0.22, "gps_distance_m": 4.6, "original_speed": "2173", "wheel_diameter_mm": 711.0003997802734}}, {"type": "Feature", "geometry": {"type": "LineString", "coordinates": [[4.900449279222871, 52.363264325915466], [4.900387504059048, 52.36324617914708]]}, "properties": {"Speed": 16.8, "road_quality": 2, "marker": 7, "trip_id": "Febru_Trip1", "hrot_diff": 1, "sample_diff": 12, "time_diff_s": 0.24, "gps_distance_m": 4.7, "original_speed": "2212", "wheel_diameter_mm": 711.0003997802734}}, {"type": "Feature", "geometry": {"type": "LineString", "coordinates": [[4.900387504059048, 52.36324617914708], [4.90032759668688, 52.36322353524498]]}, "properties": {"Speed": 20.1, "road_quality": 2, "marker": 7, "trip_id": "Febru_Trip1", "hrot_diff": 1, "sample_diff": 10, "time_diff_s": 0.2, "gps_distance_m": 4.8, "original_speed": "2272", "wheel_diameter_mm": 711.0003997802734}}, {"type": "Feature", "geometry": {"type": "LineString", "coordinates": [[4.90032759668688, 52.36322353524498], [4.900265308983597, 52.36320392663288]]}, "properties": {"Speed": 18.3, "road_quality": 2, "marker": 7, "trip_id": "Febru_Trip1", "hrot_diff": 1, "sample_diff": 11, "time_diff_s": 0.22, "gps_distance_m": 4.8, "original_speed": "2358", "wheel_diameter_mm": 711.0003997802734}}, {"type": "Feature", "geometry": {"type": "LineString", "coordinates": [[4.900265308983597, 52.36320392663288], [4.900197142539778, 52.36318954652961]]}, "properties": {"Speed": 20.1, "road_quality": 2, "marker": 7, "trip_id": "Febru_Trip1", "hrot_diff": 1, "sample_diff": 10, "time_diff_s": 0.2, "gps_distance_m": 4.9, "original_speed": "2427", "wheel_diameter_mm": 711.0003997802734}}, {"type": "Feature", "geometry": {"type": "LineString", "coordinates": [[4.900197142539778, 52.36318954652961], [4.900125047693411, 52.36317693397534]]}, "properties": {"Speed": 19.1, "road_quality": 2, "marker": 7, "trip_id": "Febru_Trip1", "hrot_diff": 1, "sample_diff": 10, "time_diff_s": 0.21, "gps_distance_m": 5.1, "original_speed": "2358", "wheel_diameter_mm": 711.0003997802734}}, {"type": "Feature", "geometry": {"type": "LineString", "coordinates": [[4.900125047693411, 52.36317693397534], [4.90006003426474, 52.36316646964555]]}, "properties": {"Speed": 16.8, "road_quality": 2, "marker": 7, "trip_id": "Febru_Trip1", "hrot_diff": 1, "sample_diff": 12, "time_diff_s": 0.24, "gps_distance_m": 4.6, "original_speed": "2380", "wheel_diameter_mm": 711.0003997802734}}, {"type": "Feature", "geometry": {"type": "LineString", "coordinates": [[4.90006003426474, 52.36316646964555], [4.89998410782543, 52.36315878530894]]}, "properties": {"Speed": 25.1, "road_quality": 2, "marker": 7, "trip_id": "Febru_Trip1", "hrot_diff": 1, "sample_diff": 8, "time_diff_s": 0.16, "gps_distance_m": 5.2, "original_speed": "2314", "wheel_diameter_mm": 711.0003997802734}}, {"type": "Feature", "geometry": {"type": "LineString", "coordinates": [[4.89998410782543, 52.36315878530894], [4.899909645489329, 52.36314476408208]]}, "properties": {"Speed": 16.8, "road_quality": 2, "marker": 7, "trip_id": "Febru_Trip1", "hrot_diff": 1, "sample_diff": 12, "time_diff_s": 0.24, "gps_distance_m": 5.3, "original_speed": "2500", "wheel_diameter_mm": 711.0003997802734}}, {"type": "Feature", "geometry": {"type": "LineString", "coordinates": [[4.899909645489329, 52.36314476408208], [4.899835678155111, 52.36313080575203]]}, "properties": {"Speed": 15.5, "road_quality": 2, "marker": 7, "trip_id": "Febru_Trip1", "hrot_diff": 1, "sample_diff": 13, "time_diff_s": 0.26, "gps_distance_m": 5.3, "original_speed": "2521", "wheel_diameter_mm": 711.0003997802734}}, {"type": "Feature", "geometry": {"type": "LineString", "coordinates": [[4.899835678155111, 52.36313080575203], [4.899762368606994, 52.36311494748704]]}, "properties": {"Speed": 22.3, "road_quality": 2, "marker": 7, "trip_id": "Febru_Trip1", "hrot_diff": 1, "sample_diff": 9, "time_diff_s": 0.18, "gps_distance_m": 5.3, "original_speed": "2358", "wheel_diameter_mm": 711.0003997802734}}, {"type": "Feature", "geometry": {"type": "LineString", "coordinates": [[4.899762368606994, 52.36311494748704], [4.899703981367768, 52.36310500849478]]}, "properties": {"Speed": 16.8, "road_quality": 2, "marker": 7, "trip_id": "Febru_Trip1", "hrot_diff": 1, "sample_diff": 12, "time_diff_s": 0.24, "gps_distance_m": 4.1, "original_speed": "2380", "wheel_diameter_mm": 711.0003997802734}}, {"type": "Feature", "geometry": {"type": "LineString", "coordinates": [[4.899703981367768, 52.36310500849478], [4.899634189194474, 52.363102092458725]]}, "properties": {"Speed": 15.5, "road_quality": 2, "marker": 7, "trip_id": "Febru_Trip1", "hrot_diff": 1, "sample_diff": 13, "time_diff_s": 0.26, "gps_distance_m": 4.8, "original_speed": "2192", "wheel_diameter_mm": 711.0003997802734}}, {"type": "Feature", "geometry": {"type": "LineString", "coordinates": [[4.899634189194474, 52.363102092458725], [4.899572279784421, 52.363090814718525]]}, "properties": {"Speed": 15.5, "road_quality": 2, "marker": 7, "trip_id": "Febru_Trip1", "hrot_diff": 1, "sample_diff": 13, "time_diff_s": 0.26, "gps_distance_m": 4.4, "original_speed": "2100", "wheel_diameter_mm": 711.0003997802734}}, {"type": "Feature", "geometry": {"type": "LineString", "coordinates": [[4.899572279784421, 52.363090814718525], [4.899518301579351, 52.36307940094191]]}, "properties": {"Speed": 18.3, "road_quality": 2, "marker": 7, "trip_id": "Febru_Trip1", "hrot_diff": 1, "sample_diff": 11, "time_diff_s": 0.22, "gps_distance_m": 3.9, "original_speed": "2083", "wheel_diameter_mm": 711.0003997802734}}, {"type": "Feature", "geometry": {"type": "LineString", "coordinates": [[4.899518301579351, 52.36307940094191], [4.899457065487012, 52.36306822924545]]}, "properties": {"Speed": 20.1, "road_quality": 2, "marker": 7, "trip_id": "Febru_Trip1", "hrot_diff": 1, "sample_diff": 10, "time_diff_s": 0.2, "gps_distance_m": 4.3, "original_speed": "2118", "wheel_diameter_mm": 711.0003997802734}}, {"type": "Feature", "geometry": {"type": "LineString", "coordinates": [[4.899457065487012, 52.36306822924545], [4.899388369928358, 52.363044890076175]]}, "properties": {"Speed": 18.3, "road_quality": 2, "marker": 7, "trip_id": "Febru_Trip1", "hrot_diff": 1, "sample_diff": 11, "time_diff_s": 0.22, "gps_distance_m": 5.3, "original_speed": "2314", "wheel_diameter_mm": 711.0003997802734}}, {"type": "Feature", "geometry": {"type": "LineString", "coordinates": [[4.899388369928358, 52.363044890076175], [4.899316776820007, 52.363031830863726]]}, "properties": {"Speed": 18.3, "road_quality": 2, "marker": 7, "trip_id": "Febru_Trip1", "hrot_diff": 1, "sample_diff": 11, "time_diff_s": 0.22, "gps_distance_m": 5.1, "original_speed": "2403", "wheel_diameter_mm": 711.0003997802734}}, {"type": "Feature", "geometry": {"type": "LineString", "coordinates": [[4.899316776820007, 52.363031830863726], [4.89925234027376, 52.36302129662543]]}, "properties": {"Speed": 18.3, "road_quality": 2, "marker": 7, "trip_id": "Febru_Trip1", "hrot_diff": 1, "sample_diff": 11, "time_diff_s": 0.22, "gps_distance_m": 4.5, "original_speed": "2314", "wheel_diameter_mm": 711.0003997802734}}, {"type": "Feature", "geometry": {"type": "LineString", "coordinates": [[4.89925234027376, 52.36302129662543], [4.899191394086717, 52.36299491753402]]}, "properties": {"Speed": 16.8, "road_quality": 2, "marker": 7, "trip_id": "Febru_Trip1", "hrot_diff": 1, "sample_diff": 12, "time_diff_s": 0.24, "gps_distance_m": 5.1, "original_speed": "2252", "wheel_diameter_mm": 711.0003997802734}}, {"type": "Feature", "geometry": {"type": "LineString", "coordinates": [[4.899191394086717, 52.36299491753402], [4.8991261208048975, 52.36298735490178]]}, "properties": {"Speed": 16.8, "road_quality": 2, "marker": 7, "trip_id": "Febru_Trip1", "hrot_diff": 1, "sample_diff": 12, "time_diff_s": 0.24, "gps_distance_m": 4.5, "original_speed": "2136", "wheel_diameter_mm": 711.0003997802734}}, {"type": "Feature", "geometry": {"type": "LineString", "coordinates": [[4.8991261208048975, 52.36298735490178], [4.899066568268154, 52.362975719392566]]}, "properties": {"Speed": 18.3, "road_quality": 2, "marker": 7, "trip_id": "Febru_Trip1", "hrot_diff": 1, "sample_diff": 11, "time_diff_s": 0.22, "gps_distance_m": 4.2, "original_speed": "2049", "wheel_diameter_mm": 711.0003997802734}}, {"type": "Feature", "geometry": {"type": "LineString", "coordinates": [[4.899066568268154, 52.362975719392566], [4.899011339308124, 52.362960074833076]]}, "properties": {"Speed": 16.8, "road_quality": 2, "marker": 7, "trip_id": "Febru_Trip1", "hrot_diff": 1, "sample_diff": 12, "time_diff_s": 0.24, "gps_distance_m": 4.1, "original_speed": "1960", "wheel_diameter_mm": 711.0003997802734}}, {"type": "Feature", "geometry": {"type": "LineString", "coordinates": [[4.899011339308124, 52.362960074833076], [4.898963065086726, 52.362948842850486]]}, "properties": {"Speed": 11.2, "road_quality": 2, "marker": 7, "trip_id": "Febru_Trip1", "hrot_diff": 1, "sample_diff": 18, "time_diff_s": 0.36, "gps_distance_m": 3.5, "original_speed": "1709", "wheel_diameter_mm": 711.0003997802734}}, {"type": "Feature", "geometry": {"type": "LineString", "coordinates": [[4.898963065086726, 52.362948842850486], [4.8989234184581605, 52.36294361198265]]}, "properties": {"Speed": 11.2, "road_quality": 2, "marker": 7, "trip_id": "Febru_Trip1", "hrot_diff": 1, "sample_diff": 18, "time_diff_s": 0.36, "gps_distance_m": 2.8, "original_speed": "1470", "wheel_diameter_mm": 711.0003997802734}}, {"type": "Feature", "geometry": {"type": "LineString", "coordinates": [[4.8989234184581605, 52.36294361198265], [4.89888197476242, 52.36294144952203]]}, "properties": {"Speed": 9.1, "road_quality": 2, "marker": 7, "trip_id": "Febru_Trip1", "hrot_diff": 1, "sample_diff": 22, "time_diff_s": 0.44, "gps_distance_m": 2.8, "original_speed": "1351", "wheel_diameter_mm": 711.0003997802734}}, {"type": "Feature", "geometry": {"type": "LineString", "coordinates": [[4.89888197476242, 52.36294144952203], [4.89885027727758, 52.36293076933108]]}, "properties": {"Speed": 9.1, "road_quality": 2, "marker": 7, "trip_id": "Febru_Trip1", "hrot_diff": 1, "sample_diff": 22, "time_diff_s": 0.44, "gps_distance_m": 2.5, "original_speed": "1250", "wheel_diameter_mm": 711.0003997802734}}, {"type": "Feature", "geometry": {"type": "LineString", "coordinates": [[4.89885027727758, 52.36293076933108], [4.8988185027847, 52.362922655338515]]}, "properties": {"Speed": 7.7, "road_quality": 2, "marker": 7, "trip_id": "Febru_Trip1", "hrot_diff": 1, "sample_diff": 26, "time_diff_s": 0.52, "gps_distance_m": 2.3, "original_speed": "1153", "wheel_diameter_mm": 711.0003997802734}}, {"type": "Feature", "geometry": {"type": "LineString", "coordinates": [[4.8988185027847, 52.362922655338515], [4.898792599234603, 52.36291847041812]]}, "properties": {"Speed": 5.0, "road_quality": 2, "marker": 7, "trip_id": "Febru_Trip1", "hrot_diff": 1, "sample_diff": 40, "time_diff_s": 0.8, "gps_distance_m": 1.8, "original_speed": "952", "wheel_diameter_mm": 711.0003997802734}}, {"type": "Feature", "geometry": {"type": "LineString", "coordinates": [[4.898792599234603, 52.36291847041812], [4.898776010346529, 52.362919157179164]]}, "properties": {"Speed": 4.9, "road_quality": 2, "marker": 7, "trip_id": "Febru_Trip1", "hrot_diff": 1, "sample_diff": 41, "time_diff_s": 0.82, "gps_distance_m": 1.1, "original_speed": "781", "wheel_diameter_mm": 711.0003997802734}}, {"type": "Feature", "geometry": {"type": "LineString", "coordinates": [[4.898776010346529, 52.362919157179164], [4.89875287351473, 52.362932325150695]]}, "properties": {"Speed": 0.4, "road_quality": 1, "marker": 7, "trip_id": "Febru_Trip1", "hrot_diff": 1, "sample_diff": 518, "time_diff_s": 10.36, "gps_distance_m": 2.1, "original_speed": "657", "wheel_diameter_mm": 711.0003997802734}}, {"type": "Feature", "geometry": {"type": "LineString", "coordinates": [[4.89875287351473, 52.362932325150695], [4.898739179025826, 52.36292804954022]]}, "properties": {"Speed": 3.4, "road_quality": 2, "marker": 3, "trip_id": "Febru_Trip1", "hrot_diff": 1, "sample_diff": 59, "time_diff_s": 1.18, "gps_distance_m": 1.0, "original_speed": "0", "wheel_diameter_mm": 711.0003997802734}}, {"type": "Feature", "geometry": {"type": "LineString", "coordinates": [[4.898739179025826, 52.36292804954022], [4.898698048602349, 52.362917870301835]]}, "properties": {"Speed": 2.4, "road_quality": 2, "marker": 7, "trip_id": "Febru_Trip1", "hrot_diff": 1, "sample_diff": 84, "time_diff_s": 1.68, "gps_distance_m": 3.0, "original_speed": "149", "wheel_diameter_mm": 711.0003997802734}}, {"type": "Feature", "geometry": {"type": "LineString", "coordinates": [[4.898698048602349, 52.362917870301835], [4.898672589543595, 52.36291111848511]]}, "properties": {"Speed": 8.7, "road_quality": 2, "marker": 6, "trip_id": "Febru_Trip1", "hrot_diff": 1, "sample_diff": 23, "time_diff_s": 0.46, "gps_distance_m": 1.9, "original_speed": "-1", "wheel_diameter_mm": 711.0003997802734}}, {"type": "Feature", "geometry": {"type": "LineString", "coordinates": [[4.898672589543595, 52.36291111848511], [4.898635467119619, 52.36288123725101]]}, "properties": {"Speed": 16.8, "road_quality": 2, "marker": 7, "trip_id": "Febru_Trip1", "hrot_diff": 1, "sample_diff": 12, "time_diff_s": 0.24, "gps_distance_m": 4.2, "original_speed": "1363", "wheel_diameter_mm": 711.0003997802734}}, {"type": "Feature", "geometry": {"type": "LineString", "coordinates": [[4.898635467119619, 52.36288123725101], [4.898638734758738, 52.362842222129466]]}, "properties": {"Speed": 11.8, "road_quality": 2, "marker": 7, "trip_id": "Febru_Trip1", "hrot_diff": 1, "sample_diff": 17, "time_diff_s": 0.34, "gps_distance_m": 4.3, "original_speed": "1652", "wheel_diameter_mm": 711.0003997802734}}, {"type": "Feature", "geometry": {"type": "LineString", "coordinates": [[4.898638734758738, 52.362842222129466], [4.898666323413831, 52.36281711183397]]}, "properties": {"Speed": 13.4, "road_quality": 2, "marker": 7, "trip_id": "Febru_Trip1", "hrot_diff": 1, "sample_diff": 15, "time_diff_s": 0.3, "gps_distance_m": 3.4, "original_speed": "1886", "wheel_diameter_mm": 711.0003997802734}}, {"type": "Feature", "geometry": {"type": "LineString", "coordinates": [[4.898666323413831, 52.36281711183397], [4.898696218348145, 52.362770523025034]]}, "properties": {"Speed": 25.1, "road_quality": 2, "marker": 7, "trip_id": "Febru_Trip1", "hrot_diff": 1, "sample_diff": 8, "time_diff_s": 0.16, "gps_distance_m": 5.6, "original_speed": "2173", "wheel_diameter_mm": 711.0003997802734}}, {"type": "Feature", "geometry": {"type": "LineString", "coordinates": [[4.898696218348145, 52.362770523025034], [4.898724588641545, 52.362722652914215]]}, "properties": {"Speed": 13.1, "road_quality": 2, "marker": 7, "trip_id": "Febru_Trip1", "hrot_diff": 3, "sample_diff": 46, "time_diff_s": 0.92, "gps_distance_m": 5.7, "original_speed": "2586", "wheel_diameter_mm": 711.0003997802734}}, {"type": "Feature", "geometry": {"type": "LineString", "coordinates": [[4.898724588641545, 52.362722652914215], [4.898747485801943, 52.36266951123187]]}, "properties": {"Speed": 20.1, "road_quality": 2, "marker": 6, "trip_id": "Febru_Trip1", "hrot_diff": 1, "sample_diff": 10, "time_diff_s": 0.2, "gps_distance_m": 6.1, "original_speed": "-1", "wheel_diameter_mm": 711.0003997802734}}, {"type": "Feature", "geometry": {"type": "LineString", "coordinates": [[4.898747485801943, 52.36266951123187], [4.8987698106794575, 52.36262333382503]]}, "properties": {"Speed": 18.3, "road_quality": 2, "marker": 6, "trip_id": "Febru_Trip1", "hrot_diff": 1, "sample_diff": 11, "time_diff_s": 0.22, "gps_distance_m": 5.4, "original_speed": "-1", "wheel_diameter_mm": 711.0003997802734}}, {"type": "Feature", "geometry": {"type": "LineString", "coordinates": [[4.8987698106794575, 52.36262333382503], [4.898777152677146, 52.36257640518999]]}, "properties": {"Speed": 22.3, "road_quality": 2, "marker": 7, "trip_id": "Febru_Trip1", "hrot_diff": 1, "sample_diff": 9, "time_diff_s": 0.18, "gps_distance_m": 5.2, "original_speed": "2678", "wheel_diameter_mm": 711.0003997802734}}, {"type": "Feature", "geometry": {"type": "LineString", "coordinates": [[4.898777152677146, 52.36257640518999], [4.898795843575507, 52.36253101538244]]}, "properties": {"Speed": 18.3, "road_quality": 2, "marker": 7, "trip_id": "Febru_Trip1", "hrot_diff": 1, "sample_diff": 11, "time_diff_s": 0.22, "gps_distance_m": 5.2, "original_speed": "2521", "wheel_diameter_mm": 711.0003997802734}}, {"type": "Feature", "geometry": {"type": "LineString", "coordinates": [[4.898795843575507, 52.36253101538244], [4.8988121985704165, 52.36248612072061]]}, "properties": {"Speed": 20.1, "road_quality": 2, "marker": 7, "trip_id": "Febru_Trip1", "hrot_diff": 1, "sample_diff": 10, "time_diff_s": 0.2, "gps_distance_m": 5.1, "original_speed": "2427", "wheel_diameter_mm": 711.0003997802734}}, {"type": "Feature", "geometry": {"type": "LineString", "coordinates": [[4.8988121985704165, 52.36248612072061], [4.898826334646932, 52.36244119142302]]}, "properties": {"Speed": 18.3, "road_quality": 2, "marker": 7, "trip_id": "Febru_Trip1", "hrot_diff": 1, "sample_diff": 11, "time_diff_s": 0.22, "gps_distance_m": 5.1, "original_speed": "2336", "wheel_diameter_mm": 711.0003997802734}}, {"type": "Feature", "geometry": {"type": "LineString", "coordinates": [[4.898826334646932, 52.36244119142302], [4.898831448330204, 52.36240485880095]]}, "properties": {"Speed": 16.8, "road_quality": 2, "marker": 7, "trip_id": "Febru_Trip1", "hrot_diff": 1, "sample_diff": 12, "time_diff_s": 0.24, "gps_distance_m": 4.1, "original_speed": "2212", "wheel_diameter_mm": 711.0003997802734}}, {"type": "Feature", "geometry": {"type": "LineString", "coordinates": [[4.898831448330204, 52.36240485880095], [4.898851656585253, 52.36236248809828]]}, "properties": {"Speed": 25.1, "road_quality": 2, "marker": 7, "trip_id": "Febru_Trip1", "hrot_diff": 1, "sample_diff": 8, "time_diff_s": 0.16, "gps_distance_m": 4.9, "original_speed": "2403", "wheel_diameter_mm": 711.0003997802734}}, {"type": "Feature", "geometry": {"type": "LineString", "coordinates": [[4.898851656585253, 52.36236248809828], [4.898857102928069, 52.362313414882394]]}, "properties": {"Speed": 13.1, "road_quality": 3, "marker": 7, "trip_id": "Febru_Trip1", "hrot_diff": 3, "sample_diff": 46, "time_diff_s": 0.92, "gps_distance_m": 5.5, "original_speed": "2608", "wheel_diameter_mm": 711.0003997802734}}, {"type": "Feature", "geometry": {"type": "LineString", "coordinates": [[4.898857102928069, 52.362313414882394], [4.898857415076648, 52.36225873722376]]}, "properties": {"Speed": 7.2, "road_quality": 3, "marker": 6, "trip_id": "Febru_Trip1", "hrot_diff": 1, "sample_diff": 28, "time_diff_s": 0.56, "gps_distance_m": 6.1, "original_speed": "-1", "wheel_diameter_mm": 711.0003997802734}}, {"type": "Feature", "geometry": {"type": "LineString", "coordinates": [[4.898857415076648, 52.36225873722376], [4.898851836133684, 52.36220521867771]]}, "properties": {"Speed": 3.5, "road_quality": 3, "marker": 6, "trip_id": "Febru_Trip1", "hrot_diff": 1, "sample_diff": 58, "time_diff_s": 1.16, "gps_distance_m": 6.0, "original_speed": "-1", "wheel_diameter_mm": 711.0003997802734}}, {"type": "Feature", "geometry": {"type": "LineString", "coordinates": [[4.898851836133684, 52.36220521867771], [4.898841310527779, 52.362141877547344]]}, "properties": {"Speed": 7.2, "road_quality": 2, "marker": 7, "trip_id": "Febru_Trip1", "hrot_diff": 1, "sample_diff": 28, "time_diff_s": 0.56, "gps_distance_m": 7.1, "original_speed": "793", "wheel_diameter_mm": 711.0003997802734}}, {"type": "Feature", "geometry": {"type": "LineString", "coordinates": [[4.898841310527779, 52.362141877547344], [4.89886497098331, 52.36208002708925]]}, "properties": {"Speed": 18.3, "road_quality": 2, "marker": 6, "trip_id": "Febru_Trip1", "hrot_diff": 1, "sample_diff": 11, "time_diff_s": 0.22, "gps_distance_m": 7.1, "original_speed": "-1", "wheel_diameter_mm": 711.0003997802734}}, {"type": "Feature", "geometry": {"type": "LineString", "coordinates": [[4.89886497098331, 52.36208002708925], [4.8993212332405385, 52.36097816516996]]}, "properties": {"Speed": 0.2, "road_quality": 2, "marker": 6, "trip_id": "Febru_Trip1", "hrot_diff": 1, "sample_diff": 1062, "time_diff_s": 21.24, "gps_distance_m": 126.4, "original_speed": "-1", "wheel_diameter_mm": 711.0003997802734}}, {"type": "Feature", "geometry": {"type": "LineString", "coordinates": [[4.8993212332405385, 52.36097816516996], [4.899317143568952, 52.36095069416428]]}, "properties": {"Speed": 11.2, "road_quality": 2, "marker": 7, "trip_id": "Febru_Trip1", "hrot_diff": 1, "sample_diff": 18, "time_diff_s": 0.36, "gps_distance_m": 3.1, "original_speed": "133", "wheel_diameter_mm": 711.0003997802734}}, {"type": "Feature", "geometry": {"type": "LineString", "coordinates": [[4.899317143568952, 52.36095069416428], [4.89931078982541, 52.36091669089558]]}, "properties": {"Speed": 14.4, "road_quality": 2, "marker": 7, "trip_id": "Febru_Trip1", "hrot_diff": 1, "sample_diff": 14, "time_diff_s": 0.28, "gps_distance_m": 3.8, "original_speed": "1818", "wheel_diameter_mm": 711.0003997802734}}, {"type": "Feature", "geometry": {"type": "LineString", "coordinates": [[4.89931078982541, 52.36091669089558], [4.899306313190406, 52.360865641407095]]}, "properties": {"Speed": 18.3, "road_quality": 2, "marker": 7, "trip_id": "Febru_Trip1", "hrot_diff": 1, "sample_diff": 11, "time_diff_s": 0.22, "gps_distance_m": 5.7, "original_speed": "2136", "wheel_diameter_mm": 711.0003997802734}}, {"type": "Feature", "geometry": {"type": "LineString", "coordinates": [[4.899306313190406, 52.360865641407095], [4.899326915894857, 52.36081798160655]]}, "properties": {"Speed": 28.7, "road_quality": 2, "marker": 7, "trip_id": "Febru_Trip1", "hrot_diff": 1, "sample_diff": 7, "time_diff_s": 0.14, "gps_distance_m": 5.5, "original_speed": "2475", "wheel_diameter_mm": 711.0003997802734}}, {"type": "Feature", "geometry": {"type": "LineString", "coordinates": [[4.899326915894857, 52.36081798160655], [4.899344586385556, 52.36077292733127]]}, "properties": {"Speed": 18.3, "road_quality": 2, "marker": 7, "trip_id": "Febru_Trip1", "hrot_diff": 1, "sample_diff": 11, "time_diff_s": 0.22, "gps_distance_m": 5.2, "original_speed": "2631", "wheel_diameter_mm": 711.0003997802734}}, {"type": "Feature", "geometry": {"type": "LineString", "coordinates": [[4.899344586385556, 52.36077292733127], [4.898713486465017, 52.35973426232838]]}, "properties": {"Speed": 0.2, "road_quality": 3, "marker": 7, "trip_id": "Febru_Trip1", "hrot_diff": 1, "sample_diff": 1027, "time_diff_s": 20.54, "gps_distance_m": 123.2, "original_speed": "2752", "wheel_diameter_mm": 711.0003997802734}}, {"type": "Feature", "geometry": {"type": "LineString", "coordinates": [[4.898713486465017, 52.35973426232838], [4.898699741514243, 52.359702599721025]]}, "properties": {"Speed": 10.1, "road_quality": 2, "marker": 7, "trip_id": "Febru_Trip1", "hrot_diff": 1, "sample_diff": 20, "time_diff_s": 0.4, "gps_distance_m": 3.6, "original_speed": "48", "wheel_diameter_mm": 711.0003997802734}}, {"type": "Feature", "geometry": {"type": "LineString", "coordinates": [[4.898699741514243, 52.359702599721025], [4.898685399903312, 52.359680504571116]]}, "properties": {"Speed": 8.7, "road_quality": 2, "marker": 7, "trip_id": "Febru_Trip1", "hrot_diff": 1, "sample_diff": 23, "time_diff_s": 0.46, "gps_distance_m": 2.6, "original_speed": "135", "wheel_diameter_mm": 711.0003997802734}}, {"type": "Feature", "geometry": {"type": "LineString", "coordinates": [[4.898685399903312, 52.359680504571116], [4.898672526323824, 52.359661688703945]]}, "properties": {"Speed": 8.4, "road_quality": 2, "marker": 7, "trip_id": "Febru_Trip1", "hrot_diff": 1, "sample_diff": 24, "time_diff_s": 0.48, "gps_distance_m": 2.3, "original_speed": "1229", "wheel_diameter_mm": 711.0003997802734}}, {"type": "Feature", "geometry": {"type": "LineString", "coordinates": [[4.898672526323824, 52.359661688703945], [4.898662453082417, 52.359646544633286]]}, "properties": {"Speed": 8.4, "road_quality": 2, "marker": 7, "trip_id": "Febru_Trip1", "hrot_diff": 1, "sample_diff": 24, "time_diff_s": 0.48, "gps_distance_m": 1.8, "original_speed": "1034", "wheel_diameter_mm": 711.0003997802734}}, {"type": "Feature", "geometry": {"type": "LineString", "coordinates": [[4.898662453082417, 52.359646544633286], [4.898648006274998, 52.35962419961381]]}, "properties": {"Speed": 14.4, "road_quality": 2, "marker": 7, "trip_id": "Febru_Trip1", "hrot_diff": 1, "sample_diff": 14, "time_diff_s": 0.28, "gps_distance_m": 2.7, "original_speed": "1086", "wheel_diameter_mm": 711.0003997802734}}, {"type": "Feature", "geometry": {"type": "LineString", "coordinates": [[4.898648006274998, 52.35962419961381], [4.898624423877887, 52.35959966959905]]}, "properties": {"Speed": 12.6, "road_quality": 2, "marker": 7, "trip_id": "Febru_Trip1", "hrot_diff": 1, "sample_diff": 16, "time_diff_s": 0.32, "gps_distance_m": 3.2, "original_speed": "1500", "wheel_diameter_mm": 711.0003997802734}}, {"type": "Feature", "geometry": {"type": "LineString", "coordinates": [[4.898624423877887, 52.35959966959905], [4.89857919100462, 52.35957515415865]]}, "properties": {"Speed": 16.8, "road_quality": 2, "marker": 7, "trip_id": "Febru_Trip1", "hrot_diff": 1, "sample_diff": 12, "time_diff_s": 0.24, "gps_distance_m": 4.1, "original_speed": "1980", "wheel_diameter_mm": 711.0003997802734}}, {"type": "Feature", "geometry": {"type": "LineString", "coordinates": [[4.89857919100462, 52.35957515415865], [4.898509580071705, 52.359561091795925]]}, "properties": {"Speed": 25.1, "road_quality": 2, "marker": 7, "trip_id": "Febru_Trip1", "hrot_diff": 1, "sample_diff": 8, "time_diff_s": 0.16, "gps_distance_m": 5.0, "original_speed": "2293", "wheel_diameter_mm": 711.0003997802734}}, {"type": "Feature", "geometry": {"type": "LineString", "coordinates": [[4.898509580071705, 52.359561091795925], [4.898419267222701, 52.359554554999434]]}, "properties": {"Speed": 15.5, "road_quality": 2, "marker": 7, "trip_id": "Febru_Trip1", "hrot_diff": 1, "sample_diff": 13, "time_diff_s": 0.26, "gps_distance_m": 6.2, "original_speed": "2586", "wheel_diameter_mm": 711.0003997802734}}, {"type": "Feature", "geometry": {"type": "LineString", "coordinates": [[4.898419267222701, 52.359554554999434], [4.898334281697795, 52.359543430161914]]}, "properties": {"Speed": 16.8, "road_quality": 2, "marker": 7, "trip_id": "Febru_Trip1", "hrot_diff": 1, "sample_diff": 12, "time_diff_s": 0.24, "gps_distance_m": 5.9, "original_speed": "2857", "wheel_diameter_mm": 711.0003997802734}}, {"type": "Feature", "geometry": {"type": "LineString", "coordinates": [[4.898334281697795, 52.359543430161914], [4.898248129520906, 52.35953441599927]]}, "properties": {"Speed": 16.8, "road_quality": 2, "marker": 7, "trip_id": "Febru_Trip1", "hrot_diff": 1, "sample_diff": 12, "time_diff_s": 0.24, "gps_distance_m": 5.9, "original_speed": "2830", "wheel_diameter_mm": 711.0003997802734}}, {"type": "Feature", "geometry": {"type": "LineString", "coordinates": [[4.898248129520906, 52.35953441599927], [4.898167982874933, 52.35952051988003]]}, "properties": {"Speed": 18.3, "road_quality": 2, "marker": 7, "trip_id": "Febru_Trip1", "hrot_diff": 1, "sample_diff": 11, "time_diff_s": 0.22, "gps_distance_m": 5.7, "original_speed": "2857", "wheel_diameter_mm": 711.0003997802734}}, {"type": "Feature", "geometry": {"type": "LineString", "coordinates": [[4.898167982874933, 52.35952051988003], [4.898083286926784, 52.359512535162715]]}, "properties": {"Speed": 28.7, "road_quality": 2, "marker": 7, "trip_id": "Febru_Trip1", "hrot_diff": 1, "sample_diff": 7, "time_diff_s": 0.14, "gps_distance_m": 5.8, "original_speed": "2857", "wheel_diameter_mm": 711.0003997802734}}, {"type": "Feature", "geometry": {"type": "LineString", "coordinates": [[4.898083286926784, 52.359512535162715], [4.897999533443163, 52.35950242686162]]}, "properties": {"Speed": 20.1, "road_quality": 2, "marker": 7, "trip_id": "Febru_Trip1", "hrot_diff": 1, "sample_diff": 10, "time_diff_s": 0.2, "gps_distance_m": 5.8, "original_speed": "2702", "wheel_diameter_mm": 711.0003997802734}}, {"type": "Feature", "geometry": {"type": "LineString", "coordinates": [[4.897999533443163, 52.35950242686162], [4.897924795628656, 52.359492810205474]]}, "properties": {"Speed": 16.8, "road_quality": 2, "marker": 7, "trip_id": "Febru_Trip1", "hrot_diff": 1, "sample_diff": 12, "time_diff_s": 0.24, "gps_distance_m": 5.2, "original_speed": "2500", "wheel_diameter_mm": 711.0003997802734}}, {"type": "Feature", "geometry": {"type": "LineString", "coordinates": [[4.897924795628656, 52.359492810205474], [4.8978606282411885, 52.35947762808159]]}, "properties": {"Speed": 15.5, "road_quality": 2, "marker": 7, "trip_id": "Febru_Trip1", "hrot_diff": 1, "sample_diff": 13, "time_diff_s": 0.26, "gps_distance_m": 4.7, "original_speed": "2252", "wheel_diameter_mm": 711.0003997802734}}, {"type": "Feature", "geometry": {"type": "LineString", "coordinates": [[4.8978606282411885, 52.35947762808159], [4.897804155146587, 52.35945922093377]]}, "properties": {"Speed": 16.8, "road_quality": 2, "marker": 7, "trip_id": "Febru_Trip1", "hrot_diff": 1, "sample_diff": 12, "time_diff_s": 0.24, "gps_distance_m": 4.3, "original_speed": "2155", "wheel_diameter_mm": 711.0003997802734}}, {"type": "Feature", "geometry": {"type": "LineString", "coordinates": [[4.897804155146587, 52.35945922093377], [4.897738993400503, 52.359445798570796]]}, "properties": {"Speed": 16.8, "road_quality": 2, "marker": 7, "trip_id": "Febru_Trip1", "hrot_diff": 1, "sample_diff": 12, "time_diff_s": 0.24, "gps_distance_m": 4.7, "original_speed": "2136", "wheel_diameter_mm": 711.0003997802734}}, {"type": "Feature", "geometry": {"type": "LineString", "coordinates": [[4.897738993400503, 52.359445798570796], [4.897675756419243, 52.359433510943795]]}, "properties": {"Speed": 15.5, "road_quality": 2, "marker": 7, "trip_id": "Febru_Trip1", "hrot_diff": 1, "sample_diff": 13, "time_diff_s": 0.26, "gps_distance_m": 4.5, "original_speed": "2049", "wheel_diameter_mm": 711.0003997802734}}, {"type": "Feature", "geometry": {"type": "LineString", "coordinates": [[4.897675756419243, 52.359433510943795], [4.897606377154634, 52.359415075484854]]}, "properties": {"Speed": 15.5, "road_quality": 2, "marker": 7, "trip_id": "Febru_Trip1", "hrot_diff": 1, "sample_diff": 13, "time_diff_s": 0.26, "gps_distance_m": 5.1, "original_speed": "2016", "wheel_diameter_mm": 711.0003997802734}}, {"type": "Feature", "geometry": {"type": "LineString", "coordinates": [[4.897606377154634, 52.359415075484854], [4.897546996452476, 52.35942003913834]]}, "properties": {"Speed": 18.3, "road_quality": 2, "marker": 7, "trip_id": "Febru_Trip1", "hrot_diff": 1, "sample_diff": 11, "time_diff_s": 0.22, "gps_distance_m": 4.1, "original_speed": "2016", "wheel_diameter_mm": 711.0003997802734}}, {"type": "Feature", "geometry": {"type": "LineString", "coordinates": [[4.897546996452476, 52.35942003913834], [4.897482680621252, 52.35941618445055]]}, "properties": {"Speed": 20.1, "road_quality": 2, "marker": 7, "trip_id": "Febru_Trip1", "hrot_diff": 1, "sample_diff": 10, "time_diff_s": 0.2, "gps_distance_m": 4.4, "original_speed": "2136", "wheel_diameter_mm": 711.0003997802734}}, {"type": "Feature", "geometry": {"type": "LineString", "coordinates": [[4.897482680621252, 52.35941618445055], [4.897411610615645, 52.35940566781938]]}, "properties": {"Speed": 16.8, "road_quality": 2, "marker": 7, "trip_id": "Febru_Trip1", "hrot_diff": 1, "sample_diff": 12, "time_diff_s": 0.24, "gps_distance_m": 5.0, "original_speed": "2403", "wheel_diameter_mm": 711.0003997802734}}, {"type": "Feature", "geometry": {"type": "LineString", "coordinates": [[4.897411610615645, 52.35940566781938], [4.897332011980634, 52.35939875127365]]}, "properties": {"Speed": 28.7, "road_quality": 2, "marker": 7, "trip_id": "Febru_Trip1", "hrot_diff": 1, "sample_diff": 7, "time_diff_s": 0.14, "gps_distance_m": 5.5, "original_speed": "2500", "wheel_diameter_mm": 711.0003997802734}}, {"type": "Feature", "geometry": {"type": "LineString", "coordinates": [[4.897332011980634, 52.35939875127365], [4.891882022140888, 52.35959763110495]]}, "properties": {"Speed": 0.1, "road_quality": 2, "marker": 7, "trip_id": "Febru_Trip1", "hrot_diff": 1, "sample_diff": 3044, "time_diff_s": 60.88, "gps_distance_m": 370.8, "original_speed": "2727", "wheel_diameter_mm": 711.0003997802734}}, {"type": "Feature", "geometry": {"type": "LineString", "coordinates": [[4.891882022140888, 52.35959763110495], [4.8918186683993055, 52.359614694545186]]}, "properties": {"Speed": 5.2, "road_quality": 2, "marker": 7, "trip_id": "Febru_Trip1", "hrot_diff": 1, "sample_diff": 39, "time_diff_s": 0.78, "gps_distance_m": 4.7, "original_speed": "16", "wheel_diameter_mm": 711.0003997802734}}, {"type": "Feature", "geometry": {"type": "LineString", "coordinates": [[4.8918186683993055, 52.359614694545186], [4.891753411767376, 52.359627486725486]]}, "properties": {"Speed": 5.6, "road_quality": 2, "marker": 7, "trip_id": "Febru_Trip1", "hrot_diff": 1, "sample_diff": 36, "time_diff_s": 0.72, "gps_distance_m": 4.7, "original_speed": "47", "wheel_diameter_mm": 711.0003997802734}}, {"type": "Feature", "geometry": {"type": "LineString", "coordinates": [[4.891753411767376, 52.359627486725486], [4.891681986120363, 52.35963510072581]]}, "properties": {"Speed": 16.8, "road_quality": 2, "marker": 6, "trip_id": "Febru_Trip1", "hrot_diff": 1, "sample_diff": 12, "time_diff_s": 0.24, "gps_distance_m": 4.9, "original_speed": "-1", "wheel_diameter_mm": 711.0003997802734}}, {"type": "Feature", "geometry": {"type": "LineString", "coordinates": [[4.891681986120363, 52.35963510072581], [4.891620020564978, 52.359644380763854]]}, "properties": {"Speed": 13.4, "road_quality": 2, "marker": 6, "trip_id": "Febru_Trip1", "hrot_diff": 1, "sample_diff": 15, "time_diff_s": 0.3, "gps_distance_m": 4.3, "original_speed": "-1", "wheel_diameter_mm": 711.0003997802734}}, {"type": "Feature", "geometry": {"type": "LineString", "coordinates": [[4.891620020564978, 52.359644380763854], [4.89156870532489, 52.35965298411272]]}, "properties": {"Speed": 12.6, "road_quality": 2, "marker": 7, "trip_id": "Febru_Trip1", "hrot_diff": 1, "sample_diff": 16, "time_diff_s": 0.32, "gps_distance_m": 3.6, "original_speed": "1785", "wheel_diameter_mm": 711.0003997802734}}, {"type": "Feature", "geometry": {"type": "LineString", "coordinates": [[4.89156870532489, 52.35965298411272], [4.891527151636622, 52.35965721716472]]}, "properties": {"Speed": 9.1, "road_quality": 2, "marker": 7, "trip_id": "Febru_Trip1", "hrot_diff": 1, "sample_diff": 22, "time_diff_s": 0.44, "gps_distance_m": 2.9, "original_speed": "1428", "wheel_diameter_mm": 711.0003997802734}}, {"type": "Feature", "geometry": {"type": "LineString", "coordinates": [[4.891527151636622, 52.35965721716472], [4.89149210637261, 52.359661544767874]]}, "properties": {"Speed": 8.4, "road_quality": 2, "marker": 7, "trip_id": "Febru_Trip1", "hrot_diff": 1, "sample_diff": 24, "time_diff_s": 0.48, "gps_distance_m": 2.4, "original_speed": "1260", "wheel_diameter_mm": 711.0003997802734}}, {"type": "Feature", "geometry": {"type": "LineString", "coordinates": [[4.89149210637261, 52.359661544767874], [4.891456602281464, 52.35967336227585]]}, "properties": {"Speed": 7.7, "road_quality": 2, "marker": 7, "trip_id": "Febru_Trip1", "hrot_diff": 1, "sample_diff": 26, "time_diff_s": 0.52, "gps_distance_m": 2.7, "original_speed": "1086", "wheel_diameter_mm": 711.0003997802734}}, {"type": "Feature", "geometry": {"type": "LineString", "coordinates": [[4.891456602281464, 52.35967336227585], [4.8914256215779774, 52.359679646219945]]}, "properties": {"Speed": 7.2, "road_quality": 2, "marker": 7, "trip_id": "Febru_Trip1", "hrot_diff": 1, "sample_diff": 28, "time_diff_s": 0.56, "gps_distance_m": 2.2, "original_speed": "990", "wheel_diameter_mm": 711.0003997802734}}, {"type": "Feature", "geometry": {"type": "LineString", "coordinates": [[4.8914256215779774, 52.359679646219945], [4.891392525759491, 52.3596840951676]]}, "properties": {"Speed": 6.9, "road_quality": 2, "marker": 7, "trip_id": "Febru_Trip1", "hrot_diff": 1, "sample_diff": 29, "time_diff_s": 0.58, "gps_distance_m": 2.3, "original_speed": "925", "wheel_diameter_mm": 711.0003997802734}}, {"type": "Feature", "geometry": {"type": "LineString", "coordinates": [[4.891392525759491, 52.3596840951676], [4.891369231488995, 52.359682193228814]]}, "properties": {"Speed": 6.3, "road_quality": 2, "marker": 7, "trip_id": "Febru_Trip1", "hrot_diff": 1, "sample_diff": 32, "time_diff_s": 0.64, "gps_distance_m": 1.6, "original_speed": "877", "wheel_diameter_mm": 711.0003997802734}}, {"type": "Feature", "geometry": {"type": "LineString", "coordinates": [[4.891369231488995, 52.359682193228814], [4.891341811146034, 52.35967777084393]]}, "properties": {"Speed": 6.9, "road_quality": 2, "marker": 7, "trip_id": "Febru_Trip1", "hrot_diff": 1, "sample_diff": 29, "time_diff_s": 0.58, "gps_distance_m": 1.9, "original_speed": "840", "wheel_diameter_mm": 711.0003997802734}}, {"type": "Feature", "geometry": {"type": "LineString", "coordinates": [[4.891341811146034, 52.35967777084393], [4.89131463762211, 52.35967696152651]]}, "properties": {"Speed": 8.0, "road_quality": 2, "marker": 7, "trip_id": "Febru_Trip1", "hrot_diff": 1, "sample_diff": 25, "time_diff_s": 0.5, "gps_distance_m": 1.8, "original_speed": "854", "wheel_diameter_mm": 711.0003997802734}}, {"type": "Feature", "geometry": {"type": "LineString", "coordinates": [[4.89131463762211, 52.35967696152651], [4.891272063255412, 52.359676160301746]]}, "properties": {"Speed": 15.5, "road_quality": 2, "marker": 7, "trip_id": "Febru_Trip1", "hrot_diff": 1, "sample_diff": 13, "time_diff_s": 0.26, "gps_distance_m": 2.9, "original_speed": "1111", "wheel_diameter_mm": 711.0003997802734}}, {"type": "Feature", "geometry": {"type": "LineString", "coordinates": [[4.891272063255412, 52.359676160301746], [4.891224969570343, 52.3596731296549]]}, "properties": {"Speed": 14.4, "road_quality": 2, "marker": 7, "trip_id": "Febru_Trip1", "hrot_diff": 1, "sample_diff": 14, "time_diff_s": 0.28, "gps_distance_m": 3.2, "original_speed": "1526", "wheel_diameter_mm": 711.0003997802734}}, {"type": "Feature", "geometry": {"type": "LineString", "coordinates": [[4.891224969570343, 52.3596731296549], [4.891157614388295, 52.35967663480637]]}, "properties": {"Speed": 22.3, "road_quality": 2, "marker": 7, "trip_id": "Febru_Trip1", "hrot_diff": 1, "sample_diff": 9, "time_diff_s": 0.18, "gps_distance_m": 4.6, "original_speed": "2016", "wheel_diameter_mm": 711.0003997802734}}, {"type": "Feature", "geometry": {"type": "LineString", "coordinates": [[4.891157614388295, 52.35967663480637], [4.891077725325278, 52.35967859555353]]}, "properties": {"Speed": 16.8, "road_quality": 2, "marker": 7, "trip_id": "Febru_Trip1", "hrot_diff": 1, "sample_diff": 12, "time_diff_s": 0.24, "gps_distance_m": 5.4, "original_speed": "2427", "wheel_diameter_mm": 711.0003997802734}}, {"type": "Feature", "geometry": {"type": "LineString", "coordinates": [[4.891077725325278, 52.35967859555353], [4.8909938168466445, 52.35968113957539]]}, "properties": {"Speed": 16.8, "road_quality": 2, "marker": 7, "trip_id": "Febru_Trip1", "hrot_diff": 1, "sample_diff": 12, "time_diff_s": 0.24, "gps_distance_m": 5.7, "original_speed": "2475", "wheel_diameter_mm": 711.0003997802734}}, {"type": "Feature", "geometry": {"type": "LineString", "coordinates": [[4.8909938168466445, 52.35968113957539], [4.890922745424676, 52.35968613879504]]}, "properties": {"Speed": 22.3, "road_quality": 2, "marker": 7, "trip_id": "Febru_Trip1", "hrot_diff": 1, "sample_diff": 9, "time_diff_s": 0.18, "gps_distance_m": 4.9, "original_speed": "2272", "wheel_diameter_mm": 711.0003997802734}}, {"type": "Feature", "geometry": {"type": "LineString", "coordinates": [[4.890922745424676, 52.35968613879504], [4.890849263681493, 52.35969210437719]]}, "properties": {"Speed": 18.3, "road_quality": 2, "marker": 7, "trip_id": "Febru_Trip1", "hrot_diff": 1, "sample_diff": 11, "time_diff_s": 0.22, "gps_distance_m": 5.0, "original_speed": "2500", "wheel_diameter_mm": 711.0003997802734}}, {"type": "Feature", "geometry": {"type": "LineString", "coordinates": [[4.890849263681493, 52.35969210437719], [4.883936775130228, 52.36257193892885]]}, "properties": {"Speed": 0.0, "road_quality": 2, "marker": 7, "trip_id": "Febru_Trip1", "hrot_diff": 1, "sample_diff": 4339, "time_diff_s": 86.78, "gps_distance_m": 568.2, "original_speed": "2702", "wheel_diameter_mm": 711.0003997802734}}, {"type": "Feature", "geometry": {"type": "LineString", "coordinates": [[4.883936775130228, 52.36257193892885], [4.883896835710963, 52.36259208714216]]}, "properties": {"Speed": 16.8, "road_quality": 2, "marker": 3, "trip_id": "Febru_Trip1", "hrot_diff": 1, "sample_diff": 12, "time_diff_s": 0.24, "gps_distance_m": 3.5, "original_speed": "0", "wheel_diameter_mm": 711.0003997802734}}, {"type": "Feature", "geometry": {"type": "LineString", "coordinates": [[4.883896835710963, 52.36259208714216], [4.88386882395197, 52.36260669109795]]}, "properties": {"Speed": 7.7, "road_quality": 2, "marker": 7, "trip_id": "Febru_Trip1", "hrot_diff": 1, "sample_diff": 26, "time_diff_s": 0.52, "gps_distance_m": 2.5, "original_speed": "33", "wheel_diameter_mm": 711.0003997802734}}, {"type": "Feature", "geometry": {"type": "LineString", "coordinates": [[4.88386882395197, 52.36260669109795], [4.883843351987972, 52.36261358763799]]}, "properties": {"Speed": 7.4, "road_quality": 2, "marker": 7, "trip_id": "Febru_Trip1", "hrot_diff": 1, "sample_diff": 27, "time_diff_s": 0.54, "gps_distance_m": 1.9, "original_speed": "1271", "wheel_diameter_mm": 711.0003997802734}}, {"type": "Feature", "geometry": {"type": "LineString", "coordinates": [[4.883843351987972, 52.36261358763799], [4.883829386689259, 52.36262349229457]]}, "properties": {"Speed": 6.7, "road_quality": 2, "marker": 7, "trip_id": "Febru_Trip1", "hrot_diff": 1, "sample_diff": 30, "time_diff_s": 0.6, "gps_distance_m": 1.5, "original_speed": "943", "wheel_diameter_mm": 711.0003997802734}}, {"type": "Feature", "geometry": {"type": "LineString", "coordinates": [[4.883829386689259, 52.36262349229457], [4.883812427758318, 52.36263253827067]]}, "properties": {"Speed": 4.9, "road_quality": 2, "marker": 7, "trip_id": "Febru_Trip1", "hrot_diff": 1, "sample_diff": 41, "time_diff_s": 0.82, "gps_distance_m": 1.5, "original_speed": "862", "wheel_diameter_mm": 711.0003997802734}}, {"type": "Feature", "geometry": {"type": "LineString", "coordinates": [[4.883812427758318, 52.36263253827067], [4.8837946222674145, 52.36263692954128]]}, "properties": {"Speed": 5.6, "road_quality": 2, "marker": 7, "trip_id": "Febru_Trip1", "hrot_diff": 1, "sample_diff": 36, "time_diff_s": 0.72, "gps_distance_m": 1.3, "original_speed": "763", "wheel_diameter_mm": 711.0003997802734}}, {"type": "Feature", "geometry": {"type": "LineString", "coordinates": [[4.8837946222674145, 52.36263692954128], [4.883775451655281, 52.36263843934607]]}, "properties": {"Speed": 2.9, "road_quality": 2, "marker": 7, "trip_id": "Febru_Trip1", "hrot_diff": 1, "sample_diff": 70, "time_diff_s": 1.4, "gps_distance_m": 1.3, "original_speed": "675", "wheel_diameter_mm": 711.0003997802734}}, {"type": "Feature", "geometry": {"type": "LineString", "coordinates": [[4.883775451655281, 52.36263843934607], [4.883759051519281, 52.36263860231873]]}, "properties": {"Speed": 6.1, "road_quality": 2, "marker": 7, "trip_id": "Febru_Trip1", "hrot_diff": 1, "sample_diff": 33, "time_diff_s": 0.66, "gps_distance_m": 1.1, "original_speed": "373", "wheel_diameter_mm": 711.0003997802734}}, {"type": "Feature", "geometry": {"type": "LineString", "coordinates": [[4.883759051519281, 52.36263860231873], [4.88374032293907, 52.36263499835632]]}, "properties": {"Speed": 6.5, "road_quality": 2, "marker": 7, "trip_id": "Febru_Trip1", "hrot_diff": 1, "sample_diff": 31, "time_diff_s": 0.62, "gps_distance_m": 1.3, "original_speed": "432", "wheel_diameter_mm": 711.0003997802734}}, {"type": "Feature", "geometry": {"type": "LineString", "coordinates": [[4.88374032293907, 52.36263499835632], [4.883707091099388, 52.36262617085062]]}, "properties": {"Speed": 8.0, "road_quality": 2, "marker": 7, "trip_id": "Febru_Trip1", "hrot_diff": 1, "sample_diff": 25, "time_diff_s": 0.5, "gps_distance_m": 2.5, "original_speed": "819", "wheel_diameter_mm": 711.0003997802734}}, {"type": "Feature", "geometry": {"type": "LineString", "coordinates": [[4.883707091099388, 52.36262617085062], [4.8836889484834884, 52.36260186584069]]}, "properties": {"Speed": 10.1, "road_quality": 2, "marker": 7, "trip_id": "Febru_Trip1", "hrot_diff": 1, "sample_diff": 20, "time_diff_s": 0.4, "gps_distance_m": 3.0, "original_speed": "955", "wheel_diameter_mm": 711.0003997802734}}, {"type": "Feature", "geometry": {"type": "LineString", "coordinates": [[4.8836889484834884, 52.36260186584069], [4.8836589897067375, 52.36257742504167]]}, "properties": {"Speed": 11.2, "road_quality": 2, "marker": 7, "trip_id": "Febru_Trip1", "hrot_diff": 1, "sample_diff": 18, "time_diff_s": 0.36, "gps_distance_m": 3.4, "original_speed": "1250", "wheel_diameter_mm": 711.0003997802734}}, {"type": "Feature", "geometry": {"type": "LineString", "coordinates": [[4.8836589897067375, 52.36257742504167], [4.883622603960939, 52.36256005650256]]}, "properties": {"Speed": 7.7, "road_quality": 2, "marker": 7, "trip_id": "Febru_Trip1", "hrot_diff": 1, "sample_diff": 26, "time_diff_s": 0.52, "gps_distance_m": 3.1, "original_speed": "1363", "wheel_diameter_mm": 711.0003997802734}}, {"type": "Feature", "geometry": {"type": "LineString", "coordinates": [[4.883622603960939, 52.36256005650256], [4.8835890258194885, 52.36254836947859]]}, "properties": {"Speed": 9.1, "road_quality": 2, "marker": 7, "trip_id": "Febru_Trip1", "hrot_diff": 1, "sample_diff": 22, "time_diff_s": 0.44, "gps_distance_m": 2.6, "original_speed": "1219", "wheel_diameter_mm": 711.0003997802734}}, {"type": "Feature", "geometry": {"type": "LineString", "coordinates": [[4.8835890258194885, 52.36254836947859], [4.883565040251519, 52.3625351382261]]}, "properties": {"Speed": 11.8, "road_quality": 2, "marker": 7, "trip_id": "Febru_Trip1", "hrot_diff": 1, "sample_diff": 17, "time_diff_s": 0.34, "gps_distance_m": 2.2, "original_speed": "1209", "wheel_diameter_mm": 711.0003997802734}}, {"type": "Feature", "geometry": {"type": "LineString", "coordinates": [[4.883565040251519, 52.3625351382261], [4.883536234963271, 52.36253461502247]]}, "properties": {"Speed": 16.8, "road_quality": 2, "marker": 7, "trip_id": "Febru_Trip1", "hrot_diff": 1, "sample_diff": 12, "time_diff_s": 0.24, "gps_distance_m": 2.0, "original_speed": "1587", "wheel_diameter_mm": 711.0003997802734}}, {"type": "Feature", "geometry": {"type": "LineString", "coordinates": [[4.883536234963271, 52.36253461502247], [4.88347190661043, 52.362510178498134]]}, "properties": {"Speed": 16.8, "road_quality": 2, "marker": 7, "trip_id": "Febru_Trip1", "hrot_diff": 1, "sample_diff": 12, "time_diff_s": 0.24, "gps_distance_m": 5.1, "original_speed": "1953", "wheel_diameter_mm": 711.0003997802734}}, {"type": "Feature", "geometry": {"type": "LineString", "coordinates": [[4.88347190661043, 52.362510178498134], [4.883427086765281, 52.36250057931612]]}, "properties": {"Speed": 25.1, "road_quality": 2, "marker": 7, "trip_id": "Febru_Trip1", "hrot_diff": 1, "sample_diff": 8, "time_diff_s": 0.16, "gps_distance_m": 3.2, "original_speed": "2427", "wheel_diameter_mm": 711.0003997802734}}, {"type": "Feature", "geometry": {"type": "LineString", "coordinates": [[4.883427086765281, 52.36250057931612], [4.883384578494636, 52.362510577395014]]}, "properties": {"Speed": 20.1, "road_quality": 2, "marker": 7, "trip_id": "Febru_Trip1", "hrot_diff": 1, "sample_diff": 10, "time_diff_s": 0.2, "gps_distance_m": 3.1, "original_speed": "2654", "wheel_diameter_mm": 711.0003997802734}}, {"type": "Feature", "geometry": {"type": "LineString", "coordinates": [[4.883384578494636, 52.362510577395014], [4.883332020453714, 52.362520653649426]]}, "properties": {"Speed": 25.1, "road_quality": 2, "marker": 7, "trip_id": "Febru_Trip1", "hrot_diff": 1, "sample_diff": 8, "time_diff_s": 0.16, "gps_distance_m": 3.7, "original_speed": "2608", "wheel_diameter_mm": 711.0003997802734}}, {"type": "Feature", "geometry": {"type": "LineString", "coordinates": [[4.883332020453714, 52.362520653649426], [4.8832456481431725, 52.36247925686235]]}, "properties": {"Speed": 18.3, "road_quality": 2, "marker": 7, "trip_id": "Febru_Trip1", "hrot_diff": 1, "sample_diff": 11, "time_diff_s": 0.22, "gps_distance_m": 7.5, "original_speed": "2608", "wheel_diameter_mm": 711.0003997802734}}, {"type": "Feature", "geometry": {"type": "LineString", "coordinates": [[4.8832456481431725, 52.36247925686235], [4.883215259410026, 52.36238960847143]]}, "properties": {"Speed": 18.3, "road_quality": 2, "marker": 7, "trip_id": "Febru_Trip1", "hrot_diff": 1, "sample_diff": 11, "time_diff_s": 0.22, "gps_distance_m": 10.2, "original_speed": "2654", "wheel_diameter_mm": 711.0003997802734}}, {"type": "Feature", "geometry": {"type": "LineString", "coordinates": [[4.883215259410026, 52.36238960847143], [4.883132416127273, 52.36233349104957]]}, "properties": {"Speed": 25.1, "road_quality": 2, "marker": 7, "trip_id": "Febru_Trip1", "hrot_diff": 1, "sample_diff": 8, "time_diff_s": 0.16, "gps_distance_m": 8.4, "original_speed": "2654", "wheel_diameter_mm": 711.0003997802734}}, {"type": "Feature", "geometry": {"type": "LineString", "coordinates": [[4.883132416127273, 52.36233349104957], [4.883062392779888, 52.36230733984508]]}, "properties": {"Speed": 18.3, "road_quality": 2, "marker": 7, "trip_id": "Febru_Trip1", "hrot_diff": 1, "sample_diff": 11, "time_diff_s": 0.22, "gps_distance_m": 5.6, "original_speed": "2608", "wheel_diameter_mm": 711.0003997802734}}, {"type": "Feature", "geometry": {"type": "LineString", "coordinates": [[4.883062392779888, 52.36230733984508], [4.882979679331763, 52.36229712471994]]}, "properties": {"Speed": 20.1, "road_quality": 2, "marker": 7, "trip_id": "Febru_Trip1", "hrot_diff": 1, "sample_diff": 10, "time_diff_s": 0.2, "gps_distance_m": 5.7, "original_speed": "2586", "wheel_diameter_mm": 711.0003997802734}}, {"type": "Feature", "geometry": {"type": "LineString", "coordinates": [[4.882979679331763, 52.36229712471994], [4.882898548184399, 52.36230064235629]]}, "properties": {"Speed": 18.3, "road_quality": 2, "marker": 7, "trip_id": "Febru_Trip1", "hrot_diff": 1, "sample_diff": 11, "time_diff_s": 0.22, "gps_distance_m": 5.5, "original_speed": "2403", "wheel_diameter_mm": 711.0003997802734}}, {"type": "Feature", "geometry": {"type": "LineString", "coordinates": [[4.882898548184399, 52.36230064235629], [4.8828257009146645, 52.3623082937878]]}, "properties": {"Speed": 16.8, "road_quality": 2, "marker": 7, "trip_id": "Febru_Trip1", "hrot_diff": 1, "sample_diff": 12, "time_diff_s": 0.24, "gps_distance_m": 5.0, "original_speed": "2272", "wheel_diameter_mm": 711.0003997802734}}, {"type": "Feature", "geometry": {"type": "LineString", "coordinates": [[4.8828257009146645, 52.3623082937878], [4.882754914289946, 52.362311766170855]]}, "properties": {"Speed": 16.8, "road_quality": 2, "marker": 7, "trip_id": "Febru_Trip1", "hrot_diff": 1, "sample_diff": 12, "time_diff_s": 0.24, "gps_distance_m": 4.8, "original_speed": "2173", "wheel_diameter_mm": 711.0003997802734}}, {"type": "Feature", "geometry": {"type": "LineString", "coordinates": [[4.882754914289946, 52.362311766170855], [4.8826923738735015, 52.36231009761673]]}, "properties": {"Speed": 13.4, "road_quality": 2, "marker": 7, "trip_id": "Febru_Trip1", "hrot_diff": 1, "sample_diff": 15, "time_diff_s": 0.3, "gps_distance_m": 4.3, "original_speed": "2000", "wheel_diameter_mm": 711.0003997802734}}, {"type": "Feature", "geometry": {"type": "LineString", "coordinates": [[4.8826923738735015, 52.36231009761673], [4.8826378885578725, 52.36229577242846]]}, "properties": {"Speed": 13.4, "road_quality": 2, "marker": 7, "trip_id": "Febru_Trip1", "hrot_diff": 1, "sample_diff": 15, "time_diff_s": 0.3, "gps_distance_m": 4.0, "original_speed": "1869", "wheel_diameter_mm": 711.0003997802734}}, {"type": "Feature", "geometry": {"type": "LineString", "coordinates": [[4.8826378885578725, 52.36229577242846], [4.882602152415429, 52.36229049620691]]}, "properties": {"Speed": 14.4, "road_quality": 2, "marker": 7, "trip_id": "Febru_Trip1", "hrot_diff": 1, "sample_diff": 14, "time_diff_s": 0.28, "gps_distance_m": 2.5, "original_speed": "1754", "wheel_diameter_mm": 711.0003997802734}}, {"type": "Feature", "geometry": {"type": "LineString", "coordinates": [[4.882602152415429, 52.36229049620691], [4.882553161027359, 52.36226725523807]]}, "properties": {"Speed": 16.8, "road_quality": 2, "marker": 7, "trip_id": "Febru_Trip1", "hrot_diff": 1, "sample_diff": 12, "time_diff_s": 0.24, "gps_distance_m": 4.2, "original_speed": "1923", "wheel_diameter_mm": 711.0003997802734}}, {"type": "Feature", "geometry": {"type": "LineString", "coordinates": [[4.882553161027359, 52.36226725523807], [4.882485421645757, 52.362253020515816]]}, "properties": {"Speed": 20.1, "road_quality": 2, "marker": 7, "trip_id": "Febru_Trip1", "hrot_diff": 1, "sample_diff": 10, "time_diff_s": 0.2, "gps_distance_m": 4.9, "original_speed": "2118", "wheel_diameter_mm": 711.0003997802734}}, {"type": "Feature", "geometry": {"type": "LineString", "coordinates": [[4.882485421645757, 52.362253020515816], [4.882421053432887, 52.36221734769184]]}, "properties": {"Speed": 22.3, "road_quality": 3, "marker": 7, "trip_id": "Febru_Trip1", "hrot_diff": 1, "sample_diff": 9, "time_diff_s": 0.18, "gps_distance_m": 5.9, "original_speed": "2403", "wheel_diameter_mm": 711.0003997802734}}, {"type": "Feature", "geometry": {"type": "LineString", "coordinates": [[4.882421053432887, 52.36221734769184], [4.882351455489875, 52.36217293914689]]}, "properties": {"Speed": 18.3, "road_quality": 3, "marker": 7, "trip_id": "Febru_Trip1", "hrot_diff": 1, "sample_diff": 11, "time_diff_s": 0.22, "gps_distance_m": 6.8, "original_speed": "2500", "wheel_diameter_mm": 711.0003997802734}}, {"type": "Feature", "geometry": {"type": "LineString", "coordinates": [[4.882351455489875, 52.36217293914689], [4.882295909592949, 52.362141730801554]]}, "properties": {"Speed": 15.5, "road_quality": 2, "marker": 7, "trip_id": "Febru_Trip1", "hrot_diff": 1, "sample_diff": 13, "time_diff_s": 0.26, "gps_distance_m": 5.1, "original_speed": "2314", "wheel_diameter_mm": 711.0003997802734}}, {"type": "Feature", "geometry": {"type": "LineString", "coordinates": [[4.882295909592949, 52.362141730801554], [4.882256031714094, 52.362110721854066]]}, "properties": {"Speed": 16.8, "road_quality": 2, "marker": 7, "trip_id": "Febru_Trip1", "hrot_diff": 1, "sample_diff": 12, "time_diff_s": 0.24, "gps_distance_m": 4.4, "original_speed": "2155", "wheel_diameter_mm": 711.0003997802734}}, {"type": "Feature", "geometry": {"type": "LineString", "coordinates": [[4.882256031714094, 52.362110721854066], [4.882212543678441, 52.36208071189622]]}, "properties": {"Speed": 15.5, "road_quality": 2, "marker": 7, "trip_id": "Febru_Trip1", "hrot_diff": 1, "sample_diff": 13, "time_diff_s": 0.26, "gps_distance_m": 4.5, "original_speed": "2083", "wheel_diameter_mm": 711.0003997802734}}, {"type": "Feature", "geometry": {"type": "LineString", "coordinates": [[4.882212543678441, 52.36208071189622], [4.88216644982099, 52.36205553160685]]}, "properties": {"Speed": 14.4, "road_quality": 2, "marker": 7, "trip_id": "Febru_Trip1", "hrot_diff": 1, "sample_diff": 14, "time_diff_s": 0.28, "gps_distance_m": 4.2, "original_speed": "2016", "wheel_diameter_mm": 711.0003997802734}}, {"type": "Feature", "geometry": {"type": "LineString", "coordinates": [[4.88216644982099, 52.36205553160685], [4.882125385735434, 52.36203118385303]]}, "properties": {"Speed": 11.2, "road_quality": 2, "marker": 7, "trip_id": "Febru_Trip1", "hrot_diff": 1, "sample_diff": 18, "time_diff_s": 0.36, "gps_distance_m": 3.9, "original_speed": "1818", "wheel_diameter_mm": 711.0003997802734}}, {"type": "Feature", "geometry": {"type": "LineString", "coordinates": [[4.882125385735434, 52.36203118385303], [4.882093001718798, 52.36200978920732]]}, "properties": {"Speed": 11.2, "road_quality": 2, "marker": 7, "trip_id": "Febru_Trip1", "hrot_diff": 1, "sample_diff": 18, "time_diff_s": 0.36, "gps_distance_m": 3.2, "original_speed": "1652", "wheel_diameter_mm": 711.0003997802734}}, {"type": "Feature", "geometry": {"type": "LineString", "coordinates": [[4.882093001718798, 52.36200978920732], [4.882065104271447, 52.36199287015905]]}, "properties": {"Speed": 9.1, "road_quality": 2, "marker": 7, "trip_id": "Febru_Trip1", "hrot_diff": 1, "sample_diff": 22, "time_diff_s": 0.44, "gps_distance_m": 2.7, "original_speed": "1388", "wheel_diameter_mm": 711.0003997802734}}, {"type": "Feature", "geometry": {"type": "LineString", "coordinates": [[4.882065104271447, 52.36199287015905], [4.882039798495059, 52.36198084081667]]}, "properties": {"Speed": 10.1, "road_quality": 2, "marker": 7, "trip_id": "Febru_Trip1", "hrot_diff": 1, "sample_diff": 20, "time_diff_s": 0.4, "gps_distance_m": 2.2, "original_speed": "1209", "wheel_diameter_mm": 711.0003997802734}}, {"type": "Feature", "geometry": {"type": "LineString", "coordinates": [[4.882039798495059, 52.36198084081667], [4.882010354052885, 52.36196574484917]]}, "properties": {"Speed": 15.5, "road_quality": 3, "marker": 7, "trip_id": "Febru_Trip1", "hrot_diff": 1, "sample_diff": 13, "time_diff_s": 0.26, "gps_distance_m": 2.6, "original_speed": "1293", "wheel_diameter_mm": 711.0003997802734}}, {"type": "Feature", "geometry": {"type": "LineString", "coordinates": [[4.882010354052885, 52.36196574484917], [4.881968040703199, 52.361944304447874]]}, "properties": {"Speed": 18.3, "road_quality": 3, "marker": 7, "trip_id": "Febru_Trip1", "hrot_diff": 1, "sample_diff": 11, "time_diff_s": 0.22, "gps_distance_m": 3.7, "original_speed": "1680", "wheel_diameter_mm": 711.0003997802734}}, {"type": "Feature", "geometry": {"type": "LineString", "coordinates": [[4.881968040703199, 52.361944304447874], [4.881918524871987, 52.36192097493649]]}, "properties": {"Speed": 15.5, "road_quality": 3, "marker": 7, "trip_id": "Febru_Trip1", "hrot_diff": 1, "sample_diff": 13, "time_diff_s": 0.26, "gps_distance_m": 4.2, "original_speed": "1960", "wheel_diameter_mm": 711.0003997802734}}, {"type": "Feature", "geometry": {"type": "LineString", "coordinates": [[4.881918524871987, 52.36192097493649], [4.881867595683637, 52.36189749309813]]}, "properties": {"Speed": 15.5, "road_quality": 2, "marker": 7, "trip_id": "Febru_Trip1", "hrot_diff": 1, "sample_diff": 13, "time_diff_s": 0.26, "gps_distance_m": 4.3, "original_speed": "2083", "wheel_diameter_mm": 711.0003997802734}}, {"type": "Feature", "geometry": {"type": "LineString", "coordinates": [[4.881867595683637, 52.36189749309813], [4.881829782343938, 52.36186786903805]]}, "properties": {"Speed": 18.3, "road_quality": 2, "marker": 7, "trip_id": "Febru_Trip1", "hrot_diff": 1, "sample_diff": 11, "time_diff_s": 0.22, "gps_distance_m": 4.2, "original_speed": "1869", "wheel_diameter_mm": 711.0003997802734}}, {"type": "Feature", "geometry": {"type": "LineString", "coordinates": [[4.881829782343938, 52.36186786903805], [4.881793738759362, 52.36183933970019]]}, "properties": {"Speed": 15.5, "road_quality": 2, "marker": 7, "trip_id": "Febru_Trip1", "hrot_diff": 1, "sample_diff": 13, "time_diff_s": 0.26, "gps_distance_m": 4.0, "original_speed": "1968", "wheel_diameter_mm": 711.0003997802734}}, {"type": "Feature", "geometry": {"type": "LineString", "coordinates": [[4.881793738759362, 52.36183933970019], [4.881758704575282, 52.36180836586961]]}, "properties": {"Speed": 16.8, "road_quality": 2, "marker": 7, "trip_id": "Febru_Trip1", "hrot_diff": 1, "sample_diff": 12, "time_diff_s": 0.24, "gps_distance_m": 4.2, "original_speed": "1960", "wheel_diameter_mm": 711.0003997802734}}, {"type": "Feature", "geometry": {"type": "LineString", "coordinates": [[4.881758704575282, 52.36180836586961], [4.881721694631046, 52.36177645319942]]}, "properties": {"Speed": 18.3, "road_quality": 3, "marker": 7, "trip_id": "Febru_Trip1", "hrot_diff": 1, "sample_diff": 11, "time_diff_s": 0.22, "gps_distance_m": 4.3, "original_speed": "2032", "wheel_diameter_mm": 711.0003997802734}}, {"type": "Feature", "geometry": {"type": "LineString", "coordinates": [[4.881721694631046, 52.36177645319942], [4.881685489804404, 52.36174390803117]]}, "properties": {"Speed": 15.5, "road_quality": 3, "marker": 7, "trip_id": "Febru_Trip1", "hrot_diff": 1, "sample_diff": 13, "time_diff_s": 0.26, "gps_distance_m": 4.4, "original_speed": "2252", "wheel_diameter_mm": 711.0003997802734}}, {"type": "Feature", "geometry": {"type": "LineString", "coordinates": [[4.881685489804404, 52.36174390803117], [4.881648027097002, 52.36170700239903]]}, "properties": {"Speed": 12.6, "road_quality": 2, "marker": 7, "trip_id": "Febru_Trip1", "hrot_diff": 1, "sample_diff": 16, "time_diff_s": 0.32, "gps_distance_m": 4.8, "original_speed": "2083", "wheel_diameter_mm": 711.0003997802734}}, {"type": "Feature", "geometry": {"type": "LineString", "coordinates": [[4.881648027097002, 52.36170700239903], [4.881616361552141, 52.36168502653857]]}, "properties": {"Speed": 15.5, "road_quality": 2, "marker": 7, "trip_id": "Febru_Trip1", "hrot_diff": 1, "sample_diff": 13, "time_diff_s": 0.26, "gps_distance_m": 3.3, "original_speed": "1886", "wheel_diameter_mm": 711.0003997802734}}, {"type": "Feature", "geometry": {"type": "LineString", "coordinates": [[4.881616361552141, 52.36168502653857], [4.881589237121378, 52.361662993970214]]}, "properties": {"Speed": 16.8, "road_quality": 2, "marker": 7, "trip_id": "Febru_Trip1", "hrot_diff": 1, "sample_diff": 12, "time_diff_s": 0.24, "gps_distance_m": 3.1, "original_speed": "1960", "wheel_diameter_mm": 711.0003997802734}}, {"type": "Feature", "geometry": {"type": "LineString", "coordinates": [[4.881589237121378, 52.361662993970214], [4.881539104431139, 52.36163130244684]]}, "properties": {"Speed": 18.3, "road_quality": 2, "marker": 7, "trip_id": "Febru_Trip1", "hrot_diff": 1, "sample_diff": 11, "time_diff_s": 0.22, "gps_distance_m": 4.9, "original_speed": "2100", "wheel_diameter_mm": 711.0003997802734}}, {"type": "Feature", "geometry": {"type": "LineString", "coordinates": [[4.881539104431139, 52.36163130244684], [4.88147650005319, 52.36160713473552]]}, "properties": {"Speed": 18.3, "road_quality": 2, "marker": 7, "trip_id": "Febru_Trip1", "hrot_diff": 1, "sample_diff": 11, "time_diff_s": 0.22, "gps_distance_m": 5.0, "original_speed": "2336", "wheel_diameter_mm": 711.0003997802734}}, {"type": "Feature", "geometry": {"type": "LineString", "coordinates": [[4.88147650005319, 52.36160713473552], [4.881409667452382, 52.36158092621904]]}, "properties": {"Speed": 16.8, "road_quality": 2, "marker": 7, "trip_id": "Febru_Trip1", "hrot_diff": 1, "sample_diff": 12, "time_diff_s": 0.24, "gps_distance_m": 5.4, "original_speed": "2608", "wheel_diameter_mm": 711.0003997802734}}, {"type": "Feature", "geometry": {"type": "LineString", "coordinates": [[4.881409667452382, 52.36158092621904], [4.881341357519617, 52.361551979247984]]}, "properties": {"Speed": 28.7, "road_quality": 2, "marker": 7, "trip_id": "Febru_Trip1", "hrot_diff": 1, "sample_diff": 7, "time_diff_s": 0.14, "gps_distance_m": 5.6, "original_speed": "2752", "wheel_diameter_mm": 711.0003997802734}}, {"type": "Feature", "geometry": {"type": "LineString", "coordinates": [[4.881341357519617, 52.361551979247984], [4.881253968609158, 52.36152068050033]]}, "properties": {"Speed": 16.8, "road_quality": 2, "marker": 7, "trip_id": "Febru_Trip1", "hrot_diff": 1, "sample_diff": 12, "time_diff_s": 0.24, "gps_distance_m": 6.9, "original_speed": "2777", "wheel_diameter_mm": 711.0003997802734}}, {"type": "Feature", "geometry": {"type": "LineString", "coordinates": [[4.881253968609158, 52.36152068050033], [4.881183695053348, 52.36150531508814]]}, "properties": {"Speed": 20.8, "road_quality": 2, "marker": 7, "trip_id": "Febru_Trip1", "hrot_diff": 3, "sample_diff": 29, "time_diff_s": 0.58, "gps_distance_m": 5.1, "original_speed": "2830", "wheel_diameter_mm": 711.0003997802734}}, {"type": "Feature", "geometry": {"type": "LineString", "coordinates": [[4.881183695053348, 52.36150531508814], [4.881097125791609, 52.36147965029717]]}, "properties": {"Speed": 16.8, "road_quality": 2, "marker": 6, "trip_id": "Febru_Trip1", "hrot_diff": 1, "sample_diff": 12, "time_diff_s": 0.24, "gps_distance_m": 6.5, "original_speed": "-1", "wheel_diameter_mm": 711.0003997802734}}, {"type": "Feature", "geometry": {"type": "LineString", "coordinates": [[4.881097125791609, 52.36147965029717], [4.881021152186231, 52.36145642965861]]}, "properties": {"Speed": 16.8, "road_quality": 2, "marker": 6, "trip_id": "Febru_Trip1", "hrot_diff": 1, "sample_diff": 12, "time_diff_s": 0.24, "gps_distance_m": 5.8, "original_speed": "-1", "wheel_diameter_mm": 711.0003997802734}}, {"type": "Feature", "geometry": {"type": "LineString", "coordinates": [[4.855846776019381, 52.35496589655937], [4.855796863074549, 52.354957081905255]]}, "properties": {"Speed": 11.2, "road_quality": 2, "marker": 7, "trip_id": "Febru_Trip1", "hrot_diff": 1, "sample_diff": 18, "time_diff_s": 0.36, "gps_distance_m": 3.5, "original_speed": "3", "wheel_diameter_mm": 711.0003997802734}}, {"type": "Feature", "geometry": {"type": "LineString", "coordinates": [[4.855796863074549, 52.354957081905255], [4.85576353429372, 52.35494690752401]]}, "properties": {"Speed": 8.4, "road_quality": 2, "marker": 7, "trip_id": "Febru_Trip1", "hrot_diff": 1, "sample_diff": 24, "time_diff_s": 0.48, "gps_distance_m": 2.5, "original_speed": "10", "wheel_diameter_mm": 711.0003997802734}}, {"type": "Feature", "geometry": {"type": "LineString", "coordinates": [[4.85576353429372, 52.35494690752401], [4.855736897597284, 52.354939511163174]]}, "properties": {"Speed": 8.4, "road_quality": 2, "marker": 7, "trip_id": "Febru_Trip1", "hrot_diff": 1, "sample_diff": 24, "time_diff_s": 0.48, "gps_distance_m": 2.0, "original_speed": "1079", "wheel_diameter_mm": 711.0003997802734}}, {"type": "Feature", "geometry": {"type": "LineString", "coordinates": [[4.855736897597284, 52.354939511163174], [4.855711138693029, 52.354933534412744]]}, "properties": {"Speed": 8.0, "road_quality": 2, "marker": 7, "trip_id": "Febru_Trip1", "hrot_diff": 1, "sample_diff": 25, "time_diff_s": 0.5, "gps_distance_m": 1.9, "original_speed": "1063", "wheel_diameter_mm": 711.0003997802734}}, {"type": "Feature", "geometry": {"type": "LineString", "coordinates": [[4.855711138693029, 52.354933534412744], [4.855676936856076, 52.35492662621579]]}, "properties": {"Speed": 7.4, "road_quality": 2, "marker": 7, "trip_id": "Febru_Trip1", "hrot_diff": 1, "sample_diff": 27, "time_diff_s": 0.54, "gps_distance_m": 2.4, "original_speed": "1020", "wheel_diameter_mm": 711.0003997802734}}, {"type": "Feature", "geometry": {"type": "LineString", "coordinates": [[4.855676936856076, 52.35492662621579], [4.8556518628152405, 52.35492253953201]]}, "properties": {"Speed": 7.2, "road_quality": 2, "marker": 7, "trip_id": "Febru_Trip1", "hrot_diff": 1, "sample_diff": 28, "time_diff_s": 0.56, "gps_distance_m": 1.8, "original_speed": "980", "wheel_diameter_mm": 711.0003997802734}}, {"type": "Feature", "geometry": {"type": "LineString", "coordinates": [[4.8556518628152405, 52.35492253953201], [4.855630428402629, 52.35491730043252]]}, "properties": {"Speed": 7.0, "road_quality": 2, "marker": 7, "trip_id": "Febru_Trip1", "hrot_diff": 1, "sample_diff": 30, "time_diff_s": 0.573, "gps_distance_m": 1.6, "original_speed": "892", "wheel_diameter_mm": 711.0003997802734}}, {"type": "Feature", "geometry": {"type": "LineString", "coordinates": [[4.855630428402629, 52.35491730043252], [4.855612968565469, 52.354910459742605]]}, "properties": {"Speed": 5.4, "road_quality": 2, "marker": 7, "trip_id": "Febru_Trip1", "hrot_diff": 1, "sample_diff": 37, "time_diff_s": 0.74, "gps_distance_m": 1.4, "original_speed": "813", "wheel_diameter_mm": 711.0003997802734}}, {"type": "Feature", "geometry": {"type": "LineString", "coordinates": [[4.855612968565469, 52.354910459742605], [4.855581389629678, 52.35490086271696]]}, "properties": {"Speed": 1.3, "road_quality": 2, "marker": 7, "trip_id": "Febru_Trip1", "hrot_diff": 1, "sample_diff": 152, "time_diff_s": 3.04, "gps_distance_m": 2.4, "original_speed": "740", "wheel_diameter_mm": 711.0003997802734}}, {"type": "Feature", "geometry": {"type": "LineString", "coordinates": [[4.855581389629678, 52.35490086271696], [4.85553659889436, 52.35489084446423]]}, "properties": {"Speed": 9.6, "road_quality": 2, "marker": 7, "trip_id": "Febru_Trip1", "hrot_diff": 1, "sample_diff": 21, "time_diff_s": 0.42, "gps_distance_m": 3.2, "original_speed": "900", "wheel_diameter_mm": 711.0003997802734}}, {"type": "Feature", "geometry": {"type": "LineString", "coordinates": [[4.85553659889436, 52.35489084446423], [4.855486794378407, 52.354879704844116]]}, "properties": {"Speed": 14.4, "road_quality": 2, "marker": 7, "trip_id": "Febru_Trip1", "hrot_diff": 1, "sample_diff": 14, "time_diff_s": 0.28, "gps_distance_m": 3.6, "original_speed": "1470", "wheel_diameter_mm": 711.0003997802734}}, {"type": "Feature", "geometry": {"type": "LineString", "coordinates": [[4.855486794378407, 52.354879704844116], [4.855428797017715, 52.35487078926596]]}, "properties": {"Speed": 15.5, "road_quality": 2, "marker": 7, "trip_id": "Febru_Trip1", "hrot_diff": 1, "sample_diff": 13, "time_diff_s": 0.26, "gps_distance_m": 4.1, "original_speed": "1709", "wheel_diameter_mm": 711.0003997802734}}, {"type": "Feature", "geometry": {"type": "LineString", "coordinates": [[4.855428797017715, 52.35487078926596], [4.855372024158601, 52.35485980649659]]}, "properties": {"Speed": 14.4, "road_quality": 2, "marker": 7, "trip_id": "Febru_Trip1", "hrot_diff": 1, "sample_diff": 14, "time_diff_s": 0.28, "gps_distance_m": 4.0, "original_speed": "1923", "wheel_diameter_mm": 711.0003997802734}}, {"type": "Feature", "geometry": {"type": "LineString", "coordinates": [[4.855372024158601, 52.35485980649659], [4.855316314995786, 52.35484902950311]]}, "properties": {"Speed": 12.6, "road_quality": 3, "marker": 7, "trip_id": "Febru_Trip1", "hrot_diff": 1, "sample_diff": 16, "time_diff_s": 0.32, "gps_distance_m": 4.0, "original_speed": "2049", "wheel_diameter_mm": 711.0003997802734}}, {"type": "Feature", "geometry": {"type": "LineString", "coordinates": [[4.855316314995786, 52.35484902950311], [4.855262125888948, 52.35484162974195]]}, "properties": {"Speed": 18.3, "road_quality": 2, "marker": 7, "trip_id": "Febru_Trip1", "hrot_diff": 1, "sample_diff": 11, "time_diff_s": 0.22, "gps_distance_m": 3.8, "original_speed": "2419", "wheel_diameter_mm": 711.0003997802734}}, {"type": "Feature", "geometry": {"type": "LineString", "coordinates": [[4.855262125888948, 52.35484162974195], [4.85521340471553, 52.35481169572547]]}, "properties": {"Speed": 20.1, "road_quality": 2, "marker": 7, "trip_id": "Febru_Trip1", "hrot_diff": 1, "sample_diff": 10, "time_diff_s": 0.2, "gps_distance_m": 4.7, "original_speed": "2702", "wheel_diameter_mm": 711.0003997802734}}, {"type": "Feature", "geometry": {"type": "LineString", "coordinates": [[4.85521340471553, 52.35481169572547], [4.855149501460729, 52.35478057600201]]}, "properties": {"Speed": 19.2, "road_quality": 2, "marker": 7, "trip_id": "Febru_Trip1", "hrot_diff": 1, "sample_diff": 10, "time_diff_s": 0.209, "gps_distance_m": 5.6, "original_speed": "2678", "wheel_diameter_mm": 711.0003997802734}}, {"type": "Feature", "geometry": {"type": "LineString", "coordinates": [[4.855149501460729, 52.35478057600201], [4.855073979392646, 52.354773245396416]]}, "properties": {"Speed": 16.8, "road_quality": 2, "marker": 7, "trip_id": "Febru_Trip1", "hrot_diff": 1, "sample_diff": 12, "time_diff_s": 0.24, "gps_distance_m": 5.2, "original_speed": "2654", "wheel_diameter_mm": 711.0003997802734}}, {"type": "Feature", "geometry": {"type": "LineString", "coordinates": [[4.855073979392646, 52.354773245396416], [4.854988679127832, 52.354757014323205]]}, "properties": {"Speed": 25.1, "road_quality": 2, "marker": 7, "trip_id": "Febru_Trip1", "hrot_diff": 1, "sample_diff": 8, "time_diff_s": 0.16, "gps_distance_m": 6.1, "original_speed": "2654", "wheel_diameter_mm": 711.0003997802734}}, {"type": "Feature", "geometry": {"type": "LineString", "coordinates": [[4.854988679127832, 52.354757014323205], [4.854902398785411, 52.354746798165266]]}, "properties": {"Speed": 18.3, "road_quality": 2, "marker": 7, "trip_id": "Febru_Trip1", "hrot_diff": 1, "sample_diff": 11, "time_diff_s": 0.22, "gps_distance_m": 6.0, "original_speed": "2678", "wheel_diameter_mm": 711.0003997802734}}, {"type": "Feature", "geometry": {"type": "LineString", "coordinates": [[4.854902398785411, 52.354746798165266], [4.854814419312153, 52.354736255929524]]}, "properties": {"Speed": 16.8, "road_quality": 2, "marker": 7, "trip_id": "Febru_Trip1", "hrot_diff": 1, "sample_diff": 12, "time_diff_s": 0.24, "gps_distance_m": 6.1, "original_speed": "2678", "wheel_diameter_mm": 711.0003997802734}}, {"type": "Feature", "geometry": {"type": "LineString", "coordinates": [[4.854814419312153, 52.354736255929524], [4.8547270781522185, 52.35472884374209]]}, "properties": {"Speed": 40, "road_quality": 2, "marker": 7, "trip_id": "Febru_Trip1", "hrot_diff": 1, "sample_diff": 5, "time_diff_s": 0.1, "gps_distance_m": 6.0, "original_speed": "2654", "wheel_diameter_mm": 711.0003997802734}}, {"type": "Feature", "geometry": {"type": "LineString", "coordinates": [[4.8547270781522185, 52.35472884374209], [4.854654203499087, 52.3547236881769]]}, "properties": {"Speed": 15.5, "road_quality": 2, "marker": 7, "trip_id": "Febru_Trip1", "hrot_diff": 1, "sample_diff": 13, "time_diff_s": 0.26, "gps_distance_m": 5.0, "original_speed": "2727", "wheel_diameter_mm": 711.0003997802734}}, {"type": "Feature", "geometry": {"type": "LineString", "coordinates": [[4.854654203499087, 52.3547236881769], [4.854560579818355, 52.354719565047716]]}, "properties": {"Speed": 16.8, "road_quality": 2, "marker": 7, "trip_id": "Febru_Trip1", "hrot_diff": 1, "sample_diff": 12, "time_diff_s": 0.24, "gps_distance_m": 6.4, "original_speed": "2702", "wheel_diameter_mm": 711.0003997802734}}, {"type": "Feature", "geometry": {"type": "LineString", "coordinates": [[4.854560579818355, 52.354719565047716], [4.854477464226453, 52.35471326153669]]}, "properties": {"Speed": 16.8, "road_quality": 2, "marker": 7, "trip_id": "Febru_Trip1", "hrot_diff": 1, "sample_diff": 12, "time_diff_s": 0.24, "gps_distance_m": 5.7, "original_speed": "2702", "wheel_diameter_mm": 711.0003997802734}}, {"type": "Feature", "geometry": {"type": "LineString", "coordinates": [[4.854477464226453, 52.35471326153669], [4.854388961442133, 52.354708930001614]]}, "properties": {"Speed": 22.3, "road_quality": 2, "marker": 7, "trip_id": "Febru_Trip1", "hrot_diff": 1, "sample_diff": 9, "time_diff_s": 0.18, "gps_distance_m": 6.0, "original_speed": "2777", "wheel_diameter_mm": 711.0003997802734}}, {"type": "Feature", "geometry": {"type": "LineString", "coordinates": [[4.854388961442133, 52.354708930001614], [4.85431136709563, 52.35470887194981]]}, "properties": {"Speed": 18.3, "road_quality": 2, "marker": 7, "trip_id": "Febru_Trip1", "hrot_diff": 1, "sample_diff": 11, "time_diff_s": 0.22, "gps_distance_m": 5.3, "original_speed": "2678", "wheel_diameter_mm": 711.0003997802734}}, {"type": "Feature", "geometry": {"type": "LineString", "coordinates": [[4.85431136709563, 52.35470887194981], [4.854237014156486, 52.35471289048127]]}, "properties": {"Speed": 18.3, "road_quality": 2, "marker": 7, "trip_id": "Febru_Trip1", "hrot_diff": 1, "sample_diff": 11, "time_diff_s": 0.22, "gps_distance_m": 5.1, "original_speed": "2702", "wheel_diameter_mm": 711.0003997802734}}, {"type": "Feature", "geometry": {"type": "LineString", "coordinates": [[4.854237014156486, 52.35471289048127], [4.854160270640018, 52.354719624847675]]}, "properties": {"Speed": 16.2, "road_quality": 3, "marker": 7, "trip_id": "Febru_Trip1", "hrot_diff": 5, "sample_diff": 62, "time_diff_s": 1.24, "gps_distance_m": 5.3, "original_speed": "2702", "wheel_diameter_mm": 711.0003997802734}}, {"type": "Feature", "geometry": {"type": "LineString", "coordinates": [[4.854160270640018, 52.354719624847675], [4.85087045182467, 52.3549642439676]]}, "properties": {"Speed": 0.1, "road_quality": 2, "marker": 6, "trip_id": "Febru_Trip1", "hrot_diff": 1, "sample_diff": 2156, "time_diff_s": 43.12, "gps_distance_m": 225.1, "original_speed": "-1", "wheel_diameter_mm": 711.0003997802734}}, {"type": "Feature", "geometry": {"type": "LineString", "coordinates": [[4.85087045182467, 52.3549642439676], [4.850818923751138, 52.35496380152745]]}, "properties": {"Speed": 10.6, "road_quality": 2, "marker": 7, "trip_id": "Febru_Trip1", "hrot_diff": 1, "sample_diff": 19, "time_diff_s": 0.38, "gps_distance_m": 3.5, "original_speed": "67", "wheel_diameter_mm": 711.0003997802734}}, {"type": "Feature", "geometry": {"type": "LineString", "coordinates": [[4.850818923751138, 52.35496380152745], [4.850770334883846, 52.354962504895795]]}, "properties": {"Speed": 11.8, "road_quality": 2, "marker": 7, "trip_id": "Febru_Trip1", "hrot_diff": 1, "sample_diff": 17, "time_diff_s": 0.34, "gps_distance_m": 3.3, "original_speed": "1626", "wheel_diameter_mm": 711.0003997802734}}, {"type": "Feature", "geometry": {"type": "LineString", "coordinates": [[4.850770334883846, 52.354962504895795], [4.850721003174005, 52.35496239689933]]}, "properties": {"Speed": 13.4, "road_quality": 2, "marker": 7, "trip_id": "Febru_Trip1", "hrot_diff": 1, "sample_diff": 15, "time_diff_s": 0.3, "gps_distance_m": 3.4, "original_speed": "1626", "wheel_diameter_mm": 711.0003997802734}}, {"type": "Feature", "geometry": {"type": "LineString", "coordinates": [[4.850721003174005, 52.35496239689933], [4.8506734667246345, 52.35496255257697]]}, "properties": {"Speed": 11.2, "road_quality": 2, "marker": 7, "trip_id": "Febru_Trip1", "hrot_diff": 1, "sample_diff": 18, "time_diff_s": 0.36, "gps_distance_m": 3.2, "original_speed": "1574", "wheel_diameter_mm": 711.0003997802734}}, {"type": "Feature", "geometry": {"type": "LineString", "coordinates": [[4.8506734667246345, 52.35496255257697], [4.850630768033067, 52.35496218594955]]}, "properties": {"Speed": 11.2, "road_quality": 2, "marker": 7, "trip_id": "Febru_Trip1", "hrot_diff": 1, "sample_diff": 18, "time_diff_s": 0.36, "gps_distance_m": 2.9, "original_speed": "1428", "wheel_diameter_mm": 711.0003997802734}}, {"type": "Feature", "geometry": {"type": "LineString", "coordinates": [[4.850630768033067, 52.35496218594955], [4.850585933577331, 52.354961800983766]]}, "properties": {"Speed": 15.5, "road_quality": 2, "marker": 7, "trip_id": "Febru_Trip1", "hrot_diff": 1, "sample_diff": 13, "time_diff_s": 0.26, "gps_distance_m": 3.0, "original_speed": "1500", "wheel_diameter_mm": 711.0003997802734}}, {"type": "Feature", "geometry": {"type": "LineString", "coordinates": [[4.850585933577331, 52.354961800983766], [4.850532634989, 52.35496134334121]]}, "properties": {"Speed": 15.5, "road_quality": 2, "marker": 7, "trip_id": "Febru_Trip1", "hrot_diff": 1, "sample_diff": 13, "time_diff_s": 0.26, "gps_distance_m": 3.6, "original_speed": "1709", "wheel_diameter_mm": 711.0003997802734}}, {"type": "Feature", "geometry": {"type": "LineString", "coordinates": [[4.850532634989, 52.35496134334121], [4.850474693664642, 52.354960845834775]]}, "properties": {"Speed": 16.8, "road_quality": 2, "marker": 7, "trip_id": "Febru_Trip1", "hrot_diff": 1, "sample_diff": 12, "time_diff_s": 0.24, "gps_distance_m": 3.9, "original_speed": "1941", "wheel_diameter_mm": 711.0003997802734}}, {"type": "Feature", "geometry": {"type": "LineString", "coordinates": [[4.850474693664642, 52.354960845834775], [4.850409779068699, 52.3549604934055]]}, "properties": {"Speed": 18.3, "road_quality": 2, "marker": 7, "trip_id": "Febru_Trip1", "hrot_diff": 1, "sample_diff": 11, "time_diff_s": 0.22, "gps_distance_m": 4.4, "original_speed": "2100", "wheel_diameter_mm": 711.0003997802734}}, {"type": "Feature", "geometry": {"type": "LineString", "coordinates": [[4.850409779068699, 52.3549604934055], [4.850339288488865, 52.35496049340552]]}, "properties": {"Speed": 22.3, "road_quality": 2, "marker": 7, "trip_id": "Febru_Trip1", "hrot_diff": 1, "sample_diff": 9, "time_diff_s": 0.18, "gps_distance_m": 4.8, "original_speed": "2192", "wheel_diameter_mm": 711.0003997802734}}, {"type": "Feature", "geometry": {"type": "LineString", "coordinates": [[4.850339288488865, 52.35496049340552], [4.8502638806185105, 52.35495506506518]]}, "properties": {"Speed": 16.8, "road_quality": 2, "marker": 7, "trip_id": "Febru_Trip1", "hrot_diff": 1, "sample_diff": 12, "time_diff_s": 0.24, "gps_distance_m": 5.2, "original_speed": "2500", "wheel_diameter_mm": 711.0003997802734}}, {"type": "Feature", "geometry": {"type": "LineString", "coordinates": [[4.8502638806185105, 52.35495506506518], [4.850177574187405, 52.35495103049215]]}, "properties": {"Speed": 18.3, "road_quality": 2, "marker": 7, "trip_id": "Febru_Trip1", "hrot_diff": 1, "sample_diff": 11, "time_diff_s": 0.22, "gps_distance_m": 5.9, "original_speed": "2752", "wheel_diameter_mm": 711.0003997802734}}, {"type": "Feature", "geometry": {"type": "LineString", "coordinates": [[4.850177574187405, 52.35495103049215], [4.850091359949194, 52.354950520348666]]}, "properties": {"Speed": 28.7, "road_quality": 2, "marker": 7, "trip_id": "Febru_Trip1", "hrot_diff": 1, "sample_diff": 7, "time_diff_s": 0.14, "gps_distance_m": 5.9, "original_speed": "2654", "wheel_diameter_mm": 711.0003997802734}}, {"type": "Feature", "geometry": {"type": "LineString", "coordinates": [[4.850091359949194, 52.354950520348666], [4.850017129655048, 52.35495008111537]]}, "properties": {"Speed": 25.1, "road_quality": 2, "marker": 7, "trip_id": "Febru_Trip1", "hrot_diff": 1, "sample_diff": 8, "time_diff_s": 0.16, "gps_distance_m": 5.0, "original_speed": "2702", "wheel_diameter_mm": 711.0003997802734}}, {"type": "Feature", "geometry": {"type": "LineString", "coordinates": [[4.850017129655048, 52.35495008111537], [4.849934433197952, 52.35494959178694]]}, "properties": {"Speed": 16.8, "road_quality": 2, "marker": 7, "trip_id": "Febru_Trip1", "hrot_diff": 1, "sample_diff": 12, "time_diff_s": 0.24, "gps_distance_m": 5.6, "original_speed": "2678", "wheel_diameter_mm": 711.0003997802734}}, {"type": "Feature", "geometry": {"type": "LineString", "coordinates": [[4.849934433197952, 52.35494959178694], [4.849849335948235, 52.35495736289977]]}, "properties": {"Speed": 22.3, "road_quality": 2, "marker": 7, "trip_id": "Febru_Trip1", "hrot_diff": 1, "sample_diff": 9, "time_diff_s": 0.18, "gps_distance_m": 5.8, "original_speed": "2678", "wheel_diameter_mm": 711.0003997802734}}, {"type": "Feature", "geometry": {"type": "LineString", "coordinates": [[4.849849335948235, 52.35495736289977], [4.849781103502675, 52.35495763579278]]}, "properties": {"Speed": 33.5, "road_quality": 2, "marker": 7, "trip_id": "Febru_Trip1", "hrot_diff": 1, "sample_diff": 6, "time_diff_s": 0.12, "gps_distance_m": 4.6, "original_speed": "2702", "wheel_diameter_mm": 711.0003997802734}}, {"type": "Feature", "geometry": {"type": "LineString", "coordinates": [[4.849781103502675, 52.35495763579278], [4.849682470498975, 52.35495698689031]]}, "properties": {"Speed": 18.3, "road_quality": 2, "marker": 7, "trip_id": "Febru_Trip1", "hrot_diff": 1, "sample_diff": 11, "time_diff_s": 0.22, "gps_distance_m": 6.7, "original_speed": "2727", "wheel_diameter_mm": 711.0003997802734}}, {"type": "Feature", "geometry": {"type": "LineString", "coordinates": [[4.849682470498975, 52.35495698689031], [4.849595534007859, 52.35495641493943]]}, "properties": {"Speed": 18.3, "road_quality": 2, "marker": 7, "trip_id": "Febru_Trip1", "hrot_diff": 1, "sample_diff": 11, "time_diff_s": 0.22, "gps_distance_m": 5.9, "original_speed": "2803", "wheel_diameter_mm": 711.0003997802734}}, {"type": "Feature", "geometry": {"type": "LineString", "coordinates": [[4.849595534007859, 52.35495641493943], [4.849507928109072, 52.35495583858473]]}, "properties": {"Speed": 15.5, "road_quality": 2, "marker": 7, "trip_id": "Febru_Trip1", "hrot_diff": 1, "sample_diff": 13, "time_diff_s": 0.26, "gps_distance_m": 6.0, "original_speed": "2912", "wheel_diameter_mm": 711.0003997802734}}, {"type": "Feature", "geometry": {"type": "LineString", "coordinates": [[4.849507928109072, 52.35495583858473], [4.849421631785043, 52.35495527084997]]}, "properties": {"Speed": 20.8, "road_quality": 2, "marker": 7, "trip_id": "Febru_Trip1", "hrot_diff": 3, "sample_diff": 29, "time_diff_s": 0.58, "gps_distance_m": 5.9, "original_speed": "2941", "wheel_diameter_mm": 711.0003997802734}}, {"type": "Feature", "geometry": {"type": "LineString", "coordinates": [[4.849421631785043, 52.35495527084997], [4.849330412051284, 52.3549571493481]]}, "properties": {"Speed": 18.3, "road_quality": 3, "marker": 6, "trip_id": "Febru_Trip1", "hrot_diff": 1, "sample_diff": 11, "time_diff_s": 0.22, "gps_distance_m": 6.2, "original_speed": "-1", "wheel_diameter_mm": 711.0003997802734}}, {"type": "Feature", "geometry": {"type": "LineString", "coordinates": [[4.849330412051284, 52.3549571493481], [4.849247330303316, 52.35496862168922]]}, "properties": {"Speed": 33.5, "road_quality": 3, "marker": 6, "trip_id": "Febru_Trip1", "hrot_diff": 1, "sample_diff": 6, "time_diff_s": 0.12, "gps_distance_m": 5.8, "original_speed": "-1", "wheel_diameter_mm": 711.0003997802734}}, {"type": "Feature", "geometry": {"type": "LineString", "coordinates": [[4.849247330303316, 52.35496862168922], [4.849168263810853, 52.35497507241847]]}, "properties": {"Speed": 28.7, "road_quality": 2, "marker": 7, "trip_id": "Febru_Trip1", "hrot_diff": 1, "sample_diff": 7, "time_diff_s": 0.14, "gps_distance_m": 5.4, "original_speed": "3017", "wheel_diameter_mm": 711.0003997802734}}, {"type": "Feature", "geometry": {"type": "LineString", "coordinates": [[4.849168263810853, 52.35497507241847], [4.849068398454964, 52.35497520659559]]}, "properties": {"Speed": 40, "road_quality": 2, "marker": 7, "trip_id": "Febru_Trip1", "hrot_diff": 1, "sample_diff": 5, "time_diff_s": 0.1, "gps_distance_m": 6.8, "original_speed": "2884", "wheel_diameter_mm": 711.0003997802734}}, {"type": "Feature", "geometry": {"type": "LineString", "coordinates": [[4.849068398454964, 52.35497520659559], [4.848980811337186, 52.354974306681015]]}, "properties": {"Speed": 40, "road_quality": 2, "marker": 6, "trip_id": "Febru_Trip1", "hrot_diff": 1, "sample_diff": 5, "time_diff_s": 0.1, "gps_distance_m": 5.9, "original_speed": "-1", "wheel_diameter_mm": 711.0003997802734}}, {"type": "Feature", "geometry": {"type": "LineString", "coordinates": [[4.848980811337186, 52.354974306681015], [4.848887816460882, 52.35497301464836]]}, "properties": {"Speed": 4.5, "road_quality": 2, "marker": 6, "trip_id": "Febru_Trip1", "hrot_diff": 1, "sample_diff": 45, "time_diff_s": 0.9, "gps_distance_m": 6.3, "original_speed": "-1", "wheel_diameter_mm": 711.0003997802734}}, {"type": "Feature", "geometry": {"type": "LineString", "coordinates": [[4.848887816460882, 52.35497301464836], [4.844472004322755, 52.355710357995235]]}, "properties": {"Speed": 0.1, "road_quality": 2, "marker": 7, "trip_id": "Febru_Trip1", "hrot_diff": 1, "sample_diff": 3094, "time_diff_s": 61.88, "gps_distance_m": 310.9, "original_speed": "1000", "wheel_diameter_mm": 711.0003997802734}}, {"type": "Feature", "geometry": {"type": "LineString", "coordinates": [[4.844472004322755, 52.355710357995235], [4.8444368951979335, 52.355733342215245]]}, "properties": {"Speed": 11.8, "road_quality": 2, "marker": 7, "trip_id": "Febru_Trip1", "hrot_diff": 1, "sample_diff": 17, "time_diff_s": 0.34, "gps_distance_m": 3.5, "original_speed": "16", "wheel_diameter_mm": 711.0003997802734}}, {"type": "Feature", "geometry": {"type": "LineString", "coordinates": [[4.8444368951979335, 52.355733342215245], [4.844428798241077, 52.35576593897792]]}, "properties": {"Speed": 12.6, "road_quality": 2, "marker": 7, "trip_id": "Febru_Trip1", "hrot_diff": 1, "sample_diff": 16, "time_diff_s": 0.32, "gps_distance_m": 3.7, "original_speed": "62", "wheel_diameter_mm": 711.0003997802734}}, {"type": "Feature", "geometry": {"type": "LineString", "coordinates": [[4.844428798241077, 52.35576593897792], [4.844445578618156, 52.355797779220715]]}, "properties": {"Speed": 11.2, "road_quality": 2, "marker": 7, "trip_id": "Febru_Trip1", "hrot_diff": 1, "sample_diff": 18, "time_diff_s": 0.36, "gps_distance_m": 3.7, "original_speed": "1470", "wheel_diameter_mm": 711.0003997802734}}, {"type": "Feature", "geometry": {"type": "LineString", "coordinates": [[4.844445578618156, 52.355797779220715], [4.844459713129343, 52.35582687166013]]}, "properties": {"Speed": 15.5, "road_quality": 2, "marker": 7, "trip_id": "Febru_Trip1", "hrot_diff": 1, "sample_diff": 13, "time_diff_s": 0.26, "gps_distance_m": 3.4, "original_speed": "1680", "wheel_diameter_mm": 711.0003997802734}}, {"type": "Feature", "geometry": {"type": "LineString", "coordinates": [[4.844459713129343, 52.35582687166013], [4.844470730272912, 52.35586609216577]]}, "properties": {"Speed": 16.8, "road_quality": 2, "marker": 7, "trip_id": "Febru_Trip1", "hrot_diff": 1, "sample_diff": 12, "time_diff_s": 0.24, "gps_distance_m": 4.4, "original_speed": "1886", "wheel_diameter_mm": 711.0003997802734}}, {"type": "Feature", "geometry": {"type": "LineString", "coordinates": [[4.844470730272912, 52.35586609216577], [4.844474176089911, 52.35590502065211]]}, "properties": {"Speed": 14.4, "road_quality": 2, "marker": 7, "trip_id": "Febru_Trip1", "hrot_diff": 1, "sample_diff": 14, "time_diff_s": 0.28, "gps_distance_m": 4.3, "original_speed": "1960", "wheel_diameter_mm": 711.0003997802734}}, {"type": "Feature", "geometry": {"type": "LineString", "coordinates": [[4.844474176089911, 52.35590502065211], [4.8444684784269585, 52.355944430731995]]}, "properties": {"Speed": 16.8, "road_quality": 2, "marker": 7, "trip_id": "Febru_Trip1", "hrot_diff": 1, "sample_diff": 12, "time_diff_s": 0.24, "gps_distance_m": 4.4, "original_speed": "2032", "wheel_diameter_mm": 711.0003997802734}}, {"type": "Feature", "geometry": {"type": "LineString", "coordinates": [[4.8444684784269585, 52.355944430731995], [4.844458415773658, 52.35598731792342]]}, "properties": {"Speed": 18.3, "road_quality": 2, "marker": 7, "trip_id": "Febru_Trip1", "hrot_diff": 1, "sample_diff": 11, "time_diff_s": 0.22, "gps_distance_m": 4.8, "original_speed": "2192", "wheel_diameter_mm": 711.0003997802734}}, {"type": "Feature", "geometry": {"type": "LineString", "coordinates": [[4.844458415773658, 52.35598731792342], [4.844451069383325, 52.35603127120159]]}, "properties": {"Speed": 16.8, "road_quality": 2, "marker": 7, "trip_id": "Febru_Trip1", "hrot_diff": 1, "sample_diff": 12, "time_diff_s": 0.24, "gps_distance_m": 4.9, "original_speed": "2232", "wheel_diameter_mm": 711.0003997802734}}, {"type": "Feature", "geometry": {"type": "LineString", "coordinates": [[4.844451069383325, 52.35603127120159], [4.84442492000761, 52.35607143974857]]}, "properties": {"Speed": 20.1, "road_quality": 2, "marker": 7, "trip_id": "Febru_Trip1", "hrot_diff": 1, "sample_diff": 10, "time_diff_s": 0.2, "gps_distance_m": 4.8, "original_speed": "2272", "wheel_diameter_mm": 711.0003997802734}}, {"type": "Feature", "geometry": {"type": "LineString", "coordinates": [[4.84442492000761, 52.35607143974857], [4.844368513433882, 52.35610028578575]]}, "properties": {"Speed": 18.3, "road_quality": 2, "marker": 7, "trip_id": "Febru_Trip1", "hrot_diff": 1, "sample_diff": 11, "time_diff_s": 0.22, "gps_distance_m": 5.0, "original_speed": "2293", "wheel_diameter_mm": 711.0003997802734}}, {"type": "Feature", "geometry": {"type": "LineString", "coordinates": [[4.844368513433882, 52.35610028578575], [4.844294204471822, 52.35610926289826]]}, "properties": {"Speed": 18.3, "road_quality": 2, "marker": 7, "trip_id": "Febru_Trip1", "hrot_diff": 1, "sample_diff": 11, "time_diff_s": 0.22, "gps_distance_m": 5.1, "original_speed": "2212", "wheel_diameter_mm": 711.0003997802734}}, {"type": "Feature", "geometry": {"type": "LineString", "coordinates": [[4.844294204471822, 52.35610926289826], [4.84422093157783, 52.35610473673548]]}, "properties": {"Speed": 16.8, "road_quality": 2, "marker": 7, "trip_id": "Febru_Trip1", "hrot_diff": 1, "sample_diff": 12, "time_diff_s": 0.24, "gps_distance_m": 5.0, "original_speed": "2100", "wheel_diameter_mm": 711.0003997802734}}, {"type": "Feature", "geometry": {"type": "LineString", "coordinates": [[4.84422093157783, 52.35610473673548], [4.844156858781399, 52.35610469390336]]}, "properties": {"Speed": 16.8, "road_quality": 2, "marker": 7, "trip_id": "Febru_Trip1", "hrot_diff": 1, "sample_diff": 12, "time_diff_s": 0.24, "gps_distance_m": 4.4, "original_speed": "2083", "wheel_diameter_mm": 711.0003997802734}}, {"type": "Feature", "geometry": {"type": "LineString", "coordinates": [[4.844156858781399, 52.35610469390336], [4.844099599418835, 52.35612002579654]]}, "properties": {"Speed": 16.8, "road_quality": 2, "marker": 7, "trip_id": "Febru_Trip1", "hrot_diff": 1, "sample_diff": 12, "time_diff_s": 0.24, "gps_distance_m": 4.2, "original_speed": "2100", "wheel_diameter_mm": 711.0003997802734}}, {"type": "Feature", "geometry": {"type": "LineString", "coordinates": [[4.844099599418835, 52.35612002579654], [4.8440559787811495, 52.3561502175354]]}, "properties": {"Speed": 15.5, "road_quality": 2, "marker": 7, "trip_id": "Febru_Trip1", "hrot_diff": 1, "sample_diff": 13, "time_diff_s": 0.26, "gps_distance_m": 4.5, "original_speed": "2100", "wheel_diameter_mm": 711.0003997802734}}, {"type": "Feature", "geometry": {"type": "LineString", "coordinates": [[4.8440559787811495, 52.3561502175354], [4.8440344650530625, 52.35619186653115]]}, "properties": {"Speed": 15.5, "road_quality": 2, "marker": 7, "trip_id": "Febru_Trip1", "hrot_diff": 1, "sample_diff": 13, "time_diff_s": 0.26, "gps_distance_m": 4.9, "original_speed": "2000", "wheel_diameter_mm": 711.0003997802734}}, {"type": "Feature", "geometry": {"type": "LineString", "coordinates": [[4.8440344650530625, 52.35619186653115], [4.844024825506347, 52.3562276917827]]}, "properties": {"Speed": 15.5, "road_quality": 2, "marker": 7, "trip_id": "Febru_Trip1", "hrot_diff": 1, "sample_diff": 13, "time_diff_s": 0.26, "gps_distance_m": 4.0, "original_speed": "1941", "wheel_diameter_mm": 711.0003997802734}}, {"type": "Feature", "geometry": {"type": "LineString", "coordinates": [[4.844024825506347, 52.3562276917827], [4.8440251981988265, 52.35626454983377]]}, "properties": {"Speed": 16.8, "road_quality": 2, "marker": 7, "trip_id": "Febru_Trip1", "hrot_diff": 1, "sample_diff": 12, "time_diff_s": 0.24, "gps_distance_m": 4.1, "original_speed": "1960", "wheel_diameter_mm": 711.0003997802734}}, {"type": "Feature", "geometry": {"type": "LineString", "coordinates": [[4.8440251981988265, 52.35626454983377], [4.844024909523003, 52.35629975443857]]}, "properties": {"Speed": 16.8, "road_quality": 2, "marker": 7, "trip_id": "Febru_Trip1", "hrot_diff": 1, "sample_diff": 12, "time_diff_s": 0.24, "gps_distance_m": 3.9, "original_speed": "2016", "wheel_diameter_mm": 711.0003997802734}}, {"type": "Feature", "geometry": {"type": "LineString", "coordinates": [[4.844024909523003, 52.35629975443857], [4.844019219439709, 52.35633627600359]]}, "properties": {"Speed": 16.8, "road_quality": 2, "marker": 7, "trip_id": "Febru_Trip1", "hrot_diff": 1, "sample_diff": 12, "time_diff_s": 0.24, "gps_distance_m": 4.1, "original_speed": "2016", "wheel_diameter_mm": 711.0003997802734}}, {"type": "Feature", "geometry": {"type": "LineString", "coordinates": [[4.844019219439709, 52.35633627600359], [4.843992240163171, 52.35637218958763]]}, "properties": {"Speed": 20.1, "road_quality": 2, "marker": 7, "trip_id": "Febru_Trip1", "hrot_diff": 1, "sample_diff": 10, "time_diff_s": 0.2, "gps_distance_m": 4.4, "original_speed": "2032", "wheel_diameter_mm": 711.0003997802734}}, {"type": "Feature", "geometry": {"type": "LineString", "coordinates": [[4.843992240163171, 52.35637218958763], [4.843933254336068, 52.356389817915016]]}, "properties": {"Speed": 15.5, "road_quality": 2, "marker": 7, "trip_id": "Febru_Trip1", "hrot_diff": 1, "sample_diff": 13, "time_diff_s": 0.26, "gps_distance_m": 4.5, "original_speed": "2016", "wheel_diameter_mm": 711.0003997802734}}, {"type": "Feature", "geometry": {"type": "LineString", "coordinates": [[4.843933254336068, 52.356389817915016], [4.843868158775719, 52.356388390404234]]}, "properties": {"Speed": 16.8, "road_quality": 2, "marker": 7, "trip_id": "Febru_Trip1", "hrot_diff": 1, "sample_diff": 12, "time_diff_s": 0.24, "gps_distance_m": 4.4, "original_speed": "1980", "wheel_diameter_mm": 711.0003997802734}}, {"type": "Feature", "geometry": {"type": "LineString", "coordinates": [[4.843868158775719, 52.356388390404234], [4.843800039084506, 52.35638186840491]]}, "properties": {"Speed": 22.3, "road_quality": 2, "marker": 7, "trip_id": "Febru_Trip1", "hrot_diff": 1, "sample_diff": 9, "time_diff_s": 0.18, "gps_distance_m": 4.7, "original_speed": "2066", "wheel_diameter_mm": 711.0003997802734}}, {"type": "Feature", "geometry": {"type": "LineString", "coordinates": [[4.843800039084506, 52.35638186840491], [4.843722149202985, 52.356379013323476]]}, "properties": {"Speed": 16.8, "road_quality": 2, "marker": 7, "trip_id": "Febru_Trip1", "hrot_diff": 1, "sample_diff": 12, "time_diff_s": 0.24, "gps_distance_m": 5.3, "original_speed": "2403", "wheel_diameter_mm": 711.0003997802734}}, {"type": "Feature", "geometry": {"type": "LineString", "coordinates": [[4.843722149202985, 52.356379013323476], [4.840811304594401, 52.356532942416614]]}, "properties": {"Speed": 0.1, "road_quality": 2, "marker": 7, "trip_id": "Febru_Trip1", "hrot_diff": 1, "sample_diff": 1606, "time_diff_s": 32.12, "gps_distance_m": 198.4, "original_speed": "2521", "wheel_diameter_mm": 711.0003997802734}}, {"type": "Feature", "geometry": {"type": "LineString", "coordinates": [[4.840811304594401, 52.356532942416614], [4.827651235743755, 52.35630561912138]]}, "properties": {"Speed": 0.0, "road_quality": 2, "marker": 7, "trip_id": "Febru_Trip1", "hrot_diff": 1, "sample_diff": 7600, "time_diff_s": 152.0, "gps_distance_m": 894.1, "original_speed": "31", "wheel_diameter_mm": 711.0003997802734}}, {"type": "Feature", "geometry": {"type": "LineString", "coordinates": [[4.827651235743755, 52.35630561912138], [4.827599475699119, 52.356324565040985]]}, "properties": {"Speed": 10.6, "road_quality": 2, "marker": 7, "trip_id": "Febru_Trip1", "hrot_diff": 1, "sample_diff": 19, "time_diff_s": 0.38, "gps_distance_m": 4.1, "original_speed": "6", "wheel_diameter_mm": 711.0003997802734}}, {"type": "Feature", "geometry": {"type": "LineString", "coordinates": [[4.827599475699119, 52.356324565040985], [4.82756187904172, 52.35634471701517]]}, "properties": {"Speed": 11.8, "road_quality": 2, "marker": 7, "trip_id": "Febru_Trip1", "hrot_diff": 1, "sample_diff": 17, "time_diff_s": 0.34, "gps_distance_m": 3.4, "original_speed": "1694", "wheel_diameter_mm": 711.0003997802734}}, {"type": "Feature", "geometry": {"type": "LineString", "coordinates": [[4.82756187904172, 52.35634471701517], [4.827532572590573, 52.356361401598264]]}, "properties": {"Speed": 10.1, "road_quality": 2, "marker": 7, "trip_id": "Febru_Trip1", "hrot_diff": 1, "sample_diff": 20, "time_diff_s": 0.4, "gps_distance_m": 2.7, "original_speed": "1428", "wheel_diameter_mm": 711.0003997802734}}, {"type": "Feature", "geometry": {"type": "LineString", "coordinates": [[4.827532572590573, 52.356361401598264], [4.827502453865527, 52.35636717143719]]}, "properties": {"Speed": 5.3, "road_quality": 2, "marker": 7, "trip_id": "Febru_Trip1", "hrot_diff": 1, "sample_diff": 38, "time_diff_s": 0.76, "gps_distance_m": 2.1, "original_speed": "1127", "wheel_diameter_mm": 711.0003997802734}}, {"type": "Feature", "geometry": {"type": "LineString", "coordinates": [[4.827502453865527, 52.35636717143719], [4.827487275517325, 52.35636211422774]]}, "properties": {"Speed": 0.4, "road_quality": 2, "marker": 7, "trip_id": "Febru_Trip1", "hrot_diff": 1, "sample_diff": 548, "time_diff_s": 10.96, "gps_distance_m": 1.2, "original_speed": "793", "wheel_diameter_mm": 711.0003997802734}}, {"type": "Feature", "geometry": {"type": "LineString", "coordinates": [[4.827487275517325, 52.35636211422774], [4.827464105423083, 52.35636227032033]]}, "properties": {"Speed": 7.4, "road_quality": 2, "marker": 7, "trip_id": "Febru_Trip1", "hrot_diff": 1, "sample_diff": 27, "time_diff_s": 0.54, "gps_distance_m": 1.6, "original_speed": "158", "wheel_diameter_mm": 711.0003997802734}}, {"type": "Feature", "geometry": {"type": "LineString", "coordinates": [[4.827464105423083, 52.35636227032033], [4.82742342663163, 52.35636617108614]]}, "properties": {"Speed": 16.8, "road_quality": 2, "marker": 7, "trip_id": "Febru_Trip1", "hrot_diff": 1, "sample_diff": 12, "time_diff_s": 0.24, "gps_distance_m": 2.8, "original_speed": "1041", "wheel_diameter_mm": 711.0003997802734}}, {"type": "Feature", "geometry": {"type": "LineString", "coordinates": [[4.82742342663163, 52.35636617108614], [4.827367841412001, 52.35636767489844]]}, "properties": {"Speed": 13.4, "road_quality": 2, "marker": 7, "trip_id": "Febru_Trip1", "hrot_diff": 1, "sample_diff": 15, "time_diff_s": 0.3, "gps_distance_m": 3.8, "original_speed": "1550", "wheel_diameter_mm": 711.0003997802734}}, {"type": "Feature", "geometry": {"type": "LineString", "coordinates": [[4.827367841412001, 52.35636767489844], [4.827296334567874, 52.356361589174604]]}, "properties": {"Speed": 22.3, "road_quality": 2, "marker": 7, "trip_id": "Febru_Trip1", "hrot_diff": 1, "sample_diff": 9, "time_diff_s": 0.18, "gps_distance_m": 4.9, "original_speed": "2066", "wheel_diameter_mm": 711.0003997802734}}, {"type": "Feature", "geometry": {"type": "LineString", "coordinates": [[4.827296334567874, 52.356361589174604], [4.827223284724637, 52.35635876510872]]}, "properties": {"Speed": 18.3, "road_quality": 2, "marker": 7, "trip_id": "Febru_Trip1", "hrot_diff": 1, "sample_diff": 11, "time_diff_s": 0.22, "gps_distance_m": 5.0, "original_speed": "2427", "wheel_diameter_mm": 711.0003997802734}}, {"type": "Feature", "geometry": {"type": "LineString", "coordinates": [[4.827223284724637, 52.35635876510872], [4.827134364155954, 52.35635717286422]]}, "properties": {"Speed": 15.5, "road_quality": 2, "marker": 7, "trip_id": "Febru_Trip1", "hrot_diff": 1, "sample_diff": 13, "time_diff_s": 0.26, "gps_distance_m": 6.0, "original_speed": "2542", "wheel_diameter_mm": 711.0003997802734}}, {"type": "Feature", "geometry": {"type": "LineString", "coordinates": [[4.827134364155954, 52.35635717286422], [4.827056020183759, 52.35634203413563]]}, "properties": {"Speed": 16.8, "road_quality": 2, "marker": 7, "trip_id": "Febru_Trip1", "hrot_diff": 1, "sample_diff": 12, "time_diff_s": 0.24, "gps_distance_m": 5.6, "original_speed": "2654", "wheel_diameter_mm": 711.0003997802734}}, {"type": "Feature", "geometry": {"type": "LineString", "coordinates": [[4.827056020183759, 52.35634203413563], [4.826986135131645, 52.35631232275582]]}, "properties": {"Speed": 25.1, "road_quality": 2, "marker": 7, "trip_id": "Febru_Trip1", "hrot_diff": 1, "sample_diff": 8, "time_diff_s": 0.16, "gps_distance_m": 5.8, "original_speed": "2586", "wheel_diameter_mm": 711.0003997802734}}, {"type": "Feature", "geometry": {"type": "LineString", "coordinates": [[4.826986135131645, 52.35631232275582], [4.826919488111802, 52.356286675484945]]}, "properties": {"Speed": 16.8, "road_quality": 2, "marker": 7, "trip_id": "Febru_Trip1", "hrot_diff": 1, "sample_diff": 12, "time_diff_s": 0.24, "gps_distance_m": 5.3, "original_speed": "2654", "wheel_diameter_mm": 711.0003997802734}}, {"type": "Feature", "geometry": {"type": "LineString", "coordinates": [[4.826919488111802, 52.356286675484945], [4.8268378183618, 52.356277881425484]]}, "properties": {"Speed": 16.8, "road_quality": 2, "marker": 7, "trip_id": "Febru_Trip1", "hrot_diff": 1, "sample_diff": 12, "time_diff_s": 0.24, "gps_distance_m": 5.6, "original_speed": "2631", "wheel_diameter_mm": 711.0003997802734}}, {"type": "Feature", "geometry": {"type": "LineString", "coordinates": [[4.8268378183618, 52.356277881425484], [4.826759116653079, 52.356278947224595]]}, "properties": {"Speed": 25.1, "road_quality": 2, "marker": 7, "trip_id": "Febru_Trip1", "hrot_diff": 1, "sample_diff": 8, "time_diff_s": 0.16, "gps_distance_m": 5.3, "original_speed": "2608", "wheel_diameter_mm": 711.0003997802734}}, {"type": "Feature", "geometry": {"type": "LineString", "coordinates": [[4.826759116653079, 52.356278947224595], [4.826673882172954, 52.35627651865878]]}, "properties": {"Speed": 16.8, "road_quality": 2, "marker": 7, "trip_id": "Febru_Trip1", "hrot_diff": 1, "sample_diff": 12, "time_diff_s": 0.24, "gps_distance_m": 5.8, "original_speed": "2654", "wheel_diameter_mm": 711.0003997802734}}, {"type": "Feature", "geometry": {"type": "LineString", "coordinates": [[4.826673882172954, 52.35627651865878], [4.826590757886745, 52.35626407605141]]}, "properties": {"Speed": 18.3, "road_quality": 2, "marker": 7, "trip_id": "Febru_Trip1", "hrot_diff": 1, "sample_diff": 11, "time_diff_s": 0.22, "gps_distance_m": 5.8, "original_speed": "2702", "wheel_diameter_mm": 711.0003997802734}}, {"type": "Feature", "geometry": {"type": "LineString", "coordinates": [[4.826590757886745, 52.35626407605141], [4.826504968543916, 52.35625422806236]]}, "properties": {"Speed": 25.1, "road_quality": 2, "marker": 7, "trip_id": "Febru_Trip1", "hrot_diff": 1, "sample_diff": 8, "time_diff_s": 0.16, "gps_distance_m": 5.9, "original_speed": "2678", "wheel_diameter_mm": 711.0003997802734}}, {"type": "Feature", "geometry": {"type": "LineString", "coordinates": [[4.826504968543916, 52.35625422806236], [4.8264302341235865, 52.356243330065595]]}, "properties": {"Speed": 18.3, "road_quality": 2, "marker": 7, "trip_id": "Febru_Trip1", "hrot_diff": 1, "sample_diff": 11, "time_diff_s": 0.22, "gps_distance_m": 5.2, "original_speed": "2654", "wheel_diameter_mm": 711.0003997802734}}, {"type": "Feature", "geometry": {"type": "LineString", "coordinates": [[4.8264302341235865, 52.356243330065595], [4.826346569045958, 52.356242947565434]]}, "properties": {"Speed": 14.4, "road_quality": 2, "marker": 7, "trip_id": "Febru_Trip1", "hrot_diff": 1, "sample_diff": 14, "time_diff_s": 0.28, "gps_distance_m": 5.7, "original_speed": "2608", "wheel_diameter_mm": 711.0003997802734}}, {"type": "Feature", "geometry": {"type": "LineString", "coordinates": [[4.826346569045958, 52.356242947565434], [4.826267080679747, 52.35624476232119]]}, "properties": {"Speed": 21.5, "road_quality": 2, "marker": 7, "trip_id": "Febru_Trip1", "hrot_diff": 3, "sample_diff": 28, "time_diff_s": 0.56, "gps_distance_m": 5.4, "original_speed": "2654", "wheel_diameter_mm": 711.0003997802734}}, {"type": "Feature", "geometry": {"type": "LineString", "coordinates": [[4.8073908889978645, 52.35369062592885], [4.807339325152529, 52.35368881522904]]}, "properties": {"Speed": 18.3, "road_quality": 2, "marker": 3, "trip_id": "Febru_Trip1", "hrot_diff": 1, "sample_diff": 11, "time_diff_s": 0.22, "gps_distance_m": 3.5, "original_speed": "0", "wheel_diameter_mm": 711.0003997802734}}, {"type": "Feature", "geometry": {"type": "LineString", "coordinates": [[4.807339325152529, 52.35368881522904], [4.8072988352125945, 52.353708097656266]]}, "properties": {"Speed": 10.3, "road_quality": 2, "marker": 7, "trip_id": "Febru_Trip1", "hrot_diff": 1, "sample_diff": 20, "time_diff_s": 0.391, "gps_distance_m": 3.5, "original_speed": "14", "wheel_diameter_mm": 711.0003997802734}}, {"type": "Feature", "geometry": {"type": "LineString", "coordinates": [[4.8072988352125945, 52.353708097656266], [4.807275616884779, 52.35373691680044]]}, "properties": {"Speed": 11.8, "road_quality": 2, "marker": 7, "trip_id": "Febru_Trip1", "hrot_diff": 1, "sample_diff": 17, "time_diff_s": 0.34, "gps_distance_m": 3.6, "original_speed": "1526", "wheel_diameter_mm": 711.0003997802734}}, {"type": "Feature", "geometry": {"type": "LineString", "coordinates": [[4.807275616884779, 52.35373691680044], [4.807250965696011, 52.353764557975815]]}, "properties": {"Speed": 16.8, "road_quality": 2, "marker": 7, "trip_id": "Febru_Trip1", "hrot_diff": 1, "sample_diff": 12, "time_diff_s": 0.24, "gps_distance_m": 3.5, "original_speed": "1600", "wheel_diameter_mm": 711.0003997802734}}, {"type": "Feature", "geometry": {"type": "LineString", "coordinates": [[4.807250965696011, 52.353764557975815], [4.807218172319667, 52.3537925879118]]}, "properties": {"Speed": 20.1, "road_quality": 2, "marker": 7, "trip_id": "Febru_Trip1", "hrot_diff": 1, "sample_diff": 10, "time_diff_s": 0.2, "gps_distance_m": 3.8, "original_speed": "2000", "wheel_diameter_mm": 711.0003997802734}}, {"type": "Feature", "geometry": {"type": "LineString", "coordinates": [[4.807218172319667, 52.3537925879118], [4.807182180016046, 52.35383283179472]]}, "properties": {"Speed": 16.8, "road_quality": 2, "marker": 7, "trip_id": "Febru_Trip1", "hrot_diff": 1, "sample_diff": 12, "time_diff_s": 0.24, "gps_distance_m": 5.1, "original_speed": "2403", "wheel_diameter_mm": 711.0003997802734}}, {"type": "Feature", "geometry": {"type": "LineString", "coordinates": [[4.807182180016046, 52.35383283179472], [4.807154616897611, 52.35388035571663]]}, "properties": {"Speed": 18.3, "road_quality": 3, "marker": 7, "trip_id": "Febru_Trip1", "hrot_diff": 1, "sample_diff": 11, "time_diff_s": 0.22, "gps_distance_m": 5.6, "original_speed": "2702", "wheel_diameter_mm": 711.0003997802734}}, {"type": "Feature", "geometry": {"type": "LineString", "coordinates": [[4.807154616897611, 52.35388035571663], [4.807125903907463, 52.35393856070992]]}, "properties": {"Speed": 17.3, "road_quality": 3, "marker": 7, "trip_id": "Febru_Trip1", "hrot_diff": 5, "sample_diff": 58, "time_diff_s": 1.16, "gps_distance_m": 6.8, "original_speed": "2941", "wheel_diameter_mm": 711.0003997802734}}, {"type": "Feature", "geometry": {"type": "LineString", "coordinates": [[4.807125903907463, 52.35393856070992], [4.807100939871214, 52.354004349167866]]}, "properties": {"Speed": 7.7, "road_quality": 3, "marker": 6, "trip_id": "Febru_Trip1", "hrot_diff": 1, "sample_diff": 26, "time_diff_s": 0.52, "gps_distance_m": 7.5, "original_speed": "-1", "wheel_diameter_mm": 711.0003997802734}}, {"type": "Feature", "geometry": {"type": "LineString", "coordinates": [[4.807100939871214, 52.354004349167866], [4.807068349973558, 52.35406454263213]]}, "properties": {"Speed": 40, "road_quality": 3, "marker": 6, "trip_id": "Febru_Trip1", "hrot_diff": 1, "sample_diff": 5, "time_diff_s": 0.1, "gps_distance_m": 7.0, "original_speed": "-1", "wheel_diameter_mm": 711.0003997802734}}, {"type": "Feature", "geometry": {"type": "LineString", "coordinates": [[4.807068349973558, 52.35406454263213], [4.807043702792789, 52.35412291757137]]}, "properties": {"Speed": 10.2, "road_quality": 2, "marker": 6, "trip_id": "Febru_Trip1", "hrot_diff": 3, "sample_diff": 59, "time_diff_s": 1.18, "gps_distance_m": 6.7, "original_speed": "-1", "wheel_diameter_mm": 711.0003997802734}}, {"type": "Feature", "geometry": {"type": "LineString", "coordinates": [[4.807043702792789, 52.35412291757137], [4.807018463155275, 52.35418013428182]]}, "properties": {"Speed": 4.6, "road_quality": 2, "marker": 6, "trip_id": "Febru_Trip1", "hrot_diff": 1, "sample_diff": 44, "time_diff_s": 0.88, "gps_distance_m": 6.6, "original_speed": "-1", "wheel_diameter_mm": 711.0003997802734}}, {"type": "Feature", "geometry": {"type": "LineString", "coordinates": [[4.807018463155275, 52.35418013428182], [4.80699199104479, 52.35423642981874]]}, "properties": {"Speed": 13.1, "road_quality": 2, "marker": 6, "trip_id": "Febru_Trip1", "hrot_diff": 3, "sample_diff": 46, "time_diff_s": 0.92, "gps_distance_m": 6.5, "original_speed": "-1", "wheel_diameter_mm": 711.0003997802734}}, {"type": "Feature", "geometry": {"type": "LineString", "coordinates": [[4.80699199104479, 52.35423642981874], [4.806967054159721, 52.35428967703256]]}, "properties": {"Speed": 15.5, "road_quality": 2, "marker": 6, "trip_id": "Febru_Trip1", "hrot_diff": 1, "sample_diff": 13, "time_diff_s": 0.26, "gps_distance_m": 6.2, "original_speed": "-1", "wheel_diameter_mm": 711.0003997802734}}, {"type": "Feature", "geometry": {"type": "LineString", "coordinates": [[4.806967054159721, 52.35428967703256], [4.80694416943959, 52.354341361469906]]}, "properties": {"Speed": 18.3, "road_quality": 2, "marker": 6, "trip_id": "Febru_Trip1", "hrot_diff": 1, "sample_diff": 11, "time_diff_s": 0.22, "gps_distance_m": 6.0, "original_speed": "-1", "wheel_diameter_mm": 711.0003997802734}}, {"type": "Feature", "geometry": {"type": "LineString", "coordinates": [[4.80694416943959, 52.354341361469906], [4.806926612037101, 52.35438743079623]]}, "properties": {"Speed": 18.3, "road_quality": 2, "marker": 7, "trip_id": "Febru_Trip1", "hrot_diff": 1, "sample_diff": 11, "time_diff_s": 0.22, "gps_distance_m": 5.3, "original_speed": "2500", "wheel_diameter_mm": 711.0003997802734}}, {"type": "Feature", "geometry": {"type": "LineString", "coordinates": [[4.806926612037101, 52.35438743079623], [4.806904564857593, 52.354428646377194]]}, "properties": {"Speed": 15.5, "road_quality": 2, "marker": 7, "trip_id": "Febru_Trip1", "hrot_diff": 1, "sample_diff": 13, "time_diff_s": 0.26, "gps_distance_m": 4.8, "original_speed": "2314", "wheel_diameter_mm": 711.0003997802734}}, {"type": "Feature", "geometry": {"type": "LineString", "coordinates": [[4.806904564857593, 52.354428646377194], [4.806884680390357, 52.35446492952232]]}, "properties": {"Speed": 20.1, "road_quality": 2, "marker": 7, "trip_id": "Febru_Trip1", "hrot_diff": 1, "sample_diff": 10, "time_diff_s": 0.2, "gps_distance_m": 4.3, "original_speed": "2100", "wheel_diameter_mm": 711.0003997802734}}, {"type": "Feature", "geometry": {"type": "LineString", "coordinates": [[4.806884680390357, 52.35446492952232], [4.806861717649601, 52.35449961398149]]}, "properties": {"Speed": 16.8, "road_quality": 2, "marker": 7, "trip_id": "Febru_Trip1", "hrot_diff": 1, "sample_diff": 12, "time_diff_s": 0.24, "gps_distance_m": 4.2, "original_speed": "1923", "wheel_diameter_mm": 711.0003997802734}}, {"type": "Feature", "geometry": {"type": "LineString", "coordinates": [[4.806861717649601, 52.35449961398149], [4.806839378817544, 52.35453025336962]]}, "properties": {"Speed": 14.4, "road_quality": 2, "marker": 7, "trip_id": "Febru_Trip1", "hrot_diff": 1, "sample_diff": 14, "time_diff_s": 0.28, "gps_distance_m": 3.7, "original_speed": "1886", "wheel_diameter_mm": 711.0003997802734}}, {"type": "Feature", "geometry": {"type": "LineString", "coordinates": [[4.806839378817544, 52.35453025336962], [4.806820075696548, 52.354559165137424]]}, "properties": {"Speed": 20.1, "road_quality": 2, "marker": 7, "trip_id": "Febru_Trip1", "hrot_diff": 1, "sample_diff": 10, "time_diff_s": 0.2, "gps_distance_m": 3.5, "original_speed": "1769", "wheel_diameter_mm": 711.0003997802734}}, {"type": "Feature", "geometry": {"type": "LineString", "coordinates": [[4.806820075696548, 52.354559165137424], [4.806803983284342, 52.35459568988789]]}, "properties": {"Speed": 13.4, "road_quality": 2, "marker": 7, "trip_id": "Febru_Trip1", "hrot_diff": 1, "sample_diff": 15, "time_diff_s": 0.3, "gps_distance_m": 4.2, "original_speed": "1968", "wheel_diameter_mm": 711.0003997802734}}, {"type": "Feature", "geometry": {"type": "LineString", "coordinates": [[4.806803983284342, 52.35459568988789], [4.806786549562141, 52.354630497390964]]}, "properties": {"Speed": 16.8, "road_quality": 2, "marker": 7, "trip_id": "Febru_Trip1", "hrot_diff": 1, "sample_diff": 12, "time_diff_s": 0.24, "gps_distance_m": 4.0, "original_speed": "1886", "wheel_diameter_mm": 711.0003997802734}}, {"type": "Feature", "geometry": {"type": "LineString", "coordinates": [[4.806786549562141, 52.354630497390964], [4.806772687934529, 52.3546641893556]]}, "properties": {"Speed": 15.5, "road_quality": 2, "marker": 7, "trip_id": "Febru_Trip1", "hrot_diff": 1, "sample_diff": 13, "time_diff_s": 0.26, "gps_distance_m": 3.9, "original_speed": "1960", "wheel_diameter_mm": 711.0003997802734}}, {"type": "Feature", "geometry": {"type": "LineString", "coordinates": [[4.806772687934529, 52.3546641893556], [4.8067553711082835, 52.35469896301713]]}, "properties": {"Speed": 14.4, "road_quality": 2, "marker": 7, "trip_id": "Febru_Trip1", "hrot_diff": 1, "sample_diff": 14, "time_diff_s": 0.28, "gps_distance_m": 4.0, "original_speed": "1923", "wheel_diameter_mm": 711.0003997802734}}, {"type": "Feature", "geometry": {"type": "LineString", "coordinates": [[4.8067553711082835, 52.35469896301713], [4.806738946141607, 52.35473514406615]]}, "properties": {"Speed": 16.8, "road_quality": 2, "marker": 7, "trip_id": "Febru_Trip1", "hrot_diff": 1, "sample_diff": 12, "time_diff_s": 0.24, "gps_distance_m": 4.2, "original_speed": "2066", "wheel_diameter_mm": 711.0003997802734}}, {"type": "Feature", "geometry": {"type": "LineString", "coordinates": [[4.806738946141607, 52.35473514406615], [4.806715666478251, 52.35477328262724]]}, "properties": {"Speed": 16.8, "road_quality": 2, "marker": 7, "trip_id": "Febru_Trip1", "hrot_diff": 1, "sample_diff": 12, "time_diff_s": 0.24, "gps_distance_m": 4.5, "original_speed": "2083", "wheel_diameter_mm": 711.0003997802734}}, {"type": "Feature", "geometry": {"type": "LineString", "coordinates": [[4.806715666478251, 52.35477328262724], [4.806685523806679, 52.35480766298877]]}, "properties": {"Speed": 15.5, "road_quality": 2, "marker": 7, "trip_id": "Febru_Trip1", "hrot_diff": 1, "sample_diff": 13, "time_diff_s": 0.26, "gps_distance_m": 4.3, "original_speed": "2100", "wheel_diameter_mm": 711.0003997802734}}, {"type": "Feature", "geometry": {"type": "LineString", "coordinates": [[4.806685523806679, 52.35480766298877], [4.806640986449563, 52.354834078836916]]}, "properties": {"Speed": 13.4, "road_quality": 2, "marker": 7, "trip_id": "Febru_Trip1", "hrot_diff": 1, "sample_diff": 15, "time_diff_s": 0.3, "gps_distance_m": 4.2, "original_speed": "2016", "wheel_diameter_mm": 711.0003997802734}}, {"type": "Feature", "geometry": {"type": "LineString", "coordinates": [[4.806640986449563, 52.354834078836916], [4.8065864234088655, 52.35484517577302]]}, "properties": {"Speed": 10.6, "road_quality": 2, "marker": 7, "trip_id": "Febru_Trip1", "hrot_diff": 1, "sample_diff": 19, "time_diff_s": 0.38, "gps_distance_m": 3.9, "original_speed": "1785", "wheel_diameter_mm": 711.0003997802734}}, {"type": "Feature", "geometry": {"type": "LineString", "coordinates": [[4.8065864234088655, 52.35484517577302], [4.806538004771985, 52.35483695101812]]}, "properties": {"Speed": 13.4, "road_quality": 2, "marker": 7, "trip_id": "Febru_Trip1", "hrot_diff": 1, "sample_diff": 15, "time_diff_s": 0.3, "gps_distance_m": 3.4, "original_speed": "1485", "wheel_diameter_mm": 711.0003997802734}}, {"type": "Feature", "geometry": {"type": "LineString", "coordinates": [[4.806538004771985, 52.35483695101812], [4.8064923868831135, 52.354819498225716]]}, "properties": {"Speed": 16.8, "road_quality": 2, "marker": 7, "trip_id": "Febru_Trip1", "hrot_diff": 1, "sample_diff": 12, "time_diff_s": 0.24, "gps_distance_m": 3.7, "original_speed": "1739", "wheel_diameter_mm": 711.0003997802734}}, {"type": "Feature", "geometry": {"type": "LineString", "coordinates": [[4.8064923868831135, 52.354819498225716], [4.806440156105062, 52.354810313714474]]}, "properties": {"Speed": 14.4, "road_quality": 2, "marker": 7, "trip_id": "Febru_Trip1", "hrot_diff": 1, "sample_diff": 14, "time_diff_s": 0.28, "gps_distance_m": 3.7, "original_speed": "1834", "wheel_diameter_mm": 711.0003997802734}}, {"type": "Feature", "geometry": {"type": "LineString", "coordinates": [[4.806440156105062, 52.354810313714474], [4.806385416800254, 52.35480741251541]]}, "properties": {"Speed": 15.5, "road_quality": 2, "marker": 7, "trip_id": "Febru_Trip1", "hrot_diff": 1, "sample_diff": 13, "time_diff_s": 0.26, "gps_distance_m": 3.7, "original_speed": "1754", "wheel_diameter_mm": 711.0003997802734}}, {"type": "Feature", "geometry": {"type": "LineString", "coordinates": [[4.806385416800254, 52.35480741251541], [4.806338903836773, 52.35480133163301]]}, "properties": {"Speed": 10.6, "road_quality": 2, "marker": 7, "trip_id": "Febru_Trip1", "hrot_diff": 1, "sample_diff": 19, "time_diff_s": 0.38, "gps_distance_m": 3.2, "original_speed": "1709", "wheel_diameter_mm": 711.0003997802734}}, {"type": "Feature", "geometry": {"type": "LineString", "coordinates": [[4.806338903836773, 52.35480133163301], [4.806296373204151, 52.354790787911014]]}, "properties": {"Speed": 10.6, "road_quality": 2, "marker": 7, "trip_id": "Febru_Trip1", "hrot_diff": 1, "sample_diff": 19, "time_diff_s": 0.38, "gps_distance_m": 3.1, "original_speed": "1415", "wheel_diameter_mm": 711.0003997802734}}, {"type": "Feature", "geometry": {"type": "LineString", "coordinates": [[4.806296373204151, 52.354790787911014], [4.806261505034702, 52.354784308749046]]}, "properties": {"Speed": 9.1, "road_quality": 2, "marker": 7, "trip_id": "Febru_Trip1", "hrot_diff": 1, "sample_diff": 22, "time_diff_s": 0.44, "gps_distance_m": 2.5, "original_speed": "1282", "wheel_diameter_mm": 711.0003997802734}}, {"type": "Feature", "geometry": {"type": "LineString", "coordinates": [[4.806261505034702, 52.354784308749046], [4.806232016515137, 52.35478768586628]]}, "properties": {"Speed": 7.7, "road_quality": 2, "marker": 7, "trip_id": "Febru_Trip1", "hrot_diff": 1, "sample_diff": 26, "time_diff_s": 0.52, "gps_distance_m": 2.0, "original_speed": "1153", "wheel_diameter_mm": 711.0003997802734}}, {"type": "Feature", "geometry": {"type": "LineString", "coordinates": [[4.806232016515137, 52.35478768586628], [4.806214466661573, 52.35478899865929]]}, "properties": {"Speed": 8.0, "road_quality": 2, "marker": 7, "trip_id": "Febru_Trip1", "hrot_diff": 1, "sample_diff": 25, "time_diff_s": 0.5, "gps_distance_m": 1.2, "original_speed": "934", "wheel_diameter_mm": 711.0003997802734}}, {"type": "Feature", "geometry": {"type": "LineString", "coordinates": [[4.806214466661573, 52.35478899865929], [4.806209353527716, 52.354797437490056]]}, "properties": {"Speed": 1.0, "road_quality": 2, "marker": 7, "trip_id": "Febru_Trip1", "hrot_diff": 1, "sample_diff": 196, "time_diff_s": 3.92, "gps_distance_m": 1.0, "original_speed": "806", "wheel_diameter_mm": 711.0003997802734}}, {"type": "Feature", "geometry": {"type": "LineString", "coordinates": [[4.806209353527716, 52.354797437490056], [4.806209606200553, 52.35479577427678]]}, "properties": {"Speed": 0.7, "road_quality": 2, "marker": 7, "trip_id": "Febru_Trip1", "hrot_diff": 1, "sample_diff": 276, "time_diff_s": 5.52, "gps_distance_m": 0.2, "original_speed": "420", "wheel_diameter_mm": 711.0003997802734}}]}